scheme,scn_id,fault_bus,fault_type,r_fault,load_lvl,pv_pen,hpt_bus,survive,iq,reactive,Vn,limit,kvar,gate,recover,frt_pass,v_load,vdc_min,vdc_max,se_d,connect,Vp,se_q,iq_ref
B4,0,3,sym3ph,30.0,1.0,0.6,7,True,0.0128,True,0.0,True,5.1013,normal,True,True,0.939,0.9358,1.0,0.0281,True,0.939,-0.0194,0.0
B4,0,3,sym3ph,30.0,1.0,0.6,14,True,0.0131,True,0.0,True,5.2341,normal,True,True,0.9132,0.931,1.0,0.0293,True,0.9132,-0.0243,0.0
B4,0,3,sym3ph,30.0,1.0,0.6,25,True,0.0126,True,0.0,True,5.0211,normal,True,True,0.9551,0.9406,1.0,0.0268,True,0.9551,-0.0149,0.0
B4,0,3,sym3ph,30.0,1.0,0.6,30,True,0.0129,True,0.0,True,5.1769,normal,True,True,0.9202,0.9317,1.0,0.0292,True,0.9202,-0.0233,0.0
B4,1,22,sym3ph,0.3,1.0,0.3,7,True,0.0129,True,0.0,True,5.1474,normal,True,True,0.9291,0.9334,1.0,0.0288,True,0.9291,-0.0216,0.0
B4,1,22,sym3ph,0.3,1.0,0.3,14,True,0.228,False,0.0,True,91.211,sym,True,False,0.9099,0.8437,1.0,0.0239,True,0.8987,-0.1813,0.0019
B4,1,22,sym3ph,0.3,1.0,0.3,25,True,0.0126,True,0.0,True,5.0441,normal,True,True,0.9486,0.9386,1.0,0.0273,True,0.9486,-0.0168,0.0
B4,1,22,sym3ph,0.3,1.0,0.3,30,True,0.0133,True,0.0,True,5.31,normal,True,True,0.9071,0.9308,1.0,0.0293,True,0.9071,-0.0246,0.0
B4,2,6,sym3ph,30.0,1.0,0.0,7,True,0.2379,False,0.0,True,95.1661,sym,True,False,0.889,0.8561,1.0,0.0155,True,0.8817,-0.1856,0.0274
B4,2,6,sym3ph,30.0,1.0,0.0,14,True,0.2591,False,0.0,True,103.6325,sym,True,False,0.8458,0.8788,1.0,-0.0046,True,0.8458,-0.1935,0.0812
B4,2,6,sym3ph,30.0,1.0,0.0,25,True,0.0126,True,0.0,True,5.0335,normal,True,True,0.9512,0.9394,1.0,0.0271,True,0.9512,-0.0161,0.0
B4,2,6,sym3ph,30.0,1.0,0.0,30,True,0.2535,False,0.0,True,101.4027,sym,True,False,0.8572,0.8771,1.0,0.0018,True,0.8564,-0.1917,0.0654
B4,3,6,sym3ph,30.0,0.7,0.0,7,True,0.2281,False,0.0,True,91.2284,sym,True,False,0.9099,0.8437,1.0,0.0239,True,0.8986,-0.1813,0.0021
B4,3,6,sym3ph,30.0,0.7,0.0,14,True,0.242,False,0.0,True,96.7895,sym,True,False,0.8809,0.861,1.0,0.0122,True,0.8752,-0.1875,0.0373
B4,3,6,sym3ph,30.0,0.7,0.0,25,True,0.0127,True,0.0,True,5.081,normal,True,True,0.9608,0.9425,1.0,0.0263,True,0.9608,-0.0131,0.0
B4,3,6,sym3ph,30.0,0.7,0.0,30,True,0.238,False,0.0,True,95.2037,sym,True,False,0.8888,0.8563,1.0,0.0154,True,0.8816,-0.1856,0.0276
B4,4,9,sym3ph,3.0,0.7,0.3,7,True,0.27,True,0.0,True,108.0,sym,True,True,0.6593,0.8674,1.0,-0.0171,True,0.6593,-0.1998,0.3
B4,4,9,sym3ph,3.0,0.7,0.3,14,True,0.27,True,0.0,True,108.0,sym,True,True,0.3458,0.803,1.0,0.0174,True,0.3376,-0.1999,0.3
B4,4,9,sym3ph,3.0,0.7,0.3,25,True,0.0131,True,0.0,True,5.2593,normal,True,True,0.9106,0.9308,1.0,0.0294,True,0.9106,-0.0245,0.0
B4,4,9,sym3ph,3.0,0.7,0.3,30,True,0.27,True,0.0,True,108.0,sym,True,True,0.682,0.8685,1.0,-0.0225,True,0.682,-0.1997,0.3
B4,5,30,sym3ph,0.3,0.7,0.3,7,True,0.27,True,0.0,True,108.0,sym,True,True,0.5877,0.8633,1.0,-0.0069,True,0.5877,-0.1999,0.3
B4,5,30,sym3ph,0.3,0.7,0.3,14,True,0.27,True,0.0,True,108.0,sym,True,True,0.5706,0.8622,1.0,-0.0076,True,0.5706,-0.1999,0.3
B4,5,30,sym3ph,0.3,0.7,0.3,25,True,0.2367,False,0.0,True,94.6959,sym,True,False,0.8914,0.8546,1.0,0.0165,True,0.8836,-0.1851,0.0246
B4,5,30,sym3ph,0.3,0.7,0.3,30,True,0.27,True,0.0,True,108.0,sym,True,False,0.0702,0.7506,1.0,0.0408,False,0.051,-0.1999,0.3
B4,6,25,sym3ph,0.3,1.0,0.6,7,True,0.27,True,0.0,True,108.0,sym,True,True,0.7846,0.8732,1.0,-0.0297,True,0.7846,-0.1986,0.1731
B4,6,25,sym3ph,0.3,1.0,0.6,14,True,0.27,True,0.0,True,108.0,sym,True,True,0.7575,0.872,1.0,-0.0325,True,0.7575,-0.1991,0.2138
B4,6,25,sym3ph,0.3,1.0,0.6,25,True,0.27,True,0.0,True,108.0,sym,True,False,0.0976,0.7562,1.0,0.0378,False,0.0798,-0.1999,0.3
B4,6,25,sym3ph,0.3,1.0,0.6,30,True,0.27,True,0.0,True,108.0,sym,True,True,0.7626,0.8722,1.0,-0.032,True,0.7626,-0.199,0.206
B4,7,6,sym3ph,10.0,1.0,0.6,7,True,0.27,True,0.0,True,108.0,sym,True,True,0.7807,0.873,1.0,-0.0302,True,0.7807,-0.1987,0.1789
B4,7,6,sym3ph,10.0,1.0,0.6,14,True,0.27,True,0.0,True,108.0,sym,True,True,0.7535,0.8718,1.0,-0.033,True,0.7535,-0.1991,0.2198
B4,7,6,sym3ph,10.0,1.0,0.6,25,True,0.0129,True,0.0,True,5.1694,normal,True,True,0.9248,0.9325,1.0,0.029,True,0.9248,-0.0225,0.0
B4,7,6,sym3ph,10.0,1.0,0.6,30,True,0.27,True,0.0,True,108.0,sym,True,True,0.7587,0.872,1.0,-0.0324,True,0.7587,-0.1991,0.212
B4,8,3,sym3ph,30.0,1.0,0.6,7,True,0.0128,True,0.0,True,5.1013,normal,True,True,0.939,0.9358,1.0,0.0281,True,0.939,-0.0194,0.0
B4,8,3,sym3ph,30.0,1.0,0.6,14,True,0.0131,True,0.0,True,5.2341,normal,True,True,0.9132,0.931,1.0,0.0293,True,0.9132,-0.0243,0.0
B4,8,3,sym3ph,30.0,1.0,0.6,25,True,0.0126,True,0.0,True,5.0211,normal,True,True,0.9551,0.9406,1.0,0.0268,True,0.9551,-0.0149,0.0
B4,8,3,sym3ph,30.0,1.0,0.6,30,True,0.0129,True,0.0,True,5.1769,normal,True,True,0.9202,0.9317,1.0,0.0292,True,0.9202,-0.0233,0.0
B4,9,3,sym3ph,10.0,0.7,0.6,7,True,0.013,True,0.0,True,5.1891,normal,True,True,0.9186,0.9315,1.0,0.0292,True,0.9186,-0.0235,0.0
B4,9,3,sym3ph,10.0,0.7,0.6,14,True,0.0134,True,0.0,True,5.3711,normal,True,True,0.9036,0.931,1.0,0.0292,True,0.9036,-0.0245,0.0
B4,9,3,sym3ph,10.0,0.7,0.6,25,True,0.0129,True,0.0,True,5.1544,normal,True,True,0.9278,0.9331,1.0,0.0288,True,0.9278,-0.0219,0.0
B4,9,3,sym3ph,10.0,0.7,0.6,30,True,0.0133,True,0.0,True,5.3137,normal,True,True,0.9069,0.9308,1.0,0.0293,True,0.9069,-0.0246,0.0
B4,10,18,sym3ph,0.3,1.0,0.6,7,True,0.27,True,0.0,True,108.0,sym,True,True,0.783,0.8731,1.0,-0.0299,True,0.783,-0.1987,0.1755
B4,10,18,sym3ph,0.3,1.0,0.6,14,True,0.27,True,0.0,True,108.0,sym,True,True,0.3191,0.793,1.0,0.0197,True,0.3098,-0.1999,0.3
B4,10,18,sym3ph,0.3,1.0,0.6,25,True,0.0128,True,0.0,True,5.1122,normal,True,True,0.9371,0.9352,1.0,0.0283,True,0.9371,-0.0199,0.0
B4,10,18,sym3ph,0.3,1.0,0.6,30,True,0.27,True,0.0,True,108.0,sym,True,True,0.7928,0.8736,1.0,-0.0276,True,0.7928,-0.1983,0.1608
B4,11,9,sym3ph,0.3,1.0,0.3,7,True,0.27,True,0.0,True,108.0,sym,True,True,0.5255,0.859,1.0,-0.0091,True,0.5255,-0.1999,0.3
B4,11,9,sym3ph,0.3,1.0,0.3,14,True,0.27,True,0.0,True,108.0,sym,True,False,0.1076,0.7584,1.0,0.0367,False,0.0904,-0.1999,0.3
B4,11,9,sym3ph,0.3,1.0,0.3,25,True,0.2384,False,0.0,True,95.3673,sym,True,False,0.888,0.8568,1.0,0.0151,True,0.8809,-0.1858,0.0286
B4,11,9,sym3ph,0.3,1.0,0.3,30,True,0.27,True,0.0,True,108.0,sym,True,True,0.5725,0.8624,1.0,-0.0075,True,0.5725,-0.1999,0.3
B4,12,30,1ph_g,30.0,1.0,0.6,7,True,0.0127,True,0.0232,True,5.0756,normal,True,True,0.9379,0.9367,1.0,0.028,True,0.9379,-0.0181,0.0
B4,12,30,1ph_g,30.0,1.0,0.6,14,True,0.0133,True,0.0236,True,5.3212,normal,True,True,0.912,0.9317,1.0,0.0291,True,0.912,-0.0238,0.0
B4,12,30,1ph_g,30.0,1.0,0.6,25,True,0.0136,True,0.006,True,5.4434,normal,True,True,0.9689,0.9462,1.0,0.0252,True,0.9689,-0.0096,0.0
B4,12,30,1ph_g,30.0,1.0,0.6,30,True,0.0418,True,0.0547,True,16.7272,asym,True,True,0.8921,0.9938,1.0,-0.064,True,0.8921,-0.0049,0.0118
B4,13,9,1ph_g,3.0,1.0,0.3,7,True,0.0893,True,0.1071,True,35.7013,asym,True,True,0.8511,0.9746,1.0,-0.0705,True,0.8511,-0.0341,0.0734
B4,13,9,1ph_g,3.0,1.0,0.3,14,True,0.2353,True,0.2158,True,94.1176,asym,True,True,0.718,0.9429,1.0,-0.0554,True,0.718,-0.0619,0.2729
B4,13,9,1ph_g,3.0,1.0,0.3,25,True,0.0125,True,0.0235,True,5.0165,normal,True,True,0.9489,0.9401,1.0,0.0271,True,0.9489,-0.015,0.0
B4,13,9,1ph_g,3.0,1.0,0.3,30,True,0.0955,True,0.0927,True,38.1839,asym,True,True,0.841,0.973,1.0,-0.0704,True,0.841,-0.0359,0.0886
B4,14,14,1ph_g,30.0,0.7,0.6,7,True,0.0125,True,0.0254,True,5.0002,normal,True,True,0.9533,0.9417,1.0,0.0266,True,0.9533,-0.0135,0.0
B4,14,14,1ph_g,30.0,0.7,0.6,14,True,0.0543,True,0.0904,True,21.7348,asym,True,True,0.8821,0.9881,1.0,-0.0675,True,0.8821,-0.0139,0.0269
B4,14,14,1ph_g,30.0,0.7,0.6,25,True,0.0148,True,0.0055,True,5.9326,normal,True,True,0.9786,0.9502,1.0,0.024,True,0.9786,-0.0059,0.0
B4,14,14,1ph_g,30.0,0.7,0.6,30,True,0.0126,True,0.0212,True,5.0392,normal,True,True,0.9444,0.9385,1.0,0.0275,True,0.9444,-0.0164,0.0
B4,15,22,1ph_g,1.0,1.0,0.3,7,True,0.0126,True,0.0074,True,5.0518,normal,True,True,0.9453,0.938,1.0,0.0275,True,0.9453,-0.0172,0.0
B4,15,22,1ph_g,1.0,1.0,0.3,14,True,0.0131,True,0.0076,True,5.2471,normal,True,True,0.9142,0.9313,1.0,0.0292,True,0.9142,-0.024,0.0
B4,15,22,1ph_g,1.0,1.0,0.3,25,True,0.013,True,0.0072,True,5.1981,normal,True,True,0.9649,0.9443,1.0,0.0258,True,0.9649,-0.0113,0.0
B4,15,22,1ph_g,1.0,1.0,0.3,30,True,0.0129,True,0.0076,True,5.1769,normal,True,True,0.9238,0.9326,1.0,0.029,True,0.9238,-0.0223,0.0
B4,16,14,1ph_g,10.0,0.7,0.0,7,True,0.0134,True,0.0492,True,5.3461,normal,True,True,0.9179,0.9329,1.0,0.0288,True,0.9179,-0.0224,0.0
B4,16,14,1ph_g,10.0,0.7,0.0,14,True,0.1901,True,0.1732,True,76.0329,asym,True,True,0.7789,0.9508,1.0,-0.0621,True,0.7789,-0.0593,0.1816
B4,16,14,1ph_g,10.0,0.7,0.0,25,True,0.0134,True,0.0107,True,5.3619,normal,True,True,0.9684,0.9461,1.0,0.0253,True,0.9684,-0.0095,0.0
B4,16,14,1ph_g,10.0,0.7,0.0,30,True,0.0136,True,0.0419,True,5.4219,normal,True,True,0.9064,0.9318,1.0,0.029,True,0.9064,-0.0238,0.0
B4,17,22,1ph_g,0.3,1.0,0.6,7,True,0.0126,True,0.0082,True,5.0277,normal,True,True,0.9508,0.9398,1.0,0.027,True,0.9508,-0.0155,0.0
B4,17,22,1ph_g,0.3,1.0,0.6,14,True,0.0129,True,0.0084,True,5.1635,normal,True,True,0.9254,0.9329,1.0,0.0289,True,0.9254,-0.0219,0.0
B4,17,22,1ph_g,0.3,1.0,0.6,25,True,0.0132,True,0.0081,True,5.2938,normal,True,True,0.9667,0.9452,1.0,0.0255,True,0.9667,-0.0104,0.0
B4,17,22,1ph_g,0.3,1.0,0.6,30,True,0.0128,True,0.0084,True,5.1198,normal,True,True,0.9323,0.9344,1.0,0.0286,True,0.9323,-0.0205,0.0
B4,19,3,1ph_g,3.0,0.7,0.3,7,True,0.0136,True,0.0617,True,5.4243,normal,True,True,0.9121,0.9326,1.0,0.0288,True,0.9121,-0.0229,0.0
B4,19,3,1ph_g,3.0,0.7,0.3,14,True,0.0431,True,0.0629,True,17.2597,asym,True,True,0.8917,0.9931,1.0,-0.0647,True,0.8917,-0.0061,0.0124
B4,19,3,1ph_g,3.0,0.7,0.3,25,True,0.0133,True,0.0611,True,5.3089,normal,True,True,0.9249,0.9343,1.0,0.0285,True,0.9249,-0.0209,0.0
B4,19,3,1ph_g,3.0,0.7,0.3,30,True,0.0408,True,0.0621,True,16.3176,asym,True,True,0.8976,0.9938,1.0,-0.0643,True,0.8976,-0.0051,0.0036
B4,20,6,1ph_g,1.0,0.7,0.6,7,True,0.2263,True,0.2377,True,90.5043,asym,True,True,0.7451,0.9443,1.0,-0.057,True,0.7451,-0.0628,0.2323
B4,20,6,1ph_g,1.0,0.7,0.6,14,True,0.2226,True,0.2239,True,89.0436,asym,True,True,0.7479,0.945,1.0,-0.0572,True,0.7479,-0.0623,0.2281
B4,20,6,1ph_g,1.0,0.7,0.6,25,True,0.0134,True,0.0623,True,5.3406,normal,True,True,0.9223,0.9339,1.0,0.0286,True,0.9223,-0.0214,0.0
B4,20,6,1ph_g,1.0,0.7,0.6,30,True,0.2263,True,0.23,True,90.5028,asym,True,True,0.7426,0.9444,1.0,-0.0568,True,0.7426,-0.0625,0.2361
B4,21,3,1ph_g,30.0,1.0,0.3,7,True,0.0126,True,0.0073,True,5.0482,normal,True,True,0.9459,0.9382,1.0,0.0275,True,0.9459,-0.0171,0.0
B4,21,3,1ph_g,30.0,1.0,0.3,14,True,0.0131,True,0.0075,True,5.2413,normal,True,True,0.9149,0.9314,1.0,0.0292,True,0.9149,-0.0239,0.0
B4,21,3,1ph_g,30.0,1.0,0.3,25,True,0.0131,True,0.0072,True,5.2294,normal,True,True,0.9655,0.9446,1.0,0.0257,True,0.9655,-0.011,0.0
B4,21,3,1ph_g,30.0,1.0,0.3,30,True,0.0129,True,0.0073,True,5.1691,normal,True,True,0.9245,0.9327,1.0,0.029,True,0.9245,-0.0222,0.0
B4,22,9,1ph_g,30.0,1.0,0.3,7,True,0.0129,True,0.028,True,5.1783,normal,True,True,0.9289,0.9342,1.0,0.0286,True,0.9289,-0.0206,0.0
B4,22,9,1ph_g,30.0,1.0,0.3,14,True,0.0546,True,0.0588,True,21.8375,asym,True,True,0.8713,0.9891,1.0,-0.0657,True,0.8713,-0.0119,0.043
B4,22,9,1ph_g,30.0,1.0,0.3,25,True,0.0132,True,0.0061,True,5.2823,normal,True,True,0.9662,0.9448,1.0,0.0256,True,0.9662,-0.0108,0.0
B4,22,9,1ph_g,30.0,1.0,0.3,30,True,0.0134,True,0.0237,True,5.3489,normal,True,True,0.9094,0.9316,1.0,0.0291,True,0.9094,-0.024,0.0
B4,23,33,1ph_g,3.0,1.0,0.3,7,True,0.0499,True,0.0719,True,19.9769,asym,True,True,0.8823,0.9905,1.0,-0.0659,True,0.8823,-0.01,0.0265
B4,23,33,1ph_g,3.0,1.0,0.3,14,True,0.0799,True,0.0751,True,31.9655,asym,True,True,0.8493,0.9788,1.0,-0.0681,True,0.8493,-0.0273,0.0761
B4,23,33,1ph_g,3.0,1.0,0.3,25,True,0.0125,True,0.0187,True,5.0069,normal,True,True,0.9535,0.9413,1.0,0.0267,True,0.9535,-0.0139,0.0
B4,23,33,1ph_g,3.0,1.0,0.3,30,True,0.1998,True,0.1682,True,79.9337,asym,True,True,0.7669,0.9495,1.0,-0.0605,True,0.7669,-0.0593,0.1997
B4,24,6,2ph,1.0,0.7,0.0,7,True,0.24,True,0.4103,True,96.0,asym,True,True,0.5574,0.9325,1.0,-0.051,True,0.5574,-0.066,0.3
B4,24,6,2ph,1.0,0.7,0.0,14,True,0.24,True,0.4004,True,96.0,asym,True,True,0.5452,0.932,1.0,-0.0506,True,0.5452,-0.0655,0.3
B4,24,6,2ph,1.0,0.7,0.0,25,True,0.0672,True,0.1053,True,26.8606,asym,True,True,0.8722,0.9832,1.0,-0.0691,True,0.8722,-0.0213,0.0418
B4,24,6,2ph,1.0,0.7,0.0,30,True,0.24,True,0.4017,True,96.0,asym,True,True,0.5483,0.9322,1.0,-0.0507,True,0.5483,-0.0656,0.3
B4,25,14,2ph,0.3,1.0,0.3,7,True,0.1317,True,0.1277,True,52.6834,asym,True,True,0.8248,0.9653,1.0,-0.0709,True,0.8248,-0.0439,0.1128
B4,25,14,2ph,0.3,1.0,0.3,14,True,0.24,True,0.4604,True,96.0,asym,True,True,0.4707,0.9273,1.0,-0.0489,True,0.4707,-0.0638,0.3
B4,25,14,2ph,0.3,1.0,0.3,25,True,0.0126,True,0.0272,True,5.0342,normal,True,True,0.9445,0.9389,1.0,0.0274,True,0.9445,-0.0159,0.0
B4,25,14,2ph,0.3,1.0,0.3,30,True,0.1262,True,0.1058,True,50.4729,asym,True,True,0.8223,0.9666,1.0,-0.0704,True,0.8223,-0.0422,0.1165
B4,26,14,2ph,3.0,1.0,0.0,7,True,0.1175,True,0.1132,True,46.9986,asym,True,True,0.8312,0.9683,1.0,-0.0711,True,0.8312,-0.0408,0.1032
B4,26,14,2ph,3.0,1.0,0.0,14,True,0.24,True,0.4078,True,96.0,asym,True,True,0.5057,0.9299,1.0,-0.0495,True,0.5057,-0.0643,0.3
B4,26,14,2ph,3.0,1.0,0.0,25,True,0.0126,True,0.0242,True,5.0383,normal,True,True,0.9441,0.9386,1.0,0.0275,True,0.9441,-0.0163,0.0
B4,26,14,2ph,3.0,1.0,0.0,30,True,0.1207,True,0.0939,True,48.2609,asym,True,True,0.8224,0.9679,1.0,-0.07,True,0.8224,-0.0408,0.1165
B4,27,30,2ph,30.0,0.7,0.3,7,True,0.0135,True,0.0603,True,5.4154,normal,True,True,0.9127,0.9326,1.0,0.0288,True,0.9127,-0.0229,0.0
B4,27,30,2ph,30.0,0.7,0.3,14,True,0.0424,True,0.0603,True,16.9727,asym,True,True,0.8925,0.9934,1.0,-0.0644,True,0.8925,-0.0056,0.0113
B4,27,30,2ph,30.0,0.7,0.3,25,True,0.0129,True,0.0155,True,5.1695,normal,True,True,0.9662,0.9452,1.0,0.0256,True,0.9662,-0.0103,0.0
B4,27,30,2ph,30.0,0.7,0.3,30,True,0.1372,True,0.1442,True,54.8998,asym,True,True,0.8249,0.9634,1.0,-0.0705,True,0.8249,-0.0465,0.1127
B4,28,14,2ph,0.3,0.7,0.0,7,True,0.1225,True,0.1294,True,49.0187,asym,True,True,0.8329,0.9671,1.0,-0.0716,True,0.8329,-0.0423,0.1006
B4,28,14,2ph,0.3,0.7,0.0,14,True,0.24,True,0.4659,True,96.0,asym,True,True,0.4764,0.9276,1.0,-0.0493,True,0.4764,-0.0642,0.3
B4,28,14,2ph,0.3,0.7,0.0,25,True,0.0125,True,0.0276,True,5.0044,normal,True,True,0.951,0.941,1.0,0.0268,True,0.951,-0.014,0.0
B4,28,14,2ph,0.3,0.7,0.0,30,True,0.1078,True,0.1073,True,43.1209,asym,True,True,0.8363,0.9703,1.0,-0.0713,True,0.8363,-0.0388,0.0955
B4,29,25,2ph,1.0,1.0,0.3,7,True,0.0642,True,0.0815,True,25.6746,asym,True,True,0.8672,0.9848,1.0,-0.0674,True,0.8672,-0.0185,0.0491
B4,29,25,2ph,1.0,1.0,0.3,14,True,0.0989,True,0.0815,True,39.5522,asym,True,True,0.8344,0.9723,1.0,-0.0701,True,0.8344,-0.0364,0.0984
B4,29,25,2ph,1.0,1.0,0.3,25,True,0.24,True,0.4317,True,96.0,asym,True,True,0.5398,0.9315,1.0,-0.0507,True,0.5398,-0.0659,0.3
B4,29,25,2ph,1.0,1.0,0.3,30,True,0.0877,True,0.0815,True,35.0929,asym,True,True,0.844,0.9757,1.0,-0.0691,True,0.844,-0.032,0.084
B4,30,3,2ph,3.0,1.0,0.0,7,True,0.1669,True,0.1532,True,66.7575,asym,True,True,0.7951,0.9548,1.0,-0.0652,True,0.7951,-0.0567,0.1574
B4,30,3,2ph,3.0,1.0,0.0,14,True,0.2059,True,0.1534,True,82.3643,asym,True,True,0.7537,0.9486,1.0,-0.0587,True,0.7537,-0.0591,0.2194
B4,30,3,2ph,3.0,1.0,0.0,25,True,0.1441,True,0.1529,True,57.6262,asym,True,True,0.8218,0.9616,1.0,-0.07,True,0.8218,-0.0487,0.1174
B4,30,3,2ph,3.0,1.0,0.0,30,True,0.1965,True,0.1539,True,78.6066,asym,True,True,0.7663,0.9502,1.0,-0.0609,True,0.7663,-0.0587,0.2005
B4,31,30,2ph,0.3,1.0,0.3,7,True,0.2089,True,0.1908,True,83.5619,asym,True,True,0.7614,0.9477,1.0,-0.059,True,0.7614,-0.0606,0.208
B4,31,30,2ph,0.3,1.0,0.3,14,True,0.2279,True,0.1891,True,91.1569,asym,True,True,0.726,0.9444,1.0,-0.0555,True,0.726,-0.061,0.2609
B4,31,30,2ph,0.3,1.0,0.3,25,True,0.0133,True,0.049,True,5.3041,normal,True,True,0.9222,0.9335,1.0,0.0287,True,0.9222,-0.0217,0.0
B4,31,30,2ph,0.3,1.0,0.3,30,True,0.24,True,0.4592,True,96.0,asym,True,True,0.4783,0.9278,1.0,-0.0493,True,0.4783,-0.0642,0.3
B4,32,22,2ph,1.0,1.0,0.6,7,True,0.0126,True,0.0115,True,5.0379,normal,True,True,0.9471,0.9388,1.0,0.0273,True,0.9471,-0.0164,0.0
B4,32,22,2ph,1.0,1.0,0.6,14,True,0.013,True,0.0115,True,5.21,normal,True,True,0.9215,0.9323,1.0,0.029,True,0.9215,-0.0227,0.0
B4,32,22,2ph,1.0,1.0,0.6,25,True,0.0127,True,0.0115,True,5.0655,normal,True,True,0.9631,0.9437,1.0,0.026,True,0.9631,-0.0117,0.0
B4,32,22,2ph,1.0,1.0,0.6,30,True,0.0128,True,0.0115,True,5.1376,normal,True,True,0.9285,0.9337,1.0,0.0288,True,0.9285,-0.0211,0.0
B4,33,30,2ph,3.0,0.7,0.3,7,True,0.1633,True,0.1633,True,65.3352,asym,True,True,0.8051,0.9557,1.0,-0.0677,True,0.8051,-0.0561,0.1424
B4,33,30,2ph,3.0,0.7,0.3,14,True,0.1797,True,0.1626,True,71.8783,asym,True,True,0.7842,0.9524,1.0,-0.0625,True,0.7842,-0.0585,0.1737
B4,33,30,2ph,3.0,0.7,0.3,25,True,0.0128,True,0.042,True,5.1243,normal,True,True,0.9384,0.9375,1.0,0.0277,True,0.9384,-0.0174,0.0
B4,33,30,2ph,3.0,0.7,0.3,30,True,0.24,True,0.3921,True,96.0,asym,True,True,0.5673,0.9332,1.0,-0.051,True,0.5673,-0.0658,0.3
B4,34,14,2ph,3.0,1.0,0.6,7,True,0.1042,True,0.1177,True,41.6623,asym,True,True,0.8425,0.9708,1.0,-0.0719,True,0.8425,-0.0385,0.0863
B4,34,14,2ph,3.0,1.0,0.6,14,True,0.24,True,0.4232,True,96.0,asym,True,True,0.5222,0.9306,1.0,-0.0502,True,0.5222,-0.0652,0.3
B4,34,14,2ph,3.0,1.0,0.6,25,True,0.0125,True,0.0251,True,5.0139,normal,True,True,0.9491,0.9402,1.0,0.027,True,0.9491,-0.0148,0.0
B4,34,14,2ph,3.0,1.0,0.6,30,True,0.098,True,0.0975,True,39.2091,asym,True,True,0.8405,0.9723,1.0,-0.0708,True,0.8405,-0.0367,0.0893
B4,35,14,2ph,30.0,1.0,0.3,7,True,0.0397,True,0.0567,True,15.8847,asym,True,True,0.8992,0.9944,1.0,-0.0638,True,0.8992,-0.0042,0.0012
B4,35,14,2ph,30.0,1.0,0.3,14,True,0.2268,True,0.2028,True,90.7014,asym,True,True,0.7328,0.9445,1.0,-0.056,True,0.7328,-0.0615,0.2508
B4,35,14,2ph,30.0,1.0,0.3,25,True,0.0125,True,0.0121,True,4.9922,normal,True,True,0.9594,0.9426,1.0,0.0263,True,0.9594,-0.0127,0.0
B4,35,14,2ph,30.0,1.0,0.3,30,True,0.2336,False,0.0472,True,93.4273,sym,True,False,0.8936,0.8494,1.0,0.0196,True,0.8844,-0.1844,0.0234
B4,36,3,2ph_g,3.0,1.0,0.0,7,True,0.096,True,0.063,True,38.4126,asym,True,True,0.8306,0.9733,1.0,-0.0689,True,0.8306,-0.035,0.1041
B4,36,3,2ph_g,3.0,1.0,0.0,14,True,0.1479,True,0.0659,True,59.1512,asym,True,True,0.7901,0.9617,1.0,-0.0672,True,0.7901,-0.0467,0.1649
B4,36,3,2ph_g,3.0,1.0,0.0,25,True,0.0682,True,0.0614,True,27.2936,asym,True,True,0.8565,0.9841,1.0,-0.0666,True,0.8565,-0.0192,0.0652
B4,36,3,2ph_g,3.0,1.0,0.0,30,True,0.1327,True,0.0641,True,53.079,asym,True,True,0.8031,0.9658,1.0,-0.0686,True,0.8031,-0.0419,0.1454
B4,37,18,2ph_g,0.3,0.7,0.3,7,True,0.0754,True,0.0611,True,30.1779,asym,True,True,0.8489,0.9809,1.0,-0.067,True,0.8489,-0.0239,0.0767
B4,37,18,2ph_g,0.3,0.7,0.3,14,True,0.24,True,0.2158,True,96.0,asym,True,True,0.5235,0.9339,1.0,-0.0483,True,0.5235,-0.0589,0.3
B4,37,18,2ph_g,0.3,0.7,0.3,25,True,0.0125,True,0.0132,True,5.0034,normal,True,True,0.9559,0.9417,1.0,0.0266,True,0.9559,-0.0136,0.0
B4,37,18,2ph_g,0.3,0.7,0.3,30,True,0.0675,True,0.052,True,27.0052,asym,True,True,0.8543,0.9846,1.0,-0.0661,True,0.8543,-0.0181,0.0686
B4,38,3,2ph_g,1.0,0.7,0.6,7,True,0.2224,True,0.1358,True,88.9465,asym,True,True,0.7201,0.9457,1.0,-0.0547,True,0.7201,-0.0592,0.2698
B4,38,3,2ph_g,1.0,0.7,0.6,14,True,0.2286,True,0.1361,True,91.4541,asym,True,True,0.7076,0.9446,1.0,-0.054,True,0.7076,-0.0592,0.2886
B4,38,3,2ph_g,1.0,0.7,0.6,25,True,0.219,True,0.1366,True,87.6035,asym,True,True,0.7267,0.9463,1.0,-0.0552,True,0.7267,-0.0592,0.26
B4,38,3,2ph_g,1.0,0.7,0.6,30,True,0.2282,True,0.1354,True,91.2809,asym,True,True,0.7083,0.9446,1.0,-0.054,True,0.7083,-0.0592,0.2875
B4,39,14,2ph_g,1.0,1.0,0.3,7,True,0.1493,True,0.0813,True,59.7286,asym,True,True,0.7935,0.961,1.0,-0.0672,True,0.7935,-0.0479,0.1598
B4,39,14,2ph_g,1.0,1.0,0.3,14,True,0.24,True,0.2871,True,96.0,asym,True,True,0.356,0.9199,1.0,-0.0385,True,0.356,-0.0523,0.3
B4,39,14,2ph_g,1.0,1.0,0.3,25,True,0.0127,True,0.0177,True,5.0853,normal,True,True,0.9373,0.9362,1.0,0.0281,True,0.9373,-0.0186,0.0
B4,39,14,2ph_g,1.0,1.0,0.3,30,True,0.1454,True,0.0703,True,58.1656,asym,True,True,0.7938,0.9623,1.0,-0.0676,True,0.7938,-0.0461,0.1593
B4,40,3,2ph_g,0.3,1.0,0.6,7,True,0.24,True,0.2152,True,96.0,asym,True,True,0.5415,0.9347,1.0,-0.0493,True,0.5415,-0.0598,0.3
B4,40,3,2ph_g,0.3,1.0,0.6,14,True,0.24,True,0.2,True,96.0,asym,True,True,0.5499,0.9352,1.0,-0.0497,True,0.5499,-0.0597,0.3
B4,40,3,2ph_g,0.3,1.0,0.6,25,True,0.24,True,0.2256,True,96.0,asym,True,True,0.5354,0.9343,1.0,-0.049,True,0.5354,-0.0598,0.3
B4,40,3,2ph_g,0.3,1.0,0.6,30,True,0.24,True,0.2065,True,96.0,asym,True,True,0.5414,0.9348,1.0,-0.0493,True,0.5414,-0.0595,0.3
B4,41,22,2ph_g,3.0,0.7,0.0,7,True,0.0126,True,0.0055,True,5.0245,normal,True,True,0.9524,0.9401,1.0,0.0269,True,0.9524,-0.0153,0.0
B4,41,22,2ph_g,3.0,0.7,0.0,14,True,0.0129,True,0.0056,True,5.1495,normal,True,True,0.9273,0.9333,1.0,0.0288,True,0.9273,-0.0216,0.0
B4,41,22,2ph_g,3.0,0.7,0.0,25,True,0.0135,True,0.0054,True,5.4159,normal,True,True,0.9682,0.9458,1.0,0.0253,True,0.9682,-0.0099,0.0
B4,41,22,2ph_g,3.0,0.7,0.0,30,True,0.0128,True,0.0055,True,5.1109,normal,True,True,0.9357,0.9351,1.0,0.0283,True,0.9357,-0.0199,0.0
B4,42,6,2ph_g,1.0,0.7,0.3,7,True,0.24,True,0.2378,True,96.0,asym,True,True,0.5104,0.9329,1.0,-0.0476,True,0.5104,-0.0589,0.3
B4,42,6,2ph_g,1.0,0.7,0.3,14,True,0.24,True,0.2277,True,96.0,asym,True,True,0.516,0.9334,1.0,-0.0478,True,0.516,-0.0589,0.3
B4,42,6,2ph_g,1.0,0.7,0.3,25,True,0.0671,True,0.0623,True,26.8452,asym,True,True,0.8581,0.9845,1.0,-0.0666,True,0.8581,-0.0186,0.0629
B4,42,6,2ph_g,1.0,0.7,0.3,30,True,0.24,True,0.232,True,96.0,asym,True,True,0.5095,0.933,1.0,-0.0475,True,0.5095,-0.0587,0.3
B4,43,30,2ph_g,1.0,1.0,0.3,7,True,0.2157,True,0.1154,True,86.2938,asym,True,True,0.7257,0.947,1.0,-0.0552,True,0.7257,-0.0584,0.2615
B4,43,30,2ph_g,1.0,1.0,0.3,14,True,0.2305,True,0.1177,True,92.1973,asym,True,True,0.6934,0.944,1.0,-0.0532,True,0.6934,-0.0588,0.3
B4,43,30,2ph_g,1.0,1.0,0.3,25,True,0.0133,True,0.0301,True,5.3349,normal,True,True,0.9124,0.9318,1.0,0.0291,True,0.9124,-0.0236,0.0
B4,43,30,2ph_g,1.0,1.0,0.3,30,True,0.24,True,0.2723,True,96.0,asym,True,True,0.3963,0.9242,1.0,-0.0407,True,0.3963,-0.0547,0.3
B4,44,9,2ph_g,1.0,1.0,0.3,7,True,0.2329,True,0.1334,True,93.1621,asym,True,True,0.6922,0.9434,1.0,-0.0537,True,0.6922,-0.0593,0.3
B4,44,9,2ph_g,1.0,1.0,0.3,14,True,0.24,True,0.2676,True,96.0,asym,True,True,0.4011,0.9247,1.0,-0.0409,True,0.4011,-0.0548,0.3
B4,44,9,2ph_g,1.0,1.0,0.3,25,True,0.0133,True,0.0292,True,5.3142,normal,True,True,0.9146,0.932,1.0,0.029,True,0.9146,-0.0234,0.0
B4,44,9,2ph_g,1.0,1.0,0.3,30,True,0.2261,True,0.1147,True,90.449,asym,True,True,0.7059,0.9451,1.0,-0.0537,True,0.7059,-0.0585,0.2912
B4,45,3,2ph_g,30.0,0.7,0.0,7,True,0.0126,True,0.0073,True,5.0313,normal,True,True,0.9501,0.9395,1.0,0.0271,True,0.9501,-0.0158,0.0
B4,45,3,2ph_g,30.0,0.7,0.0,14,True,0.0129,True,0.0074,True,5.1643,normal,True,True,0.925,0.9328,1.0,0.029,True,0.925,-0.022,0.0
B4,45,3,2ph_g,30.0,0.7,0.0,25,True,0.0131,True,0.0072,True,5.2592,normal,True,True,0.966,0.9448,1.0,0.0256,True,0.966,-0.0108,0.0
B4,45,3,2ph_g,30.0,0.7,0.0,30,True,0.0128,True,0.0073,True,5.1168,normal,True,True,0.9334,0.9347,1.0,0.0285,True,0.9334,-0.0203,0.0
B4,46,14,2ph_g,30.0,0.7,0.6,7,True,0.0129,True,0.0255,True,5.142,normal,True,True,0.9317,0.9349,1.0,0.0285,True,0.9317,-0.0199,0.0
B4,46,14,2ph_g,30.0,0.7,0.6,14,True,0.1397,True,0.0907,True,55.86,asym,True,True,0.8058,0.9637,1.0,-0.0691,True,0.8058,-0.0449,0.1413
B4,46,14,2ph_g,30.0,0.7,0.6,25,True,0.0142,True,0.0055,True,5.6842,normal,True,True,0.9734,0.9481,1.0,0.0246,True,0.9734,-0.0079,0.0
B4,46,14,2ph_g,30.0,0.7,0.6,30,True,0.013,True,0.0213,True,5.2099,normal,True,True,0.9247,0.9332,1.0,0.0288,True,0.9247,-0.0217,0.0
B4,47,30,2ph_g,30.0,1.0,0.3,7,True,0.0133,True,0.0232,True,5.3213,normal,True,True,0.9119,0.9316,1.0,0.0291,True,0.9119,-0.0238,0.0
B4,47,30,2ph_g,30.0,1.0,0.3,14,True,0.236,False,0.0239,True,94.3928,sym,True,False,0.8908,0.853,1.0,0.0174,True,0.8827,-0.1851,0.026
B4,47,30,2ph_g,30.0,1.0,0.3,25,True,0.0126,True,0.006,True,5.0207,normal,True,True,0.9608,0.9428,1.0,0.0262,True,0.9608,-0.0127,0.0
B4,47,30,2ph_g,30.0,1.0,0.3,30,True,0.0865,True,0.0547,True,34.6148,asym,True,True,0.8364,0.9768,1.0,-0.0676,True,0.8364,-0.0298,0.0954
C10,0,3,sym3ph,30.0,1.0,0.6,4,True,0.0128,True,0.0,True,5.1374,normal,True,True,0.962,0.9428,1.0,0.0262,True,0.962,-0.0128,0.0
C10,0,3,sym3ph,30.0,1.0,0.6,7,True,0.0127,True,0.0,True,5.0994,normal,True,True,0.9393,0.9358,1.0,0.0281,True,0.9393,-0.0194,0.0
C10,0,3,sym3ph,30.0,1.0,0.6,10,True,0.0129,True,0.0,True,5.1762,normal,True,True,0.9216,0.9319,1.0,0.0292,True,0.9216,-0.0231,0.0
C10,0,3,sym3ph,30.0,1.0,0.6,14,True,0.0131,True,0.0,True,5.2293,normal,True,True,0.9138,0.931,1.0,0.0293,True,0.9138,-0.0242,0.0
C10,0,3,sym3ph,30.0,1.0,0.6,17,True,0.0132,True,0.0,True,5.2623,normal,True,True,0.9104,0.9308,1.0,0.0294,True,0.9104,-0.0246,0.0
C10,0,3,sym3ph,30.0,1.0,0.6,21,True,0.0159,True,0.0,True,6.3665,normal,True,True,0.9915,0.9531,1.0,0.0232,True,0.9915,-0.0029,0.0
C10,0,3,sym3ph,30.0,1.0,0.6,24,True,0.0125,True,0.0,True,5.0103,normal,True,True,0.9585,0.9417,1.0,0.0265,True,0.9585,-0.0139,0.0
C10,0,3,sym3ph,30.0,1.0,0.6,28,True,0.0129,True,0.0,True,5.1443,normal,True,True,0.9296,0.9335,1.0,0.0287,True,0.9296,-0.0215,0.0
C10,0,3,sym3ph,30.0,1.0,0.6,31,True,0.013,True,0.0,True,5.1978,normal,True,True,0.9175,0.9314,1.0,0.0293,True,0.9175,-0.0237,0.0
C10,0,3,sym3ph,30.0,1.0,0.6,33,True,0.013,True,0.0,True,5.2047,normal,True,True,0.9166,0.9313,1.0,0.0293,True,0.9166,-0.0238,0.0
C10,1,22,sym3ph,0.3,1.0,0.3,4,True,0.0126,True,0.0,True,5.0203,normal,True,True,0.9555,0.9408,1.0,0.0267,True,0.9555,-0.0148,0.0
C10,1,22,sym3ph,0.3,1.0,0.3,7,True,0.0129,True,0.0,True,5.1414,normal,True,True,0.9301,0.9336,1.0,0.0287,True,0.9301,-0.0214,0.0
C10,1,22,sym3ph,0.3,1.0,0.3,10,True,0.0132,True,0.0,True,5.2705,normal,True,True,0.9098,0.9308,1.0,0.0294,True,0.9098,-0.0246,0.0
C10,1,22,sym3ph,0.3,1.0,0.3,14,True,0.0135,True,0.0,True,5.3864,normal,True,True,0.9017,0.9312,1.0,0.0292,True,0.9017,-0.0243,0.0
C10,1,22,sym3ph,0.3,1.0,0.3,17,True,0.2277,False,0.0,True,91.0749,sym,True,False,0.9107,0.8433,1.0,0.0242,True,0.8993,-0.1811,0.0011
C10,1,22,sym3ph,0.3,1.0,0.3,21,True,0.27,True,0.0,True,108.0,sym,True,True,0.3259,0.7958,1.0,0.019,True,0.317,-0.1999,0.3
C10,1,22,sym3ph,0.3,1.0,0.3,24,True,0.0126,True,0.0,True,5.0307,normal,True,True,0.9522,0.9397,1.0,0.027,True,0.9522,-0.0158,0.0
C10,1,22,sym3ph,0.3,1.0,0.3,28,True,0.013,True,0.0,True,5.1894,normal,True,True,0.9186,0.9315,1.0,0.0293,True,0.9186,-0.0235,0.0
C10,1,22,sym3ph,0.3,1.0,0.3,31,True,0.0134,True,0.0,True,5.3584,normal,True,True,0.9044,0.931,1.0,0.0292,True,0.9044,-0.0245,0.0
C10,1,22,sym3ph,0.3,1.0,0.3,33,True,0.0134,True,0.0,True,5.3746,normal,True,True,0.9034,0.9311,1.0,0.0292,True,0.9034,-0.0244,0.0
C10,2,6,sym3ph,30.0,1.0,0.0,4,True,0.0126,True,0.0,True,5.0495,normal,True,True,0.9477,0.9383,1.0,0.0274,True,0.9477,-0.0171,0.0
C10,2,6,sym3ph,30.0,1.0,0.0,7,True,0.2351,False,0.0,True,94.0396,sym,True,False,0.8948,0.8525,1.0,0.0179,True,0.8863,-0.1845,0.0205
C10,2,6,sym3ph,30.0,1.0,0.0,10,True,0.2483,False,0.0,True,99.3262,sym,True,False,0.8677,0.8697,1.0,0.0065,True,0.8647,-0.1901,0.053
C10,2,6,sym3ph,30.0,1.0,0.0,14,True,0.2536,False,0.0,True,101.457,sym,True,False,0.8569,0.8773,1.0,0.0016,True,0.8562,-0.1918,0.0657
C10,2,6,sym3ph,30.0,1.0,0.0,17,True,0.2554,False,0.0,True,102.1676,sym,True,False,0.8531,0.8799,1.0,-0.0003,True,0.8531,-0.1923,0.0703
C10,2,6,sym3ph,30.0,1.0,0.0,21,True,0.0158,True,0.0,True,6.3298,normal,True,True,0.9896,0.9528,1.0,0.0233,True,0.9896,-0.0033,0.0
C10,2,6,sym3ph,30.0,1.0,0.0,24,True,0.0126,True,0.0,True,5.0205,normal,True,True,0.9554,0.9407,1.0,0.0267,True,0.9554,-0.0148,0.0
C10,2,6,sym3ph,30.0,1.0,0.0,28,True,0.2427,False,0.0,True,97.0936,sym,True,False,0.8793,0.862,1.0,0.0115,True,0.8739,-0.1878,0.0392
C10,2,6,sym3ph,30.0,1.0,0.0,31,True,0.2515,False,0.0,True,100.6032,sym,True,False,0.8614,0.8739,1.0,0.0037,True,0.8597,-0.1911,0.0605
C10,2,6,sym3ph,30.0,1.0,0.0,33,True,0.2519,False,0.0,True,100.7524,sym,True,False,0.8606,0.8745,1.0,0.0034,True,0.859,-0.1912,0.0614
C10,3,6,sym3ph,30.0,0.7,0.0,4,True,0.0126,True,0.0,True,5.0216,normal,True,True,0.9549,0.9406,1.0,0.0268,True,0.9549,-0.015,0.0
C10,3,6,sym3ph,30.0,0.7,0.0,7,True,0.0135,True,0.0,True,5.387,normal,True,True,0.9016,0.9312,1.0,0.0292,True,0.9016,-0.0243,0.0
C10,3,6,sym3ph,30.0,0.7,0.0,10,True,0.234,False,0.0,True,93.6085,sym,True,False,0.8972,0.8509,1.0,0.0189,True,0.8883,-0.184,0.0176
C10,3,6,sym3ph,30.0,0.7,0.0,14,True,0.237,False,0.0,True,94.7983,sym,True,False,0.8909,0.8549,1.0,0.0163,True,0.8832,-0.1852,0.0252
C10,3,6,sym3ph,30.0,0.7,0.0,17,True,0.238,False,0.0,True,95.1959,sym,True,False,0.8889,0.8562,1.0,0.0155,True,0.8816,-0.1856,0.0276
C10,3,6,sym3ph,30.0,0.7,0.0,21,True,0.0159,True,0.0,True,6.3731,normal,True,True,0.9919,0.9531,1.0,0.0232,True,0.9919,-0.0028,0.0
C10,3,6,sym3ph,30.0,0.7,0.0,24,True,0.013,True,0.0,True,5.2154,normal,True,True,0.9636,0.9434,1.0,0.026,True,0.9636,-0.0123,0.0
C10,3,6,sym3ph,30.0,0.7,0.0,28,True,0.2309,False,0.0,True,92.3671,sym,True,False,0.9038,0.847,1.0,0.0216,True,0.8937,-0.1827,0.0094
C10,3,6,sym3ph,30.0,0.7,0.0,31,True,0.2361,False,0.0,True,94.432,sym,True,False,0.8927,0.8538,1.0,0.0171,True,0.8847,-0.1848,0.023
C10,3,6,sym3ph,30.0,0.7,0.0,33,True,0.2363,False,0.0,True,94.502,sym,True,False,0.8924,0.854,1.0,0.017,True,0.8844,-0.1849,0.0234
C10,4,9,sym3ph,3.0,0.7,0.3,4,True,0.2436,False,0.0,True,97.4537,sym,True,False,0.8774,0.8632,1.0,0.0107,True,0.8724,-0.1882,0.0415
C10,4,9,sym3ph,3.0,0.7,0.3,7,True,0.27,True,0.0,True,108.0,sym,True,True,0.6605,0.8674,1.0,-0.0175,True,0.6605,-0.1998,0.3
C10,4,9,sym3ph,3.0,0.7,0.3,10,True,0.27,True,0.0,True,108.0,sym,True,True,0.3449,0.8027,1.0,0.0174,True,0.3367,-0.1999,0.3
C10,4,9,sym3ph,3.0,0.7,0.3,14,True,0.27,True,0.0,True,108.0,sym,True,True,0.3537,0.8058,1.0,0.0167,True,0.3458,-0.1999,0.3
C10,4,9,sym3ph,3.0,0.7,0.3,17,True,0.27,True,0.0,True,108.0,sym,True,True,0.3595,0.8077,1.0,0.0163,True,0.3518,-0.1999,0.3
C10,4,9,sym3ph,3.0,0.7,0.3,21,True,0.0155,True,0.0,True,6.2189,normal,True,True,0.9847,0.9518,1.0,0.0235,True,0.9847,-0.0045,0.0
C10,4,9,sym3ph,3.0,0.7,0.3,24,True,0.0131,True,0.0,True,5.2341,normal,True,True,0.9132,0.931,1.0,0.0293,True,0.9132,-0.0243,0.0
C10,4,9,sym3ph,3.0,0.7,0.3,28,True,0.27,True,0.0,True,108.0,sym,True,True,0.6936,0.869,1.0,-0.0243,True,0.6936,-0.1996,0.3
C10,4,9,sym3ph,3.0,0.7,0.3,31,True,0.27,True,0.0,True,108.0,sym,True,True,0.6849,0.8686,1.0,-0.023,True,0.6849,-0.1997,0.3
C10,4,9,sym3ph,3.0,0.7,0.3,33,True,0.27,True,0.0,True,108.0,sym,True,True,0.6849,0.8686,1.0,-0.023,True,0.6849,-0.1997,0.3
C10,5,30,sym3ph,0.3,0.7,0.3,4,True,0.2677,False,0.0,True,107.0771,sym,True,False,0.8274,0.8762,1.0,-0.0133,True,0.8274,-0.1959,0.1089
C10,5,30,sym3ph,0.3,0.7,0.3,7,True,0.27,True,0.0,True,108.0,sym,True,True,0.5898,0.8635,1.0,-0.0069,True,0.5898,-0.1999,0.3
C10,5,30,sym3ph,0.3,0.7,0.3,10,True,0.27,True,0.0,True,108.0,sym,True,True,0.5814,0.8629,1.0,-0.0071,True,0.5814,-0.1999,0.3
C10,5,30,sym3ph,0.3,0.7,0.3,14,True,0.27,True,0.0,True,108.0,sym,True,True,0.5786,0.8628,1.0,-0.0073,True,0.5786,-0.1999,0.3
C10,5,30,sym3ph,0.3,0.7,0.3,17,True,0.27,True,0.0,True,108.0,sym,True,True,0.5786,0.8628,1.0,-0.0073,True,0.5786,-0.1999,0.3
C10,5,30,sym3ph,0.3,0.7,0.3,21,True,0.0152,True,0.0,True,6.0775,normal,True,True,0.9803,0.9506,1.0,0.0239,True,0.9803,-0.0057,0.0
C10,5,30,sym3ph,0.3,0.7,0.3,24,True,0.2353,False,0.0,True,94.1245,sym,True,False,0.8943,0.8528,1.0,0.0178,True,0.8859,-0.1845,0.0211
C10,5,30,sym3ph,0.3,0.7,0.3,28,True,0.27,True,0.0,True,108.0,sym,True,True,0.3009,0.7872,1.0,0.0215,True,0.2908,-0.1999,0.3
C10,5,30,sym3ph,0.3,0.7,0.3,31,True,0.27,True,0.0,True,108.0,sym,True,False,0.089,0.7543,1.0,0.0388,False,0.0708,-0.1999,0.3
C10,5,30,sym3ph,0.3,0.7,0.3,33,True,0.27,True,0.0,True,108.0,sym,True,False,0.0978,0.7563,1.0,0.0378,False,0.08,-0.1999,0.3
C10,6,25,sym3ph,0.3,1.0,0.6,4,True,0.27,False,0.0,True,108.0,sym,True,False,0.8114,0.8747,1.0,-0.022,True,0.8114,-0.1974,0.133
C10,6,25,sym3ph,0.3,1.0,0.6,7,True,0.27,True,0.0,True,108.0,sym,True,True,0.7916,0.8735,1.0,-0.0279,True,0.7916,-0.1984,0.1626
C10,6,25,sym3ph,0.3,1.0,0.6,10,True,0.27,True,0.0,True,108.0,sym,True,True,0.7772,0.8728,1.0,-0.0305,True,0.7772,-0.1988,0.1841
C10,6,25,sym3ph,0.3,1.0,0.6,14,True,0.27,True,0.0,True,108.0,sym,True,True,0.7714,0.8726,1.0,-0.0313,True,0.7714,-0.1989,0.1929
C10,6,25,sym3ph,0.3,1.0,0.6,17,True,0.27,True,0.0,True,108.0,sym,True,True,0.7698,0.8725,1.0,-0.0315,True,0.7698,-0.1989,0.1954
C10,6,25,sym3ph,0.3,1.0,0.6,21,True,0.0136,True,0.0,True,5.4335,normal,True,True,0.9675,0.9452,1.0,0.0255,True,0.9675,-0.0106,0.0
C10,6,25,sym3ph,0.3,1.0,0.6,24,True,0.27,True,0.0,True,108.0,sym,True,True,0.3771,0.8132,1.0,0.015,True,0.37,-0.1999,0.3
C10,6,25,sym3ph,0.3,1.0,0.6,28,True,0.27,True,0.0,True,108.0,sym,True,True,0.781,0.873,1.0,-0.0301,True,0.781,-0.1987,0.1785
C10,6,25,sym3ph,0.3,1.0,0.6,31,True,0.27,True,0.0,True,108.0,sym,True,True,0.7697,0.8725,1.0,-0.0315,True,0.7697,-0.1989,0.1954
C10,6,25,sym3ph,0.3,1.0,0.6,33,True,0.27,True,0.0,True,108.0,sym,True,True,0.7695,0.8725,1.0,-0.0316,True,0.7695,-0.1989,0.1958
C10,7,6,sym3ph,10.0,1.0,0.6,4,True,0.0134,True,0.0,True,5.3794,normal,True,True,0.9027,0.9311,1.0,0.0292,True,0.9027,-0.0244,0.0
C10,7,6,sym3ph,10.0,1.0,0.6,7,True,0.27,True,0.0,True,108.0,sym,True,True,0.7854,0.8732,1.0,-0.0297,True,0.7854,-0.1986,0.1719
C10,7,6,sym3ph,10.0,1.0,0.6,10,True,0.27,True,0.0,True,108.0,sym,True,True,0.7709,0.8725,1.0,-0.0314,True,0.7709,-0.1989,0.1936
C10,7,6,sym3ph,10.0,1.0,0.6,14,True,0.27,True,0.0,True,108.0,sym,True,True,0.765,0.8723,1.0,-0.0319,True,0.765,-0.199,0.2024
C10,7,6,sym3ph,10.0,1.0,0.6,17,True,0.27,True,0.0,True,108.0,sym,True,True,0.7634,0.8722,1.0,-0.0319,True,0.7634,-0.199,0.2049
C10,7,6,sym3ph,10.0,1.0,0.6,21,True,0.0157,True,0.0,True,6.2722,normal,True,True,0.9868,0.9523,1.0,0.0234,True,0.9868,-0.004,0.0
C10,7,6,sym3ph,10.0,1.0,0.6,24,True,0.0129,True,0.0,True,5.1484,normal,True,True,0.9289,0.9334,1.0,0.0288,True,0.9289,-0.0217,0.0
C10,7,6,sym3ph,10.0,1.0,0.6,28,True,0.27,True,0.0,True,108.0,sym,True,True,0.7747,0.8727,1.0,-0.0308,True,0.7747,-0.1988,0.1879
C10,7,6,sym3ph,10.0,1.0,0.6,31,True,0.27,True,0.0,True,108.0,sym,True,True,0.7633,0.8722,1.0,-0.0319,True,0.7633,-0.199,0.205
C10,7,6,sym3ph,10.0,1.0,0.6,33,True,0.27,True,0.0,True,108.0,sym,True,True,0.7631,0.8722,1.0,-0.032,True,0.7631,-0.199,0.2054
C10,8,3,sym3ph,30.0,1.0,0.6,4,True,0.0128,True,0.0,True,5.1374,normal,True,True,0.962,0.9428,1.0,0.0262,True,0.962,-0.0128,0.0
C10,8,3,sym3ph,30.0,1.0,0.6,7,True,0.0127,True,0.0,True,5.0994,normal,True,True,0.9393,0.9358,1.0,0.0281,True,0.9393,-0.0194,0.0
C10,8,3,sym3ph,30.0,1.0,0.6,10,True,0.0129,True,0.0,True,5.1762,normal,True,True,0.9216,0.9319,1.0,0.0292,True,0.9216,-0.0231,0.0
C10,8,3,sym3ph,30.0,1.0,0.6,14,True,0.0131,True,0.0,True,5.2293,normal,True,True,0.9138,0.931,1.0,0.0293,True,0.9138,-0.0242,0.0
C10,8,3,sym3ph,30.0,1.0,0.6,17,True,0.0132,True,0.0,True,5.2623,normal,True,True,0.9104,0.9308,1.0,0.0294,True,0.9104,-0.0246,0.0
C10,8,3,sym3ph,30.0,1.0,0.6,21,True,0.0159,True,0.0,True,6.3665,normal,True,True,0.9915,0.9531,1.0,0.0232,True,0.9915,-0.0029,0.0
C10,8,3,sym3ph,30.0,1.0,0.6,24,True,0.0125,True,0.0,True,5.0103,normal,True,True,0.9585,0.9417,1.0,0.0265,True,0.9585,-0.0139,0.0
C10,8,3,sym3ph,30.0,1.0,0.6,28,True,0.0129,True,0.0,True,5.1443,normal,True,True,0.9296,0.9335,1.0,0.0287,True,0.9296,-0.0215,0.0
C10,8,3,sym3ph,30.0,1.0,0.6,31,True,0.013,True,0.0,True,5.1978,normal,True,True,0.9175,0.9314,1.0,0.0293,True,0.9175,-0.0237,0.0
C10,8,3,sym3ph,30.0,1.0,0.6,33,True,0.013,True,0.0,True,5.2047,normal,True,True,0.9166,0.9313,1.0,0.0293,True,0.9166,-0.0238,0.0
C10,9,3,sym3ph,10.0,0.7,0.6,4,True,0.0128,True,0.0,True,5.127,normal,True,True,0.9329,0.9342,1.0,0.0286,True,0.9329,-0.0208,0.0
C10,9,3,sym3ph,10.0,0.7,0.6,7,True,0.013,True,0.0,True,5.187,normal,True,True,0.9189,0.9316,1.0,0.0292,True,0.9189,-0.0235,0.0
C10,9,3,sym3ph,10.0,0.7,0.6,10,True,0.0132,True,0.0,True,5.2861,normal,True,True,0.9088,0.9308,1.0,0.0293,True,0.9088,-0.0246,0.0
C10,9,3,sym3ph,10.0,0.7,0.6,14,True,0.0134,True,0.0,True,5.3621,normal,True,True,0.9042,0.931,1.0,0.0292,True,0.9042,-0.0245,0.0
C10,9,3,sym3ph,10.0,0.7,0.6,17,True,0.0135,True,0.0,True,5.3827,normal,True,True,0.9023,0.9311,1.0,0.0292,True,0.9023,-0.0243,0.0
C10,9,3,sym3ph,10.0,0.7,0.6,21,True,0.0157,True,0.0,True,6.2996,normal,True,True,0.9881,0.9525,1.0,0.0234,True,0.9881,-0.0037,0.0
C10,9,3,sym3ph,10.0,0.7,0.6,24,True,0.0129,True,0.0,True,5.1407,normal,True,True,0.9302,0.9336,1.0,0.0287,True,0.9302,-0.0214,0.0
C10,9,3,sym3ph,10.0,0.7,0.6,28,True,0.0131,True,0.0,True,5.2369,normal,True,True,0.9129,0.9309,1.0,0.0294,True,0.9129,-0.0243,0.0
C10,9,3,sym3ph,10.0,0.7,0.6,31,True,0.0134,True,0.0,True,5.3413,normal,True,True,0.9054,0.9309,1.0,0.0293,True,0.9054,-0.0246,0.0
C10,9,3,sym3ph,10.0,0.7,0.6,33,True,0.0134,True,0.0,True,5.35,normal,True,True,0.9049,0.931,1.0,0.0293,True,0.9049,-0.0245,0.0
C10,10,18,sym3ph,0.3,1.0,0.6,4,True,0.0129,True,0.0,True,5.1764,normal,True,True,0.9225,0.9321,1.0,0.0291,True,0.9225,-0.023,0.0
C10,10,18,sym3ph,0.3,1.0,0.6,7,True,0.27,True,0.0,True,108.0,sym,True,True,0.7871,0.8733,1.0,-0.0292,True,0.7871,-0.1985,0.1694
C10,10,18,sym3ph,0.3,1.0,0.6,10,True,0.27,True,0.0,True,108.0,sym,True,True,0.5105,0.8578,1.0,-0.0088,True,0.5105,-0.1999,0.3
C10,10,18,sym3ph,0.3,1.0,0.6,14,True,0.27,True,0.0,True,108.0,sym,True,True,0.3227,0.7945,1.0,0.0193,True,0.3136,-0.1999,0.3
C10,10,18,sym3ph,0.3,1.0,0.6,17,True,0.27,True,0.0,True,108.0,sym,True,False,0.0975,0.7562,1.0,0.0378,False,0.0797,-0.1999,0.3
C10,10,18,sym3ph,0.3,1.0,0.6,21,True,0.0158,True,0.0,True,6.3138,normal,True,True,0.9888,0.9526,1.0,0.0233,True,0.9888,-0.0035,0.0
C10,10,18,sym3ph,0.3,1.0,0.6,24,True,0.0127,True,0.0,True,5.0852,normal,True,True,0.9413,0.9364,1.0,0.028,True,0.9413,-0.0189,0.0
C10,10,18,sym3ph,0.3,1.0,0.6,28,True,0.27,False,0.0,True,108.0,sym,True,False,0.808,0.8745,1.0,-0.0231,True,0.808,-0.1976,0.138
C10,10,18,sym3ph,0.3,1.0,0.6,31,True,0.27,True,0.0,True,108.0,sym,True,True,0.7971,0.8739,1.0,-0.0263,True,0.7971,-0.1982,0.1543
C10,10,18,sym3ph,0.3,1.0,0.6,33,True,0.27,True,0.0,True,108.0,sym,True,True,0.7969,0.8738,1.0,-0.0264,True,0.7969,-0.1982,0.1547
C10,12,30,1ph_g,30.0,1.0,0.6,4,True,0.0139,True,0.0096,True,5.5685,normal,True,True,0.9722,0.9477,1.0,0.0248,True,0.9722,-0.0081,0.0
C10,12,30,1ph_g,30.0,1.0,0.6,7,True,0.0127,True,0.0232,True,5.0717,normal,True,True,0.9383,0.9368,1.0,0.028,True,0.9383,-0.018,0.0
C10,12,30,1ph_g,30.0,1.0,0.6,10,True,0.0132,True,0.0235,True,5.2603,normal,True,True,0.9205,0.9327,1.0,0.0289,True,0.9205,-0.0224,0.0
C10,12,30,1ph_g,30.0,1.0,0.6,14,True,0.0133,True,0.0236,True,5.3148,normal,True,True,0.9127,0.9317,1.0,0.0291,True,0.9127,-0.0237,0.0
C10,12,30,1ph_g,30.0,1.0,0.6,17,True,0.0134,True,0.0237,True,5.3494,normal,True,True,0.9093,0.9316,1.0,0.0291,True,0.9093,-0.024,0.0
C10,12,30,1ph_g,30.0,1.0,0.6,21,True,0.016,True,0.0009,True,6.3916,normal,True,True,0.9937,0.9534,1.0,0.0232,True,0.9937,-0.0025,0.0
C10,12,30,1ph_g,30.0,1.0,0.6,24,True,0.0141,True,0.006,True,5.6222,normal,True,True,0.9723,0.9476,1.0,0.0248,True,0.9723,-0.0083,0.0
C10,12,30,1ph_g,30.0,1.0,0.6,28,True,0.0134,True,0.0403,True,5.3468,normal,True,True,0.9141,0.9322,1.0,0.029,True,0.9141,-0.0233,0.0
C10,12,30,1ph_g,30.0,1.0,0.6,31,True,0.0428,True,0.0549,True,17.1329,asym,True,True,0.8897,0.9935,1.0,-0.0641,True,0.8897,-0.0053,0.0154
C10,12,30,1ph_g,30.0,1.0,0.6,33,True,0.0432,True,0.0549,True,17.2796,asym,True,True,0.8889,0.9934,1.0,-0.0642,True,0.8889,-0.0055,0.0166
C10,13,9,1ph_g,3.0,1.0,0.3,4,True,0.0127,True,0.0379,True,5.0836,normal,True,True,0.9419,0.9385,1.0,0.0275,True,0.9419,-0.0164,0.0
C10,13,9,1ph_g,3.0,1.0,0.3,7,True,0.0874,True,0.1083,True,34.9708,asym,True,True,0.8532,0.9752,1.0,-0.0704,True,0.8532,-0.0331,0.0702
C10,13,9,1ph_g,3.0,1.0,0.3,10,True,0.2325,True,0.2223,True,93.0177,asym,True,True,0.7266,0.9433,1.0,-0.0558,True,0.7266,-0.0622,0.2601
C10,13,9,1ph_g,3.0,1.0,0.3,14,True,0.2334,True,0.2195,True,93.3487,asym,True,True,0.7238,0.9432,1.0,-0.0556,True,0.7238,-0.062,0.2643
C10,13,9,1ph_g,3.0,1.0,0.3,17,True,0.2333,True,0.2181,True,93.3251,asym,True,True,0.7235,0.9432,1.0,-0.0556,True,0.7235,-0.062,0.2648
C10,13,9,1ph_g,3.0,1.0,0.3,21,True,0.0157,True,0.0037,True,6.2971,normal,True,True,0.9898,0.9529,1.0,0.0233,True,0.9898,-0.0031,0.0
C10,13,9,1ph_g,3.0,1.0,0.3,24,True,0.0125,True,0.0236,True,5.0043,normal,True,True,0.9526,0.9413,1.0,0.0267,True,0.9526,-0.0138,0.0
C10,13,9,1ph_g,3.0,1.0,0.3,28,True,0.0803,True,0.0924,True,32.1258,asym,True,True,0.8547,0.9783,1.0,-0.069,True,0.8547,-0.0284,0.068
C10,13,9,1ph_g,3.0,1.0,0.3,31,True,0.0972,True,0.0941,True,38.8725,asym,True,True,0.84,0.9726,1.0,-0.0706,True,0.84,-0.0364,0.09
C10,13,9,1ph_g,3.0,1.0,0.3,33,True,0.0984,True,0.0943,True,39.3463,asym,True,True,0.8391,0.9723,1.0,-0.0707,True,0.8391,-0.0367,0.0914
C10,14,14,1ph_g,30.0,0.7,0.6,4,True,0.0149,True,0.0088,True,5.9565,normal,True,True,0.9803,0.9508,1.0,0.0239,True,0.9803,-0.0052,0.0
C10,14,14,1ph_g,30.0,0.7,0.6,7,True,0.0125,True,0.0254,True,4.9985,normal,True,True,0.9538,0.9418,1.0,0.0266,True,0.9538,-0.0133,0.0
C10,14,14,1ph_g,30.0,0.7,0.6,10,True,0.0136,True,0.0636,True,5.4451,normal,True,True,0.9105,0.9325,1.0,0.0289,True,0.9105,-0.0229,0.0
C10,14,14,1ph_g,30.0,0.7,0.6,14,True,0.0536,True,0.0906,True,21.4306,asym,True,True,0.8833,0.9884,1.0,-0.0675,True,0.8833,-0.0135,0.0251
C10,14,14,1ph_g,30.0,0.7,0.6,17,True,0.0549,True,0.0908,True,21.9435,asym,True,True,0.8816,0.9879,1.0,-0.0676,True,0.8816,-0.0142,0.0276
C10,14,14,1ph_g,30.0,0.7,0.6,21,True,0.0161,True,0.0009,True,6.4298,normal,True,True,0.9961,0.9538,1.0,0.0231,True,0.9961,-0.002,0.0
C10,14,14,1ph_g,30.0,0.7,0.6,24,True,0.0151,True,0.0055,True,6.0308,normal,True,True,0.981,0.951,1.0,0.0238,True,0.981,-0.0052,0.0
C10,14,14,1ph_g,30.0,0.7,0.6,28,True,0.0125,True,0.0212,True,5.0139,normal,True,True,0.9503,0.9404,1.0,0.027,True,0.9503,-0.0147,0.0
C10,14,14,1ph_g,30.0,0.7,0.6,31,True,0.0126,True,0.0213,True,5.0459,normal,True,True,0.9431,0.9381,1.0,0.0276,True,0.9431,-0.0168,0.0
C10,14,14,1ph_g,30.0,0.7,0.6,33,True,0.0126,True,0.0213,True,5.0482,normal,True,True,0.9426,0.938,1.0,0.0276,True,0.9426,-0.0169,0.0
C10,15,22,1ph_g,1.0,1.0,0.3,4,True,0.0139,True,0.0072,True,5.5601,normal,True,True,0.9714,0.9473,1.0,0.0249,True,0.9714,-0.0085,0.0
C10,15,22,1ph_g,1.0,1.0,0.3,7,True,0.0126,True,0.0074,True,5.0501,normal,True,True,0.9456,0.9381,1.0,0.0275,True,0.9456,-0.0171,0.0
C10,15,22,1ph_g,1.0,1.0,0.3,10,True,0.0129,True,0.0076,True,5.1752,normal,True,True,0.924,0.9326,1.0,0.029,True,0.924,-0.0223,0.0
C10,15,22,1ph_g,1.0,1.0,0.3,14,True,0.0131,True,0.0076,True,5.2426,normal,True,True,0.9148,0.9314,1.0,0.0292,True,0.9148,-0.0239,0.0
C10,15,22,1ph_g,1.0,1.0,0.3,17,True,0.0132,True,0.0077,True,5.2821,normal,True,True,0.9108,0.9311,1.0,0.0293,True,0.9108,-0.0243,0.0
C10,15,22,1ph_g,1.0,1.0,0.3,21,True,0.1832,True,0.2012,True,73.263,asym,True,True,0.7943,0.9518,1.0,-0.0629,True,0.7943,-0.0595,0.1585
C10,15,22,1ph_g,1.0,1.0,0.3,24,True,0.0135,True,0.0072,True,5.3948,normal,True,True,0.9683,0.9459,1.0,0.0253,True,0.9683,-0.0098,0.0
C10,15,22,1ph_g,1.0,1.0,0.3,28,True,0.0128,True,0.0075,True,5.1126,normal,True,True,0.9346,0.9349,1.0,0.0284,True,0.9346,-0.02,0.0
C10,15,22,1ph_g,1.0,1.0,0.3,31,True,0.013,True,0.0076,True,5.2009,normal,True,True,0.9206,0.9321,1.0,0.0291,True,0.9206,-0.023,0.0
C10,15,22,1ph_g,1.0,1.0,0.3,33,True,0.013,True,0.0076,True,5.2072,normal,True,True,0.9196,0.9319,1.0,0.0291,True,0.9196,-0.0231,0.0
C10,16,14,1ph_g,10.0,0.7,0.0,4,True,0.0129,True,0.0174,True,5.1747,normal,True,True,0.9666,0.9455,1.0,0.0255,True,0.9666,-0.0099,0.0
C10,16,14,1ph_g,10.0,0.7,0.0,7,True,0.0133,True,0.0497,True,5.337,normal,True,True,0.9193,0.933,1.0,0.0288,True,0.9193,-0.0222,0.0
C10,16,14,1ph_g,10.0,0.7,0.0,10,True,0.1167,True,0.1233,True,46.6671,asym,True,True,0.8353,0.9683,1.0,-0.0717,True,0.8353,-0.041,0.0971
C10,16,14,1ph_g,10.0,0.7,0.0,14,True,0.1863,True,0.1749,True,74.5129,asym,True,True,0.7826,0.9513,1.0,-0.0625,True,0.7826,-0.0593,0.1761
C10,16,14,1ph_g,10.0,0.7,0.0,17,True,0.1873,True,0.1743,True,74.9098,asym,True,True,0.7816,0.9512,1.0,-0.0624,True,0.7816,-0.0593,0.1776
C10,16,14,1ph_g,10.0,0.7,0.0,21,True,0.0159,True,0.0017,True,6.3741,normal,True,True,0.9931,0.9534,1.0,0.0232,True,0.9931,-0.0025,0.0
C10,16,14,1ph_g,10.0,0.7,0.0,24,True,0.0137,True,0.0108,True,5.4902,normal,True,True,0.9709,0.9472,1.0,0.0249,True,0.9709,-0.0085,0.0
C10,16,14,1ph_g,10.0,0.7,0.0,28,True,0.0134,True,0.042,True,5.3409,normal,True,True,0.9157,0.9324,1.0,0.0289,True,0.9157,-0.0229,0.0
C10,16,14,1ph_g,10.0,0.7,0.0,31,True,0.0136,True,0.0425,True,5.441,normal,True,True,0.9045,0.9318,1.0,0.029,True,0.9045,-0.0238,0.0
C10,16,14,1ph_g,10.0,0.7,0.0,33,True,0.0136,True,0.0425,True,5.449,normal,True,True,0.9037,0.9318,1.0,0.029,True,0.9037,-0.0237,0.0
C10,17,22,1ph_g,0.3,1.0,0.6,4,True,0.0141,True,0.0081,True,5.6552,normal,True,True,0.9735,0.9482,1.0,0.0246,True,0.9735,-0.0077,0.0
C10,17,22,1ph_g,0.3,1.0,0.6,7,True,0.0126,True,0.0082,True,5.0265,normal,True,True,0.9511,0.9399,1.0,0.027,True,0.9511,-0.0154,0.0
C10,17,22,1ph_g,0.3,1.0,0.6,10,True,0.0128,True,0.0084,True,5.1148,normal,True,True,0.9336,0.9347,1.0,0.0285,True,0.9336,-0.0202,0.0
C10,17,22,1ph_g,0.3,1.0,0.6,14,True,0.0129,True,0.0084,True,5.1575,normal,True,True,0.9259,0.9331,1.0,0.0289,True,0.9259,-0.0218,0.0
C10,17,22,1ph_g,0.3,1.0,0.6,17,True,0.013,True,0.0085,True,5.1917,normal,True,True,0.9226,0.9324,1.0,0.0291,True,0.9226,-0.0226,0.0
C10,17,22,1ph_g,0.3,1.0,0.6,21,True,0.211,True,0.2261,True,84.4155,asym,True,True,0.7695,0.947,1.0,-0.0594,True,0.7695,-0.062,0.1958
C10,17,22,1ph_g,0.3,1.0,0.6,24,True,0.0137,True,0.0081,True,5.4829,normal,True,True,0.9701,0.9468,1.0,0.025,True,0.9701,-0.009,0.0
C10,17,22,1ph_g,0.3,1.0,0.6,28,True,0.0127,True,0.0083,True,5.0711,normal,True,True,0.9416,0.9369,1.0,0.0278,True,0.9416,-0.0182,0.0
C10,17,22,1ph_g,0.3,1.0,0.6,31,True,0.0128,True,0.0085,True,5.1324,normal,True,True,0.9296,0.9338,1.0,0.0287,True,0.9296,-0.021,0.0
C10,17,22,1ph_g,0.3,1.0,0.6,33,True,0.0128,True,0.0085,True,5.1372,normal,True,True,0.9288,0.9337,1.0,0.0288,True,0.9288,-0.0212,0.0
C10,19,3,1ph_g,3.0,0.7,0.3,4,True,0.0131,True,0.0608,True,5.2596,normal,True,True,0.9299,0.9355,1.0,0.0282,True,0.9299,-0.0196,0.0
C10,19,3,1ph_g,3.0,0.7,0.3,7,True,0.0135,True,0.0617,True,5.4184,normal,True,True,0.9129,0.9326,1.0,0.0288,True,0.9129,-0.0228,0.0
C10,19,3,1ph_g,3.0,0.7,0.3,10,True,0.0403,True,0.0625,True,16.1362,asym,True,True,0.8992,0.994,1.0,-0.0643,True,0.8992,-0.0049,0.0012
C10,19,3,1ph_g,3.0,0.7,0.3,14,True,0.0424,True,0.0629,True,16.9651,asym,True,True,0.8934,0.9933,1.0,-0.0646,True,0.8934,-0.0058,0.0099
C10,19,3,1ph_g,3.0,0.7,0.3,17,True,0.0435,True,0.0631,True,17.4171,asym,True,True,0.8909,0.9929,1.0,-0.0647,True,0.8909,-0.0063,0.0136
C10,19,3,1ph_g,3.0,0.7,0.3,21,True,0.0154,True,0.0096,True,6.1669,normal,True,True,0.9869,0.9525,1.0,0.0234,True,0.9869,-0.0035,0.0
C10,19,3,1ph_g,3.0,0.7,0.3,24,True,0.0132,True,0.061,True,5.2829,normal,True,True,0.9274,0.9348,1.0,0.0284,True,0.9274,-0.0203,0.0
C10,19,3,1ph_g,3.0,0.7,0.3,28,True,0.0137,True,0.0618,True,5.4884,normal,True,True,0.9054,0.9322,1.0,0.0289,True,0.9054,-0.0232,0.0
C10,19,3,1ph_g,3.0,0.7,0.3,31,True,0.0413,True,0.0622,True,16.5085,asym,True,True,0.8962,0.9937,1.0,-0.0644,True,0.8962,-0.0053,0.0057
C10,19,3,1ph_g,3.0,0.7,0.3,33,True,0.0415,True,0.0623,True,16.5931,asym,True,True,0.8956,0.9936,1.0,-0.0644,True,0.8956,-0.0054,0.0066
C10,20,6,1ph_g,1.0,0.7,0.6,4,True,0.0511,True,0.1008,True,20.4539,asym,True,True,0.8903,0.9889,1.0,-0.0679,True,0.8903,-0.0129,0.0146
C10,20,6,1ph_g,1.0,0.7,0.6,7,True,0.2251,True,0.2393,True,90.0453,asym,True,True,0.7479,0.9445,1.0,-0.0573,True,0.7479,-0.0628,0.2281
C10,20,6,1ph_g,1.0,0.7,0.6,10,True,0.2212,True,0.2306,True,88.4635,asym,True,True,0.7529,0.9452,1.0,-0.0576,True,0.7529,-0.0625,0.2207
C10,20,6,1ph_g,1.0,0.7,0.6,14,True,0.2196,True,0.2273,True,87.833,asym,True,True,0.7548,0.9455,1.0,-0.0578,True,0.7548,-0.0624,0.2178
C10,20,6,1ph_g,1.0,0.7,0.6,17,True,0.2183,True,0.2256,True,87.3299,asym,True,True,0.7566,0.9457,1.0,-0.0579,True,0.7566,-0.0623,0.2151
C10,20,6,1ph_g,1.0,0.7,0.6,21,True,0.0154,True,0.0098,True,6.1729,normal,True,True,0.9873,0.9526,1.0,0.0234,True,0.9873,-0.0034,0.0
C10,20,6,1ph_g,1.0,0.7,0.6,24,True,0.0133,True,0.0625,True,5.3119,normal,True,True,0.9251,0.9344,1.0,0.0285,True,0.9251,-0.0208,0.0
C10,20,6,1ph_g,1.0,0.7,0.6,28,True,0.2253,True,0.2362,True,90.1208,asym,True,True,0.7466,0.9445,1.0,-0.0571,True,0.7466,-0.0627,0.2302
C10,20,6,1ph_g,1.0,0.7,0.6,31,True,0.2239,True,0.2308,True,89.5666,asym,True,True,0.7476,0.9448,1.0,-0.0572,True,0.7476,-0.0625,0.2286
C10,20,6,1ph_g,1.0,0.7,0.6,33,True,0.2235,True,0.2303,True,89.3901,asym,True,True,0.7483,0.9449,1.0,-0.0573,True,0.7483,-0.0625,0.2276
C10,21,3,1ph_g,30.0,1.0,0.3,4,True,0.014,True,0.0071,True,5.5925,normal,True,True,0.972,0.9476,1.0,0.0248,True,0.972,-0.0083,0.0
C10,21,3,1ph_g,30.0,1.0,0.3,7,True,0.0126,True,0.0073,True,5.0465,normal,True,True,0.9462,0.9383,1.0,0.0275,True,0.9462,-0.017,0.0
C10,21,3,1ph_g,30.0,1.0,0.3,10,True,0.0129,True,0.0074,True,5.1679,normal,True,True,0.9246,0.9328,1.0,0.029,True,0.9246,-0.0221,0.0
C10,21,3,1ph_g,30.0,1.0,0.3,14,True,0.0131,True,0.0075,True,5.237,normal,True,True,0.9154,0.9314,1.0,0.0292,True,0.9154,-0.0238,0.0
C10,21,3,1ph_g,30.0,1.0,0.3,17,True,0.0132,True,0.0075,True,5.2729,normal,True,True,0.9114,0.9311,1.0,0.0293,True,0.9114,-0.0243,0.0
C10,21,3,1ph_g,30.0,1.0,0.3,21,True,0.0159,True,0.0011,True,6.37,normal,True,True,0.9924,0.9532,1.0,0.0232,True,0.9924,-0.0027,0.0
C10,21,3,1ph_g,30.0,1.0,0.3,24,True,0.0136,True,0.0072,True,5.4284,normal,True,True,0.9689,0.9462,1.0,0.0252,True,0.9689,-0.0096,0.0
C10,21,3,1ph_g,30.0,1.0,0.3,28,True,0.0128,True,0.0073,True,5.1106,normal,True,True,0.9352,0.9351,1.0,0.0284,True,0.9352,-0.0199,0.0
C10,21,3,1ph_g,30.0,1.0,0.3,31,True,0.013,True,0.0074,True,5.1959,normal,True,True,0.9213,0.9321,1.0,0.0291,True,0.9213,-0.0229,0.0
C10,21,3,1ph_g,30.0,1.0,0.3,33,True,0.013,True,0.0074,True,5.2022,normal,True,True,0.9203,0.932,1.0,0.0291,True,0.9203,-0.023,0.0
C10,22,9,1ph_g,30.0,1.0,0.3,4,True,0.0135,True,0.0098,True,5.4142,normal,True,True,0.9692,0.9465,1.0,0.0252,True,0.9692,-0.0093,0.0
C10,22,9,1ph_g,30.0,1.0,0.3,7,True,0.0129,True,0.028,True,5.1714,normal,True,True,0.9296,0.9344,1.0,0.0286,True,0.9296,-0.0204,0.0
C10,22,9,1ph_g,30.0,1.0,0.3,10,True,0.0471,True,0.0585,True,18.8591,asym,True,True,0.8823,0.9919,1.0,-0.0647,True,0.8823,-0.0076,0.0265
C10,22,9,1ph_g,30.0,1.0,0.3,14,True,0.0532,True,0.059,True,21.2741,asym,True,True,0.8731,0.9896,1.0,-0.0656,True,0.8731,-0.011,0.0403
C10,22,9,1ph_g,30.0,1.0,0.3,17,True,0.0564,True,0.0592,True,22.5798,asym,True,True,0.8692,0.9884,1.0,-0.0658,True,0.8692,-0.0129,0.0462
C10,22,9,1ph_g,30.0,1.0,0.3,21,True,0.0159,True,0.001,True,6.3736,normal,True,True,0.9925,0.9533,1.0,0.0232,True,0.9925,-0.0027,0.0
C10,22,9,1ph_g,30.0,1.0,0.3,24,True,0.0137,True,0.0061,True,5.4828,normal,True,True,0.9696,0.9465,1.0,0.0251,True,0.9696,-0.0093,0.0
C10,22,9,1ph_g,30.0,1.0,0.3,28,True,0.0132,True,0.0236,True,5.2604,normal,True,True,0.9205,0.9327,1.0,0.0289,True,0.9205,-0.0224,0.0
C10,22,9,1ph_g,30.0,1.0,0.3,31,True,0.0135,True,0.0238,True,5.3801,normal,True,True,0.9064,0.9315,1.0,0.0291,True,0.9064,-0.0241,0.0
C10,22,9,1ph_g,30.0,1.0,0.3,33,True,0.0135,True,0.0238,True,5.3896,normal,True,True,0.9054,0.9315,1.0,0.0291,True,0.9054,-0.0241,0.0
C10,23,33,1ph_g,3.0,1.0,0.3,4,True,0.0125,True,0.0303,True,5.0081,normal,True,True,0.9493,0.9406,1.0,0.0269,True,0.9493,-0.0143,0.0
C10,23,33,1ph_g,3.0,1.0,0.3,7,True,0.0491,True,0.0727,True,19.631,asym,True,True,0.884,0.9907,1.0,-0.0658,True,0.884,-0.0096,0.024
C10,23,33,1ph_g,3.0,1.0,0.3,10,True,0.0673,True,0.0749,True,26.9235,asym,True,True,0.862,0.984,1.0,-0.0673,True,0.862,-0.0195,0.057
C10,23,33,1ph_g,3.0,1.0,0.3,14,True,0.0765,True,0.0758,True,30.6068,asym,True,True,0.8527,0.9801,1.0,-0.0679,True,0.8527,-0.0254,0.0709
C10,23,33,1ph_g,3.0,1.0,0.3,17,True,0.0807,True,0.0762,True,32.2875,asym,True,True,0.8489,0.9785,1.0,-0.0682,True,0.8489,-0.0279,0.0767
C10,23,33,1ph_g,3.0,1.0,0.3,21,True,0.0158,True,0.003,True,6.3182,normal,True,True,0.9906,0.953,1.0,0.0233,True,0.9906,-0.003,0.0
C10,23,33,1ph_g,3.0,1.0,0.3,24,True,0.0125,True,0.0189,True,4.9902,normal,True,True,0.9572,0.9424,1.0,0.0264,True,0.9572,-0.0128,0.0
C10,23,33,1ph_g,3.0,1.0,0.3,28,True,0.1337,True,0.1256,True,53.4905,asym,True,True,0.8224,0.9648,1.0,-0.0707,True,0.8224,-0.0443,0.1164
C10,23,33,1ph_g,3.0,1.0,0.3,31,True,0.2291,True,0.2087,True,91.6249,asym,True,True,0.7299,0.944,1.0,-0.0558,True,0.7299,-0.0617,0.2552
C10,23,33,1ph_g,3.0,1.0,0.3,33,True,0.24,True,0.2399,True,96.0,asym,True,True,0.7009,0.9418,1.0,-0.0549,True,0.7009,-0.0616,0.2986
C10,24,6,2ph,1.0,0.7,0.0,4,True,0.1602,True,0.1721,True,64.0803,asym,True,True,0.8123,0.9569,1.0,-0.0683,True,0.8123,-0.0546,0.1315
C10,24,6,2ph,1.0,0.7,0.0,7,True,0.24,True,0.4127,True,96.0,asym,True,True,0.5614,0.9327,1.0,-0.0511,True,0.5614,-0.0661,0.3
C10,24,6,2ph,1.0,0.7,0.0,10,True,0.24,True,0.4065,True,96.0,asym,True,True,0.5562,0.9325,1.0,-0.0509,True,0.5562,-0.066,0.3
C10,24,6,2ph,1.0,0.7,0.0,14,True,0.24,True,0.4043,True,96.0,asym,True,True,0.5547,0.9324,1.0,-0.0509,True,0.5547,-0.0659,0.3
C10,24,6,2ph,1.0,0.7,0.0,17,True,0.24,True,0.4037,True,96.0,asym,True,True,0.5547,0.9325,1.0,-0.0509,True,0.5547,-0.0659,0.3
C10,24,6,2ph,1.0,0.7,0.0,21,True,0.0143,True,0.0168,True,5.7394,normal,True,True,0.9779,0.9501,1.0,0.0241,True,0.9779,-0.0057,0.0
C10,24,6,2ph,1.0,0.7,0.0,24,True,0.0643,True,0.1058,True,25.7308,asym,True,True,0.8752,0.984,1.0,-0.0689,True,0.8752,-0.0201,0.0372
C10,24,6,2ph,1.0,0.7,0.0,28,True,0.24,True,0.408,True,96.0,asym,True,True,0.5575,0.9326,1.0,-0.0509,True,0.5575,-0.066,0.3
C10,24,6,2ph,1.0,0.7,0.0,31,True,0.24,True,0.4036,True,96.0,asym,True,True,0.5537,0.9324,1.0,-0.0508,True,0.5537,-0.0658,0.3
C10,24,6,2ph,1.0,0.7,0.0,33,True,0.24,True,0.4035,True,96.0,asym,True,True,0.5539,0.9324,1.0,-0.0508,True,0.5539,-0.0658,0.3
C10,25,14,2ph,0.3,1.0,0.3,4,True,0.0129,True,0.0449,True,5.1613,normal,True,True,0.9352,0.9365,1.0,0.028,True,0.9352,-0.0184,0.0
C10,25,14,2ph,0.3,1.0,0.3,7,True,0.1286,True,0.1296,True,51.4475,asym,True,True,0.828,0.9659,1.0,-0.0713,True,0.828,-0.0433,0.108
C10,25,14,2ph,0.3,1.0,0.3,10,True,0.24,True,0.3263,True,96.0,asym,True,True,0.6203,0.9372,1.0,-0.0522,True,0.6203,-0.0637,0.3
C10,25,14,2ph,0.3,1.0,0.3,14,True,0.24,True,0.4668,True,96.0,asym,True,True,0.4773,0.9276,1.0,-0.0494,True,0.4773,-0.0642,0.3
C10,25,14,2ph,0.3,1.0,0.3,17,True,0.24,True,0.4669,True,96.0,asym,True,True,0.4775,0.9277,1.0,-0.0494,True,0.4775,-0.0643,0.3
C10,25,14,2ph,0.3,1.0,0.3,21,True,0.0157,True,0.0044,True,6.2757,normal,True,True,0.9892,0.9528,1.0,0.0233,True,0.9892,-0.0032,0.0
C10,25,14,2ph,0.3,1.0,0.3,24,True,0.0125,True,0.0276,True,5.0147,normal,True,True,0.9484,0.9402,1.0,0.027,True,0.9484,-0.0148,0.0
C10,25,14,2ph,0.3,1.0,0.3,28,True,0.1069,True,0.1075,True,42.7575,asym,True,True,0.837,0.9704,1.0,-0.0713,True,0.837,-0.0387,0.0944
C10,25,14,2ph,0.3,1.0,0.3,31,True,0.1262,True,0.1073,True,50.4972,asym,True,True,0.8228,0.9666,1.0,-0.0705,True,0.8228,-0.0422,0.1158
C10,25,14,2ph,0.3,1.0,0.3,33,True,0.1273,True,0.1073,True,50.9066,asym,True,True,0.822,0.9664,1.0,-0.0705,True,0.822,-0.0424,0.117
C10,26,14,2ph,3.0,1.0,0.0,4,True,0.0129,True,0.0397,True,5.1402,normal,True,True,0.9359,0.9366,1.0,0.028,True,0.9359,-0.0183,0.0
C10,26,14,2ph,3.0,1.0,0.0,7,True,0.1142,True,0.1146,True,45.6811,asym,True,True,0.8342,0.969,1.0,-0.0714,True,0.8342,-0.0402,0.0987
C10,26,14,2ph,3.0,1.0,0.0,10,True,0.24,True,0.2883,True,96.0,asym,True,True,0.6412,0.9386,1.0,-0.0524,True,0.6412,-0.0628,0.3
C10,26,14,2ph,3.0,1.0,0.0,14,True,0.24,True,0.4129,True,96.0,asym,True,True,0.5122,0.9302,1.0,-0.0498,True,0.5122,-0.0647,0.3
C10,26,14,2ph,3.0,1.0,0.0,17,True,0.24,True,0.4118,True,96.0,asym,True,True,0.5118,0.9302,1.0,-0.0498,True,0.5118,-0.0647,0.3
C10,26,14,2ph,3.0,1.0,0.0,21,True,0.0157,True,0.0039,True,6.2635,normal,True,True,0.9884,0.9526,1.0,0.0234,True,0.9884,-0.0034,0.0
C10,26,14,2ph,3.0,1.0,0.0,24,True,0.0125,True,0.0245,True,5.0195,normal,True,True,0.948,0.9398,1.0,0.0271,True,0.948,-0.0151,0.0
C10,26,14,2ph,3.0,1.0,0.0,28,True,0.0997,True,0.0952,True,39.8654,asym,True,True,0.8384,0.972,1.0,-0.0708,True,0.8384,-0.037,0.0924
C10,26,14,2ph,3.0,1.0,0.0,31,True,0.1217,True,0.0951,True,48.6914,asym,True,True,0.822,0.9676,1.0,-0.07,True,0.822,-0.041,0.117
C10,26,14,2ph,3.0,1.0,0.0,33,True,0.1231,True,0.0951,True,49.2413,asym,True,True,0.821,0.9674,1.0,-0.07,True,0.821,-0.0413,0.1185
C10,27,30,2ph,30.0,0.7,0.3,4,True,0.0124,True,0.0252,True,4.9606,normal,True,True,0.9617,0.944,1.0,0.026,True,0.9617,-0.0111,0.0
C10,27,30,2ph,30.0,0.7,0.3,7,True,0.0135,True,0.0604,True,5.4082,normal,True,True,0.9137,0.9327,1.0,0.0288,True,0.9137,-0.0228,0.0
C10,27,30,2ph,30.0,0.7,0.3,10,True,0.0399,True,0.0604,True,15.9481,asym,True,True,0.9,0.9942,1.0,-0.0641,True,0.9,-0.0046,0.0001
C10,27,30,2ph,30.0,0.7,0.3,14,True,0.0418,True,0.0604,True,16.703,asym,True,True,0.8942,0.9936,1.0,-0.0643,True,0.8942,-0.0053,0.0087
C10,27,30,2ph,30.0,0.7,0.3,17,True,0.0428,True,0.0604,True,17.1012,asym,True,True,0.8918,0.9933,1.0,-0.0645,True,0.8918,-0.0057,0.0123
C10,27,30,2ph,30.0,0.7,0.3,21,True,0.0159,True,0.0025,True,6.3721,normal,True,True,0.9934,0.9534,1.0,0.0232,True,0.9934,-0.0024,0.0
C10,27,30,2ph,30.0,0.7,0.3,24,True,0.0133,True,0.0155,True,5.3125,normal,True,True,0.9687,0.9464,1.0,0.0252,True,0.9687,-0.0092,0.0
C10,27,30,2ph,30.0,0.7,0.3,28,True,0.0722,True,0.1062,True,28.8834,asym,True,True,0.8668,0.9811,1.0,-0.0693,True,0.8668,-0.0246,0.0498
C10,27,30,2ph,30.0,0.7,0.3,31,True,0.1373,True,0.1444,True,54.9231,asym,True,True,0.8249,0.9634,1.0,-0.0705,True,0.8249,-0.0465,0.1126
C10,27,30,2ph,30.0,0.7,0.3,33,True,0.1377,True,0.1444,True,55.0907,asym,True,True,0.8245,0.9633,1.0,-0.0705,True,0.8245,-0.0467,0.1132
C10,28,14,2ph,0.3,0.7,0.0,4,True,0.0128,True,0.0455,True,5.128,normal,True,True,0.9391,0.9378,1.0,0.0277,True,0.9391,-0.0172,0.0
C10,28,14,2ph,0.3,0.7,0.0,7,True,0.1193,True,0.1313,True,47.7191,asym,True,True,0.8359,0.9677,1.0,-0.0718,True,0.8359,-0.0418,0.0961
C10,28,14,2ph,0.3,0.7,0.0,10,True,0.24,True,0.3303,True,96.0,asym,True,True,0.6271,0.9376,1.0,-0.0522,True,0.6271,-0.0637,0.3
C10,28,14,2ph,0.3,0.7,0.0,14,True,0.24,True,0.4724,True,96.0,asym,True,True,0.483,0.9279,1.0,-0.0498,True,0.483,-0.0646,0.3
C10,28,14,2ph,0.3,0.7,0.0,17,True,0.24,True,0.4724,True,96.0,asym,True,True,0.4831,0.9279,1.0,-0.0498,True,0.4831,-0.0646,0.3
C10,28,14,2ph,0.3,0.7,0.0,21,True,0.0157,True,0.0044,True,6.2986,normal,True,True,0.9904,0.953,1.0,0.0233,True,0.9904,-0.003,0.0
C10,28,14,2ph,0.3,0.7,0.0,24,True,0.0125,True,0.028,True,4.9958,normal,True,True,0.9539,0.942,1.0,0.0265,True,0.9539,-0.0131,0.0
C10,28,14,2ph,0.3,0.7,0.0,28,True,0.0933,True,0.109,True,37.3254,asym,True,True,0.8481,0.9733,1.0,-0.071,True,0.8481,-0.0358,0.0778
C10,28,14,2ph,0.3,0.7,0.0,31,True,0.1074,True,0.1089,True,42.9696,asym,True,True,0.8371,0.9703,1.0,-0.0714,True,0.8371,-0.0388,0.0943
C10,28,14,2ph,0.3,0.7,0.0,33,True,0.1083,True,0.1089,True,43.3232,asym,True,True,0.8365,0.9702,1.0,-0.0714,True,0.8365,-0.039,0.0952
C10,29,25,2ph,1.0,1.0,0.3,4,True,0.0444,True,0.0814,True,17.7703,asym,True,True,0.8955,0.992,1.0,-0.0658,True,0.8955,-0.0081,0.0068
C10,29,25,2ph,1.0,1.0,0.3,7,True,0.0624,True,0.0814,True,24.9717,asym,True,True,0.8692,0.9854,1.0,-0.0673,True,0.8692,-0.0177,0.0463
C10,29,25,2ph,1.0,1.0,0.3,10,True,0.084,True,0.0815,True,33.5933,asym,True,True,0.8475,0.9771,1.0,-0.0688,True,0.8475,-0.03,0.0787
C10,29,25,2ph,1.0,1.0,0.3,14,True,0.0939,True,0.0815,True,37.5572,asym,True,True,0.8385,0.9735,1.0,-0.0696,True,0.8385,-0.0351,0.0923
C10,29,25,2ph,1.0,1.0,0.3,17,True,0.0984,True,0.0815,True,39.3709,asym,True,True,0.8348,0.9724,1.0,-0.0701,True,0.8348,-0.0363,0.0979
C10,29,25,2ph,1.0,1.0,0.3,21,True,0.0147,True,0.0129,True,5.8946,normal,True,True,0.9803,0.9508,1.0,0.0239,True,0.9803,-0.0051,0.0
C10,29,25,2ph,1.0,1.0,0.3,24,True,0.24,True,0.29,True,96.0,asym,True,True,0.6829,0.9407,1.0,-0.054,True,0.6829,-0.0623,0.3
C10,29,25,2ph,1.0,1.0,0.3,28,True,0.0735,True,0.0814,True,29.4137,asym,True,True,0.8574,0.9812,1.0,-0.068,True,0.8574,-0.0239,0.0639
C10,29,25,2ph,1.0,1.0,0.3,31,True,0.0887,True,0.0814,True,35.4984,asym,True,True,0.843,0.9753,1.0,-0.0692,True,0.843,-0.0325,0.0855
C10,29,25,2ph,1.0,1.0,0.3,33,True,0.0897,True,0.0814,True,35.8757,asym,True,True,0.8421,0.975,1.0,-0.0693,True,0.8421,-0.033,0.0868
C10,30,3,2ph,3.0,1.0,0.0,4,True,0.1352,True,0.1532,True,54.0619,asym,True,True,0.8296,0.964,1.0,-0.0712,True,0.8296,-0.0459,0.1056
C10,30,3,2ph,3.0,1.0,0.0,7,True,0.1638,True,0.1531,True,65.5387,asym,True,True,0.7996,0.9554,1.0,-0.0668,True,0.7996,-0.0564,0.1505
C10,30,3,2ph,3.0,1.0,0.0,10,True,0.1884,True,0.153,True,75.3649,asym,True,True,0.7738,0.9512,1.0,-0.0617,True,0.7738,-0.0586,0.1893
C10,30,3,2ph,3.0,1.0,0.0,14,True,0.1987,True,0.153,True,79.484,asym,True,True,0.7635,0.9498,1.0,-0.0604,True,0.7635,-0.0587,0.2048
C10,30,3,2ph,3.0,1.0,0.0,17,True,0.2017,True,0.1529,True,80.6875,asym,True,True,0.7595,0.9494,1.0,-0.0598,True,0.7595,-0.0588,0.2107
C10,30,3,2ph,3.0,1.0,0.0,21,True,0.013,True,0.0242,True,5.2146,normal,True,True,0.969,0.9468,1.0,0.0252,True,0.969,-0.0086,0.0
C10,30,3,2ph,3.0,1.0,0.0,24,True,0.1391,True,0.153,True,55.6487,asym,True,True,0.8261,0.9628,1.0,-0.0705,True,0.8261,-0.0474,0.1108
C10,30,3,2ph,3.0,1.0,0.0,28,True,0.1751,True,0.1534,True,70.0543,asym,True,True,0.7854,0.9532,1.0,-0.0628,True,0.7854,-0.0579,0.1719
C10,30,3,2ph,3.0,1.0,0.0,31,True,0.1942,True,0.1535,True,77.6693,asym,True,True,0.7687,0.9505,1.0,-0.0612,True,0.7687,-0.0586,0.1969
C10,30,3,2ph,3.0,1.0,0.0,33,True,0.1951,True,0.1535,True,78.0209,asym,True,True,0.7679,0.9504,1.0,-0.0611,True,0.7679,-0.0586,0.1982
C10,31,30,2ph,0.3,1.0,0.3,4,True,0.0421,True,0.0805,True,16.8584,asym,True,True,0.9,0.9927,1.0,-0.0656,True,0.9,-0.0071,0.0
C10,31,30,2ph,0.3,1.0,0.3,7,True,0.2066,True,0.1929,True,82.6224,asym,True,True,0.7656,0.9481,1.0,-0.0595,True,0.7656,-0.0606,0.2015
C10,31,30,2ph,0.3,1.0,0.3,10,True,0.2188,True,0.1919,True,87.5375,asym,True,True,0.7447,0.9459,1.0,-0.0569,True,0.7447,-0.0611,0.233
C10,31,30,2ph,0.3,1.0,0.3,14,True,0.2232,True,0.1915,True,89.2949,asym,True,True,0.7362,0.9452,1.0,-0.0562,True,0.7362,-0.0611,0.2457
C10,31,30,2ph,0.3,1.0,0.3,17,True,0.2248,True,0.1914,True,89.9007,asym,True,True,0.7332,0.9449,1.0,-0.056,True,0.7332,-0.0611,0.2503
C10,31,30,2ph,0.3,1.0,0.3,21,True,0.0154,True,0.0078,True,6.155,normal,True,True,0.9857,0.9522,1.0,0.0235,True,0.9857,-0.0038,0.0
C10,31,30,2ph,0.3,1.0,0.3,24,True,0.0131,True,0.0495,True,5.2579,normal,True,True,0.9265,0.9343,1.0,0.0285,True,0.9265,-0.0208,0.0
C10,31,30,2ph,0.3,1.0,0.3,28,True,0.24,True,0.3402,True,96.0,asym,True,True,0.6125,0.9366,1.0,-0.052,True,0.6125,-0.064,0.3
C10,31,30,2ph,0.3,1.0,0.3,31,True,0.24,True,0.4633,True,96.0,asym,True,True,0.4827,0.928,1.0,-0.0496,True,0.4827,-0.0645,0.3
C10,31,30,2ph,0.3,1.0,0.3,33,True,0.24,True,0.4634,True,96.0,asym,True,True,0.4829,0.928,1.0,-0.0496,True,0.4829,-0.0645,0.3
C10,32,22,2ph,1.0,1.0,0.6,4,True,0.0136,True,0.0115,True,5.4271,normal,True,True,0.9699,0.9468,1.0,0.0251,True,0.9699,-0.0089,0.0
C10,32,22,2ph,1.0,1.0,0.6,7,True,0.0126,True,0.0115,True,5.0366,normal,True,True,0.9474,0.9389,1.0,0.0273,True,0.9474,-0.0163,0.0
C10,32,22,2ph,1.0,1.0,0.6,10,True,0.0128,True,0.0115,True,5.1265,normal,True,True,0.9298,0.934,1.0,0.0287,True,0.9298,-0.0208,0.0
C10,32,22,2ph,1.0,1.0,0.6,14,True,0.013,True,0.0115,True,5.2064,normal,True,True,0.9221,0.9324,1.0,0.029,True,0.9221,-0.0226,0.0
C10,32,22,2ph,1.0,1.0,0.6,17,True,0.0131,True,0.0115,True,5.2272,normal,True,True,0.9188,0.932,1.0,0.0291,True,0.9188,-0.0231,0.0
C10,32,22,2ph,1.0,1.0,0.6,21,True,0.24,True,0.3287,True,96.0,asym,True,True,0.667,0.9397,1.0,-0.0532,True,0.667,-0.063,0.3
C10,32,22,2ph,1.0,1.0,0.6,24,True,0.0131,True,0.0115,True,5.24,normal,True,True,0.9665,0.9452,1.0,0.0255,True,0.9665,-0.0103,0.0
C10,32,22,2ph,1.0,1.0,0.6,28,True,0.0127,True,0.0115,True,5.0918,normal,True,True,0.9378,0.936,1.0,0.0281,True,0.9378,-0.0189,0.0
C10,32,22,2ph,1.0,1.0,0.6,31,True,0.0129,True,0.0115,True,5.1683,normal,True,True,0.9258,0.9331,1.0,0.0289,True,0.9258,-0.0217,0.0
C10,32,22,2ph,1.0,1.0,0.6,33,True,0.0129,True,0.0115,True,5.1774,normal,True,True,0.925,0.9329,1.0,0.0289,True,0.925,-0.0219,0.0
C10,33,30,2ph,3.0,0.7,0.3,4,True,0.0135,True,0.0686,True,5.4029,normal,True,True,0.9177,0.9334,1.0,0.0286,True,0.9177,-0.0221,0.0
C10,33,30,2ph,3.0,0.7,0.3,7,True,0.1614,True,0.1645,True,64.5615,asym,True,True,0.8084,0.9565,1.0,-0.068,True,0.8084,-0.0551,0.1374
C10,33,30,2ph,3.0,0.7,0.3,10,True,0.1687,True,0.164,True,67.4893,asym,True,True,0.7964,0.9545,1.0,-0.0648,True,0.7964,-0.0572,0.1553
C10,33,30,2ph,3.0,0.7,0.3,14,True,0.1728,True,0.1638,True,69.1057,asym,True,True,0.7916,0.9537,1.0,-0.0636,True,0.7916,-0.0578,0.1625
C10,33,30,2ph,3.0,0.7,0.3,17,True,0.1742,True,0.1638,True,69.6642,asym,True,True,0.7901,0.9534,1.0,-0.0633,True,0.7901,-0.058,0.1649
C10,33,30,2ph,3.0,0.7,0.3,21,True,0.0156,True,0.0067,True,6.2482,normal,True,True,0.9891,0.9528,1.0,0.0233,True,0.9891,-0.0031,0.0
C10,33,30,2ph,3.0,0.7,0.3,24,True,0.0127,True,0.0422,True,5.0998,normal,True,True,0.9414,0.9384,1.0,0.0275,True,0.9414,-0.0165,0.0
C10,33,30,2ph,3.0,0.7,0.3,28,True,0.24,True,0.2897,True,96.0,asym,True,True,0.6796,0.9406,1.0,-0.0539,True,0.6796,-0.0623,0.3
C10,33,30,2ph,3.0,0.7,0.3,31,True,0.24,True,0.3943,True,96.0,asym,True,True,0.5715,0.9335,1.0,-0.0511,True,0.5715,-0.0658,0.3
C10,33,30,2ph,3.0,0.7,0.3,33,True,0.24,True,0.3943,True,96.0,asym,True,True,0.5718,0.9335,1.0,-0.0511,True,0.5718,-0.0658,0.3
C10,34,14,2ph,3.0,1.0,0.6,4,True,0.0127,True,0.0412,True,5.0986,normal,True,True,0.9412,0.9383,1.0,0.0275,True,0.9412,-0.0166,0.0
C10,34,14,2ph,3.0,1.0,0.6,7,True,0.1009,True,0.119,True,40.3607,asym,True,True,0.8454,0.9715,1.0,-0.0719,True,0.8454,-0.038,0.082
C10,34,14,2ph,3.0,1.0,0.6,10,True,0.24,True,0.2995,True,96.0,asym,True,True,0.6573,0.9394,1.0,-0.0528,True,0.6573,-0.0628,0.3
C10,34,14,2ph,3.0,1.0,0.6,14,True,0.24,True,0.4281,True,96.0,asym,True,True,0.5285,0.9309,1.0,-0.0504,True,0.5285,-0.0655,0.3
C10,34,14,2ph,3.0,1.0,0.6,17,True,0.24,True,0.4282,True,96.0,asym,True,True,0.529,0.9309,1.0,-0.0504,True,0.529,-0.0655,0.3
C10,34,14,2ph,3.0,1.0,0.6,21,True,0.0158,True,0.004,True,6.3078,normal,True,True,0.9906,0.953,1.0,0.0233,True,0.9906,-0.0029,0.0
C10,34,14,2ph,3.0,1.0,0.6,24,True,0.0125,True,0.0254,True,5.0016,normal,True,True,0.9529,0.9415,1.0,0.0266,True,0.9529,-0.0136,0.0
C10,34,14,2ph,3.0,1.0,0.6,28,True,0.0843,True,0.0987,True,33.7295,asym,True,True,0.853,0.9766,1.0,-0.0697,True,0.853,-0.031,0.0705
C10,34,14,2ph,3.0,1.0,0.6,31,True,0.0981,True,0.0986,True,39.2536,asym,True,True,0.8407,0.9723,1.0,-0.0709,True,0.8407,-0.0368,0.0889
C10,34,14,2ph,3.0,1.0,0.6,33,True,0.099,True,0.0986,True,39.6043,asym,True,True,0.84,0.9721,1.0,-0.0709,True,0.84,-0.037,0.0899
C10,35,14,2ph,30.0,1.0,0.3,4,True,0.0125,True,0.0198,True,4.9817,normal,True,True,0.959,0.943,1.0,0.0263,True,0.959,-0.0123,0.0
C10,35,14,2ph,30.0,1.0,0.3,7,True,0.0137,True,0.0572,True,5.4993,normal,True,True,0.9024,0.9322,1.0,0.0289,True,0.9024,-0.0233,0.0
C10,35,14,2ph,30.0,1.0,0.3,10,True,0.1605,True,0.1434,True,64.2062,asym,True,True,0.8014,0.9567,1.0,-0.0672,True,0.8014,-0.0546,0.1479
C10,35,14,2ph,30.0,1.0,0.3,14,True,0.224,True,0.2046,True,89.6141,asym,True,True,0.7389,0.945,1.0,-0.0565,True,0.7389,-0.0616,0.2417
C10,35,14,2ph,30.0,1.0,0.3,17,True,0.2251,True,0.2041,True,90.0546,asym,True,True,0.7365,0.9448,1.0,-0.0563,True,0.7365,-0.0616,0.2453
C10,35,14,2ph,30.0,1.0,0.3,21,True,0.0159,True,0.0019,True,6.3465,normal,True,True,0.9915,0.9531,1.0,0.0233,True,0.9915,-0.0028,0.0
C10,35,14,2ph,30.0,1.0,0.3,24,True,0.0127,True,0.0122,True,5.0669,normal,True,True,0.9633,0.9438,1.0,0.026,True,0.9633,-0.0116,0.0
C10,35,14,2ph,30.0,1.0,0.3,28,True,0.2249,False,0.0476,True,89.9796,sym,True,False,0.9114,0.8391,1.0,0.0266,True,0.8989,-0.1807,0.0017
C10,35,14,2ph,30.0,1.0,0.3,31,True,0.2321,False,0.0476,True,92.8243,sym,True,False,0.8966,0.8475,1.0,0.0209,True,0.8868,-0.1838,0.0198
C10,35,14,2ph,30.0,1.0,0.3,33,True,0.2323,False,0.0476,True,92.9367,sym,True,False,0.896,0.8478,1.0,0.0206,True,0.8863,-0.1839,0.0205
C10,36,3,2ph_g,3.0,1.0,0.0,4,True,0.0612,True,0.061,True,24.4871,asym,True,True,0.8641,0.9865,1.0,-0.0662,True,0.8641,-0.0156,0.0539
C10,36,3,2ph_g,3.0,1.0,0.0,7,True,0.0925,True,0.063,True,37.0133,asym,True,True,0.8335,0.9744,1.0,-0.0686,True,0.8335,-0.0334,0.0997
C10,36,3,2ph_g,3.0,1.0,0.0,10,True,0.1275,True,0.065,True,51.0004,asym,True,True,0.8071,0.9668,1.0,-0.0687,True,0.8071,-0.0411,0.1393
C10,36,3,2ph_g,3.0,1.0,0.0,14,True,0.1413,True,0.0659,True,56.5021,asym,True,True,0.7964,0.9637,1.0,-0.0682,True,0.7964,-0.0443,0.1554
C10,36,3,2ph_g,3.0,1.0,0.0,17,True,0.1459,True,0.0663,True,58.3648,asym,True,True,0.7921,0.9622,1.0,-0.0675,True,0.7921,-0.0461,0.1619
C10,36,3,2ph_g,3.0,1.0,0.0,21,True,0.0142,True,0.0096,True,5.6839,normal,True,True,0.9746,0.9487,1.0,0.0245,True,0.9746,-0.0072,0.0
C10,36,3,2ph_g,3.0,1.0,0.0,24,True,0.0642,True,0.0612,True,25.6991,asym,True,True,0.8606,0.9854,1.0,-0.0664,True,0.8606,-0.0172,0.059
C10,36,3,2ph_g,3.0,1.0,0.0,28,True,0.1099,True,0.0635,True,43.9457,asym,True,True,0.8197,0.9703,1.0,-0.0691,True,0.8197,-0.038,0.1204
C10,36,3,2ph_g,3.0,1.0,0.0,31,True,0.133,True,0.0644,True,53.2176,asym,True,True,0.8029,0.9658,1.0,-0.0686,True,0.8029,-0.0419,0.1456
C10,36,3,2ph_g,3.0,1.0,0.0,33,True,0.1345,True,0.0645,True,53.7833,asym,True,True,0.8019,0.9655,1.0,-0.0686,True,0.8019,-0.0422,0.1471
C10,37,18,2ph_g,0.3,0.7,0.3,4,True,0.0126,True,0.0214,True,5.0333,normal,True,True,0.9456,0.9389,1.0,0.0274,True,0.9456,-0.0161,0.0
C10,37,18,2ph_g,0.3,0.7,0.3,7,True,0.073,True,0.0614,True,29.1829,asym,True,True,0.8514,0.982,1.0,-0.0669,True,0.8514,-0.0224,0.073
C10,37,18,2ph_g,0.3,0.7,0.3,10,True,0.24,True,0.1521,True,96.0,asym,True,True,0.6618,0.9407,1.0,-0.0538,True,0.6618,-0.0606,0.3
C10,37,18,2ph_g,0.3,0.7,0.3,14,True,0.24,True,0.2173,True,96.0,asym,True,True,0.5281,0.9341,1.0,-0.0485,True,0.5281,-0.0591,0.3
C10,37,18,2ph_g,0.3,0.7,0.3,17,True,0.24,True,0.2954,True,96.0,asym,True,True,0.3711,0.9214,1.0,-0.0395,True,0.3711,-0.0537,0.3
C10,37,18,2ph_g,0.3,0.7,0.3,21,True,0.0159,True,0.0021,True,6.35,normal,True,True,0.9918,0.9532,1.0,0.0232,True,0.9918,-0.0028,0.0
C10,37,18,2ph_g,0.3,0.7,0.3,24,True,0.0125,True,0.0133,True,4.9931,normal,True,True,0.9586,0.9425,1.0,0.0263,True,0.9586,-0.0129,0.0
C10,37,18,2ph_g,0.3,0.7,0.3,28,True,0.0589,True,0.0518,True,23.5711,asym,True,True,0.8638,0.9877,1.0,-0.0656,True,0.8638,-0.0137,0.0542
C10,37,18,2ph_g,0.3,0.7,0.3,31,True,0.0674,True,0.0523,True,26.9599,asym,True,True,0.8545,0.9847,1.0,-0.0661,True,0.8545,-0.0181,0.0682
C10,37,18,2ph_g,0.3,0.7,0.3,33,True,0.0679,True,0.0523,True,27.1552,asym,True,True,0.854,0.9845,1.0,-0.0661,True,0.854,-0.0183,0.0691
C10,38,3,2ph_g,1.0,0.7,0.6,4,True,0.2145,True,0.1356,True,85.8155,asym,True,True,0.7343,0.9471,1.0,-0.056,True,0.7343,-0.0591,0.2486
C10,38,3,2ph_g,1.0,0.7,0.6,7,True,0.2206,True,0.1367,True,88.2298,asym,True,True,0.7238,0.946,1.0,-0.055,True,0.7238,-0.0592,0.2643
C10,38,3,2ph_g,1.0,0.7,0.6,10,True,0.2239,True,0.1376,True,89.5615,asym,True,True,0.7177,0.9454,1.0,-0.0545,True,0.7177,-0.0593,0.2734
C10,38,3,2ph_g,1.0,0.7,0.6,14,True,0.2252,True,0.1381,True,90.0805,asym,True,True,0.7153,0.9452,1.0,-0.0544,True,0.7153,-0.0593,0.2771
C10,38,3,2ph_g,1.0,0.7,0.6,17,True,0.2253,True,0.1383,True,90.1338,asym,True,True,0.7151,0.9451,1.0,-0.0544,True,0.7151,-0.0593,0.2774
C10,38,3,2ph_g,1.0,0.7,0.6,21,True,0.0125,True,0.0215,True,4.9923,normal,True,True,0.9561,0.9422,1.0,0.0265,True,0.9561,-0.0129,0.0
C10,38,3,2ph_g,1.0,0.7,0.6,24,True,0.2172,True,0.1364,True,86.8962,asym,True,True,0.7298,0.9466,1.0,-0.0555,True,0.7298,-0.0592,0.2553
C10,38,3,2ph_g,1.0,0.7,0.6,28,True,0.2237,True,0.1367,True,89.4608,asym,True,True,0.7179,0.9455,1.0,-0.0545,True,0.7179,-0.0592,0.2732
C10,38,3,2ph_g,1.0,0.7,0.6,31,True,0.2265,True,0.1368,True,90.5882,asym,True,True,0.7123,0.9449,1.0,-0.0542,True,0.7123,-0.0592,0.2815
C10,38,3,2ph_g,1.0,0.7,0.6,33,True,0.2264,True,0.1368,True,90.5643,asym,True,True,0.7124,0.945,1.0,-0.0542,True,0.7124,-0.0592,0.2814
C10,39,14,2ph_g,1.0,1.0,0.3,4,True,0.0131,True,0.0288,True,5.247,normal,True,True,0.9232,0.9332,1.0,0.0288,True,0.9232,-0.0218,0.0
C10,39,14,2ph_g,1.0,1.0,0.3,7,True,0.148,True,0.0823,True,59.1969,asym,True,True,0.7952,0.9614,1.0,-0.0676,True,0.7952,-0.0474,0.1571
C10,39,14,2ph_g,1.0,1.0,0.3,10,True,0.24,True,0.2032,True,96.0,asym,True,True,0.5374,0.9347,1.0,-0.0491,True,0.5374,-0.0592,0.3
C10,39,14,2ph_g,1.0,1.0,0.3,14,True,0.24,True,0.2916,True,96.0,asym,True,True,0.3563,0.9199,1.0,-0.0386,True,0.3563,-0.0524,0.3
C10,39,14,2ph_g,1.0,1.0,0.3,17,True,0.24,True,0.2889,True,96.0,asym,True,True,0.3623,0.9206,1.0,-0.0389,True,0.3623,-0.0528,0.3
C10,39,14,2ph_g,1.0,1.0,0.3,21,True,0.0157,True,0.0028,True,6.2665,normal,True,True,0.988,0.9525,1.0,0.0234,True,0.988,-0.0036,0.0
C10,39,14,2ph_g,1.0,1.0,0.3,24,True,0.0127,True,0.0179,True,5.0601,normal,True,True,0.9409,0.9373,1.0,0.0278,True,0.9409,-0.0177,0.0
C10,39,14,2ph_g,1.0,1.0,0.3,28,True,0.1285,True,0.07,True,51.4068,asym,True,True,0.8081,0.9666,1.0,-0.0689,True,0.8081,-0.0414,0.1378
C10,39,14,2ph_g,1.0,1.0,0.3,31,True,0.1462,True,0.0712,True,58.4854,asym,True,True,0.7934,0.9621,1.0,-0.0675,True,0.7934,-0.0464,0.1599
C10,39,14,2ph_g,1.0,1.0,0.3,33,True,0.1471,True,0.0713,True,58.8349,asym,True,True,0.7926,0.9618,1.0,-0.0674,True,0.7926,-0.0466,0.1611
C10,40,3,2ph_g,0.3,1.0,0.6,4,True,0.24,True,0.2279,True,96.0,asym,True,True,0.5389,0.9344,1.0,-0.0492,True,0.5389,-0.06,0.3
C10,40,3,2ph_g,0.3,1.0,0.6,7,True,0.24,True,0.2165,True,96.0,asym,True,True,0.5468,0.9349,1.0,-0.0496,True,0.5468,-0.0601,0.3
C10,40,3,2ph_g,0.3,1.0,0.6,10,True,0.24,True,0.2067,True,96.0,asym,True,True,0.557,0.9354,1.0,-0.0501,True,0.557,-0.0603,0.3
C10,40,3,2ph_g,0.3,1.0,0.6,14,True,0.24,True,0.2029,True,96.0,asym,True,True,0.5612,0.9356,1.0,-0.0504,True,0.5612,-0.0605,0.3
C10,40,3,2ph_g,0.3,1.0,0.6,17,True,0.24,True,0.2009,True,96.0,asym,True,True,0.5643,0.9357,1.0,-0.0505,True,0.5643,-0.0606,0.3
C10,40,3,2ph_g,0.3,1.0,0.6,21,True,0.0132,True,0.0366,True,5.2684,normal,True,True,0.9226,0.9332,1.0,0.0288,True,0.9226,-0.0218,0.0
C10,40,3,2ph_g,0.3,1.0,0.6,24,True,0.24,True,0.2269,True,96.0,asym,True,True,0.5367,0.9343,1.0,-0.049,True,0.5367,-0.0598,0.3
C10,40,3,2ph_g,0.3,1.0,0.6,28,True,0.24,True,0.2127,True,96.0,asym,True,True,0.5467,0.9349,1.0,-0.0496,True,0.5467,-0.0599,0.3
C10,40,3,2ph_g,0.3,1.0,0.6,31,True,0.24,True,0.2067,True,96.0,asym,True,True,0.5503,0.9351,1.0,-0.0498,True,0.5503,-0.0599,0.3
C10,40,3,2ph_g,0.3,1.0,0.6,33,True,0.24,True,0.2061,True,96.0,asym,True,True,0.5514,0.9352,1.0,-0.0498,True,0.5514,-0.06,0.3
C10,41,22,2ph_g,3.0,0.7,0.0,4,True,0.0141,True,0.0053,True,5.6494,normal,True,True,0.9726,0.9478,1.0,0.0247,True,0.9726,-0.0082,0.0
C10,41,22,2ph_g,3.0,0.7,0.0,7,True,0.0126,True,0.0055,True,5.0238,normal,True,True,0.9526,0.9402,1.0,0.0269,True,0.9526,-0.0152,0.0
C10,41,22,2ph_g,3.0,0.7,0.0,10,True,0.0128,True,0.0056,True,5.1129,normal,True,True,0.9352,0.935,1.0,0.0284,True,0.9352,-0.02,0.0
C10,41,22,2ph_g,3.0,0.7,0.0,14,True,0.0129,True,0.0056,True,5.1465,normal,True,True,0.9279,0.9334,1.0,0.0288,True,0.9279,-0.0215,0.0
C10,41,22,2ph_g,3.0,0.7,0.0,17,True,0.0129,True,0.0056,True,5.1635,normal,True,True,0.9246,0.9327,1.0,0.029,True,0.9246,-0.0222,0.0
C10,41,22,2ph_g,3.0,0.7,0.0,21,True,0.2282,True,0.15,True,91.2845,asym,True,True,0.713,0.9445,1.0,-0.0544,True,0.713,-0.0597,0.2806
C10,41,22,2ph_g,3.0,0.7,0.0,24,True,0.0139,True,0.0053,True,5.544,normal,True,True,0.9706,0.9469,1.0,0.025,True,0.9706,-0.009,0.0
C10,41,22,2ph_g,3.0,0.7,0.0,28,True,0.0127,True,0.0055,True,5.061,normal,True,True,0.9441,0.9375,1.0,0.0277,True,0.9441,-0.0177,0.0
C10,41,22,2ph_g,3.0,0.7,0.0,31,True,0.0128,True,0.0056,True,5.1195,normal,True,True,0.9333,0.9345,1.0,0.0285,True,0.9333,-0.0204,0.0
C10,41,22,2ph_g,3.0,0.7,0.0,33,True,0.0128,True,0.0056,True,5.1226,normal,True,True,0.9325,0.9344,1.0,0.0286,True,0.9325,-0.0206,0.0
C10,42,6,2ph_g,1.0,0.7,0.3,4,True,0.1583,True,0.1007,True,63.3255,asym,True,True,0.7875,0.9574,1.0,-0.0655,True,0.7875,-0.0531,0.1688
C10,42,6,2ph_g,1.0,0.7,0.3,7,True,0.24,True,0.2395,True,96.0,asym,True,True,0.5125,0.933,1.0,-0.0477,True,0.5125,-0.0591,0.3
C10,42,6,2ph_g,1.0,0.7,0.3,10,True,0.24,True,0.234,True,96.0,asym,True,True,0.5202,0.9335,1.0,-0.0481,True,0.5202,-0.0593,0.3
C10,42,6,2ph_g,1.0,0.7,0.3,14,True,0.24,True,0.2319,True,96.0,asym,True,True,0.5238,0.9337,1.0,-0.0483,True,0.5238,-0.0594,0.3
C10,42,6,2ph_g,1.0,0.7,0.3,17,True,0.24,True,0.2308,True,96.0,asym,True,True,0.5267,0.9338,1.0,-0.0485,True,0.5267,-0.0595,0.3
C10,42,6,2ph_g,1.0,0.7,0.3,21,True,0.0144,True,0.0099,True,5.7667,normal,True,True,0.9764,0.9494,1.0,0.0243,True,0.9764,-0.0066,0.0
C10,42,6,2ph_g,1.0,0.7,0.3,24,True,0.0648,True,0.0626,True,25.9125,asym,True,True,0.8605,0.9852,1.0,-0.0665,True,0.8605,-0.0175,0.0592
C10,42,6,2ph_g,1.0,0.7,0.3,28,True,0.24,True,0.2375,True,96.0,asym,True,True,0.5119,0.933,1.0,-0.0477,True,0.5119,-0.059,0.3
C10,42,6,2ph_g,1.0,0.7,0.3,31,True,0.24,True,0.2336,True,96.0,asym,True,True,0.5152,0.9332,1.0,-0.0478,True,0.5152,-0.059,0.3
C10,42,6,2ph_g,1.0,0.7,0.3,33,True,0.24,True,0.2332,True,96.0,asym,True,True,0.5163,0.9333,1.0,-0.0479,True,0.5163,-0.0591,0.3
C10,43,30,2ph_g,1.0,1.0,0.3,4,True,0.2339,False,0.0486,True,93.5717,sym,True,False,0.8928,0.8498,1.0,0.0193,True,0.8837,-0.1846,0.0244
C10,43,30,2ph_g,1.0,1.0,0.3,7,True,0.2144,True,0.1165,True,85.7741,asym,True,True,0.7283,0.9473,1.0,-0.0556,True,0.7283,-0.0584,0.2576
C10,43,30,2ph_g,1.0,1.0,0.3,10,True,0.2256,True,0.1186,True,90.2509,asym,True,True,0.7081,0.9452,1.0,-0.0538,True,0.7081,-0.0586,0.2878
C10,43,30,2ph_g,1.0,1.0,0.3,14,True,0.2294,True,0.1192,True,91.7746,asym,True,True,0.7005,0.9445,1.0,-0.0535,True,0.7005,-0.0586,0.2993
C10,43,30,2ph_g,1.0,1.0,0.3,17,True,0.23,True,0.1194,True,92.0025,asym,True,True,0.698,0.9443,1.0,-0.0534,True,0.698,-0.0587,0.3
C10,43,30,2ph_g,1.0,1.0,0.3,21,True,0.0154,True,0.0048,True,6.1459,normal,True,True,0.9841,0.9518,1.0,0.0236,True,0.9841,-0.0044,0.0
C10,43,30,2ph_g,1.0,1.0,0.3,24,True,0.0133,True,0.0303,True,5.3048,normal,True,True,0.9163,0.9322,1.0,0.029,True,0.9163,-0.0231,0.0
C10,43,30,2ph_g,1.0,1.0,0.3,28,True,0.24,True,0.2025,True,96.0,asym,True,True,0.5488,0.9351,1.0,-0.0497,True,0.5488,-0.0597,0.3
C10,43,30,2ph_g,1.0,1.0,0.3,31,True,0.24,True,0.2729,True,96.0,asym,True,True,0.4012,0.9246,1.0,-0.0409,True,0.4012,-0.055,0.3
C10,43,30,2ph_g,1.0,1.0,0.3,33,True,0.24,True,0.272,True,96.0,asym,True,True,0.4031,0.9248,1.0,-0.041,True,0.4031,-0.055,0.3
C10,44,9,2ph_g,1.0,1.0,0.3,4,True,0.232,False,0.0472,True,92.7886,sym,True,False,0.8968,0.8473,1.0,0.021,True,0.887,-0.1838,0.0195
C10,44,9,2ph_g,1.0,1.0,0.3,7,True,0.233,True,0.1353,True,93.1971,asym,True,True,0.6933,0.9435,1.0,-0.0538,True,0.6933,-0.0593,0.3
C10,44,9,2ph_g,1.0,1.0,0.3,10,True,0.24,True,0.2785,True,96.0,asym,True,True,0.3962,0.9241,1.0,-0.0407,True,0.3962,-0.0549,0.3
C10,44,9,2ph_g,1.0,1.0,0.3,14,True,0.24,True,0.2754,True,96.0,asym,True,True,0.4005,0.9245,1.0,-0.0409,True,0.4005,-0.055,0.3
C10,44,9,2ph_g,1.0,1.0,0.3,17,True,0.24,True,0.2738,True,96.0,asym,True,True,0.4042,0.9249,1.0,-0.0411,True,0.4042,-0.0552,0.3
C10,44,9,2ph_g,1.0,1.0,0.3,21,True,0.0154,True,0.0046,True,6.1579,normal,True,True,0.9845,0.9518,1.0,0.0235,True,0.9845,-0.0043,0.0
C10,44,9,2ph_g,1.0,1.0,0.3,24,True,0.0132,True,0.0294,True,5.2888,normal,True,True,0.9183,0.9325,1.0,0.0289,True,0.9183,-0.0227,0.0
C10,44,9,2ph_g,1.0,1.0,0.3,28,True,0.2183,True,0.1148,True,87.334,asym,True,True,0.7209,0.9466,1.0,-0.0546,True,0.7209,-0.0584,0.2687
C10,44,9,2ph_g,1.0,1.0,0.3,31,True,0.2263,True,0.1164,True,90.5113,asym,True,True,0.7061,0.9451,1.0,-0.0537,True,0.7061,-0.0585,0.2908
C10,44,9,2ph_g,1.0,1.0,0.3,33,True,0.2266,True,0.1164,True,90.6225,asym,True,True,0.7056,0.945,1.0,-0.0537,True,0.7056,-0.0585,0.2917
C10,45,3,2ph_g,30.0,0.7,0.0,4,True,0.0138,True,0.0071,True,5.5103,normal,True,True,0.9704,0.9469,1.0,0.025,True,0.9704,-0.0089,0.0
C10,45,3,2ph_g,30.0,0.7,0.0,7,True,0.0126,True,0.0073,True,5.0304,normal,True,True,0.9504,0.9396,1.0,0.0271,True,0.9504,-0.0157,0.0
C10,45,3,2ph_g,30.0,0.7,0.0,10,True,0.0128,True,0.0074,True,5.1189,normal,True,True,0.9328,0.9345,1.0,0.0285,True,0.9328,-0.0204,0.0
C10,45,3,2ph_g,30.0,0.7,0.0,14,True,0.0129,True,0.0074,True,5.1588,normal,True,True,0.9255,0.933,1.0,0.0289,True,0.9255,-0.0219,0.0
C10,45,3,2ph_g,30.0,0.7,0.0,17,True,0.013,True,0.0075,True,5.19,normal,True,True,0.9223,0.9323,1.0,0.0291,True,0.9223,-0.0227,0.0
C10,45,3,2ph_g,30.0,0.7,0.0,21,True,0.0159,True,0.0011,True,6.3737,normal,True,True,0.9927,0.9533,1.0,0.0232,True,0.9927,-0.0026,0.0
C10,45,3,2ph_g,30.0,0.7,0.0,24,True,0.0135,True,0.0072,True,5.4018,normal,True,True,0.9684,0.946,1.0,0.0253,True,0.9684,-0.0098,0.0
C10,45,3,2ph_g,30.0,0.7,0.0,28,True,0.0127,True,0.0073,True,5.0713,normal,True,True,0.9418,0.9369,1.0,0.0278,True,0.9418,-0.0182,0.0
C10,45,3,2ph_g,30.0,0.7,0.0,31,True,0.0128,True,0.0073,True,5.1263,normal,True,True,0.931,0.9341,1.0,0.0286,True,0.931,-0.0208,0.0
C10,45,3,2ph_g,30.0,0.7,0.0,33,True,0.0128,True,0.0073,True,5.1306,normal,True,True,0.9302,0.9339,1.0,0.0287,True,0.9302,-0.021,0.0
C10,46,14,2ph_g,30.0,0.7,0.6,4,True,0.0139,True,0.0089,True,5.5673,normal,True,True,0.972,0.9476,1.0,0.0248,True,0.972,-0.0082,0.0
C10,46,14,2ph_g,30.0,0.7,0.6,7,True,0.0128,True,0.0256,True,5.1328,normal,True,True,0.9327,0.9351,1.0,0.0284,True,0.9327,-0.0196,0.0
C10,46,14,2ph_g,30.0,0.7,0.6,10,True,0.0685,True,0.0641,True,27.3803,asym,True,True,0.8571,0.9839,1.0,-0.0668,True,0.8571,-0.0195,0.0643
C10,46,14,2ph_g,30.0,0.7,0.6,14,True,0.1369,True,0.0913,True,54.7631,asym,True,True,0.8086,0.9646,1.0,-0.0696,True,0.8086,-0.0436,0.137
C10,46,14,2ph_g,30.0,0.7,0.6,17,True,0.1381,True,0.0915,True,55.2493,asym,True,True,0.8075,0.9642,1.0,-0.0694,True,0.8075,-0.0442,0.1387
C10,46,14,2ph_g,30.0,0.7,0.6,21,True,0.016,True,0.0009,True,6.4183,normal,True,True,0.9953,0.9537,1.0,0.0231,True,0.9953,-0.0021,0.0
C10,46,14,2ph_g,30.0,0.7,0.6,24,True,0.0145,True,0.0055,True,5.8,normal,True,True,0.9758,0.9491,1.0,0.0243,True,0.9758,-0.007,0.0
C10,46,14,2ph_g,30.0,0.7,0.6,28,True,0.0128,True,0.0214,True,5.1376,normal,True,True,0.931,0.9346,1.0,0.0285,True,0.931,-0.0202,0.0
C10,46,14,2ph_g,30.0,0.7,0.6,31,True,0.0131,True,0.0215,True,5.2234,normal,True,True,0.9236,0.9331,1.0,0.0289,True,0.9236,-0.0219,0.0
C10,46,14,2ph_g,30.0,0.7,0.6,33,True,0.0131,True,0.0215,True,5.2293,normal,True,True,0.9232,0.933,1.0,0.0289,True,0.9232,-0.022,0.0
C10,47,30,2ph_g,30.0,1.0,0.3,4,True,0.0125,True,0.0097,True,5.0079,normal,True,True,0.9614,0.9431,1.0,0.0261,True,0.9614,-0.0123,0.0
C10,47,30,2ph_g,30.0,1.0,0.3,7,True,0.0132,True,0.0234,True,5.2909,normal,True,True,0.9156,0.932,1.0,0.0291,True,0.9156,-0.0233,0.0
C10,47,30,2ph_g,30.0,1.0,0.3,10,True,0.2269,False,0.0239,True,90.7487,sym,True,False,0.91,0.8417,1.0,0.025,True,0.8983,-0.1811,0.0026
C10,47,30,2ph_g,30.0,1.0,0.3,14,True,0.2309,False,0.0241,True,92.3552,sym,True,False,0.9015,0.8464,1.0,0.0218,True,0.8913,-0.183,0.013
C10,47,30,2ph_g,30.0,1.0,0.3,17,True,0.2323,False,0.0242,True,92.9044,sym,True,False,0.8986,0.8481,1.0,0.0206,True,0.8889,-0.1836,0.0167
C10,47,30,2ph_g,30.0,1.0,0.3,21,True,0.0159,True,0.001,True,6.3611,normal,True,True,0.9918,0.9531,1.0,0.0232,True,0.9918,-0.0028,0.0
C10,47,30,2ph_g,30.0,1.0,0.3,24,True,0.013,True,0.0061,True,5.2045,normal,True,True,0.9647,0.9442,1.0,0.0258,True,0.9647,-0.0114,0.0
C10,47,30,2ph_g,30.0,1.0,0.3,28,True,0.2397,False,0.0406,True,95.8669,sym,True,False,0.882,0.8573,1.0,0.0144,True,0.8752,-0.1868,0.0372
C10,47,30,2ph_g,30.0,1.0,0.3,31,True,0.0862,True,0.0553,True,34.4677,asym,True,True,0.8369,0.9769,1.0,-0.0676,True,0.8369,-0.0296,0.0946
C10,47,30,2ph_g,30.0,1.0,0.3,33,True,0.0872,True,0.0553,True,34.8684,asym,True,True,0.836,0.9766,1.0,-0.0677,True,0.836,-0.0302,0.096
