scenario_idx,sc_id,m_sh,m_se_d,m_se_q
1,0,0.8333,0.0406,0.0507
2,0,0.7733,0.0267,0.037
3,0,0.7693,0.0247,0.0361
4,0,0.822,0.0414,0.0475
5,0,0.7644,0.0224,0.0351
6,0,0.822,0.0414,0.0475
7,0,0.8308,0.0407,0.0499
8,0,0.8168,0.0418,0.0458
9,0,0.7688,0.0245,0.036
10,0,0.7529,0.0149,0.0315
11,0,0.7687,0.0244,0.0359
12,0,0.7453,0.0104,0.0294
13,0,0.7974,0.037,0.0417
14,0,0.7804,0.03,0.0383
15,0,0.8013,0.0382,0.0425
16,0,0.7891,0.0337,0.04
17,0,0.8179,0.0418,0.0462
18,0,0.8026,0.0386,0.0428
19,0,0.782,0.0308,0.0387
20,0,0.7583,0.0187,0.0333
21,0,0.8343,0.0406,0.0511
22,0,0.7834,0.0314,0.0389
23,0,0.7907,0.0343,0.0403
24,0,0.8068,0.04,0.0436
25,0,0.7902,0.0341,0.0402
26,0,0.8055,0.0396,0.0433
27,0,0.8042,0.0391,0.0431
28,0,0.8239,0.0412,0.0481
29,0,0.7932,0.0354,0.0408
30,0,0.7581,0.0186,0.0332
31,0,0.8159,0.0419,0.0455
32,0,0.8058,0.0397,0.0434
33,0,0.7699,0.025,0.0362
34,0,0.8073,0.0401,0.0437
35,0,0.8053,0.0395,0.0433
36,0,0.8047,0.0393,0.0432
37,0,0.8091,0.0407,0.0441
38,0,0.784,0.0316,0.039
39,0,0.7883,0.0334,0.0399
40,0,0.8142,0.0418,0.0451
41,0,0.792,0.0349,0.0406
42,0,0.7822,0.0309,0.0387
43,0,0.7825,0.031,0.0388
44,0,0.8098,0.0409,0.0442
45,0,0.7967,0.0367,0.0416
46,0,0.8054,0.0395,0.0433
47,0,0.7958,0.0364,0.0414
48,0,0.8141,0.0418,0.0451
49,0,0.7884,0.0334,0.0399
50,0,0.81,0.041,0.0442
51,3,0.8486,0.0667,-0.0076
52,3,0.8399,0.0535,-0.0121
53,3,0.8542,0.0727,-0.0047
54,3,0.8506,0.0688,-0.0066
55,3,0.8459,0.0629,-0.0088
56,3,0.8377,0.0505,-0.0129
57,3,0.8542,0.0727,-0.0047
58,3,0.8379,0.0507,-0.0129
59,3,0.838,0.0509,-0.0128
60,3,0.8516,0.0698,-0.0061
61,3,0.8428,0.0583,-0.0105
62,3,0.8405,0.0546,-0.0117
63,3,0.8429,0.0585,-0.0104
64,3,0.8357,0.0476,-0.0136
65,3,0.846,0.063,-0.0088
66,3,0.8401,0.0538,-0.012
67,3,0.8476,0.0653,-0.008
68,3,0.8562,0.0756,-0.0033
69,3,0.8511,0.0693,-0.0064
70,3,0.8569,0.0766,-0.0028
71,3,0.8397,0.0532,-0.0121
72,3,0.8448,0.0613,-0.0094
73,3,0.8445,0.0608,-0.0096
74,3,0.8535,0.0718,-0.0051
75,3,0.8435,0.0593,-0.0101
76,3,0.8468,0.0641,-0.0084
77,3,0.8436,0.0595,-0.0101
78,3,0.8343,0.0456,-0.0141
79,3,0.8465,0.0636,-0.0086
80,3,0.8353,0.0469,-0.0138
81,3,0.8395,0.053,-0.0122
82,3,0.8354,0.0471,-0.0138
83,3,0.8482,0.066,-0.0078
84,3,0.8452,0.0618,-0.0092
85,3,0.833,0.043,-0.0148
86,3,0.8334,0.0437,-0.0146
87,3,0.843,0.0586,-0.0104
88,3,0.8551,0.0739,-0.0041
89,3,0.8405,0.0545,-0.0117
90,3,0.8483,0.0663,-0.0077
91,3,0.847,0.0643,-0.0084
92,3,0.8434,0.0592,-0.0102
93,3,0.8472,0.0646,-0.0082
94,3,0.8476,0.0652,-0.008
95,3,0.858,0.0783,-0.0019
96,3,0.8425,0.0579,-0.0106
97,3,0.8454,0.0621,-0.0091
98,3,0.8428,0.0584,-0.0104
99,3,0.8393,0.0528,-0.0123
100,3,0.8421,0.0574,-0.0108
101,4,0.8964,-0.0926,0.0074
102,4,0.8965,-0.0953,0.0078
103,4,0.8965,-0.0939,0.0073
104,4,0.8965,-0.0937,0.0073
105,4,0.8962,-0.0876,0.008
106,4,0.8959,-0.0766,0.0095
107,4,0.8961,-0.0827,0.0085
108,4,0.8964,-0.0912,0.0076
109,4,0.8961,-0.0846,0.0083
110,4,0.896,-0.0807,0.0087
111,4,0.8963,-0.0881,0.008
112,4,0.8965,-0.0938,0.0073
113,4,0.8961,-0.0833,0.0084
114,4,0.8965,-0.0937,0.0073
115,4,0.8961,-0.0837,0.0084
116,4,0.8962,-0.0857,0.0082
117,4,0.8966,-0.0968,0.0086
118,4,0.8961,-0.0842,0.0083
119,4,0.896,-0.0806,0.0087
120,4,0.8962,-0.0856,0.0082
121,4,0.8961,-0.0846,0.0083
122,4,0.8965,-0.096,0.0081
123,4,0.8963,-0.0887,0.008
124,4,0.8962,-0.0854,0.0082
125,4,0.8961,-0.0844,0.0083
126,4,0.8965,-0.0948,0.0076
127,4,0.8961,-0.0836,0.0084
128,4,0.8965,-0.0945,0.0075
129,4,0.8965,-0.0934,0.0074
130,4,0.8964,-0.091,0.0076
131,4,0.8964,-0.0912,0.0076
132,4,0.8962,-0.0878,0.008
133,4,0.8959,-0.0761,0.0096
134,4,0.8962,-0.0865,0.0081
135,4,0.8962,-0.0873,0.0081
136,4,0.8964,-0.093,0.0074
137,4,0.896,-0.0791,0.009
138,4,0.8962,-0.0875,0.008
139,4,0.8963,-0.0899,0.0078
140,4,0.8961,-0.0833,0.0084
141,4,0.8965,-0.0938,0.0073
142,4,0.8965,-0.0958,0.008
143,4,0.8963,-0.0892,0.0079
144,4,0.8964,-0.0911,0.0076
145,4,0.8962,-0.0855,0.0082
146,4,0.8965,-0.0946,0.0075
147,4,0.8965,-0.0953,0.0078
148,4,0.8962,-0.087,0.0081
149,4,0.8962,-0.086,0.0081
150,4,0.8963,-0.0902,0.0078
151,5,0.7942,-0.096,0.0215
152,5,0.8037,-0.0725,0.0197
153,5,0.8036,-0.0727,0.0197
154,5,0.7843,-0.1128,0.0265
155,5,0.8005,-0.0804,0.0203
156,5,0.7943,-0.0958,0.0215
157,5,0.7865,-0.1088,0.0254
158,5,0.7967,-0.0909,0.0208
159,5,0.7999,-0.082,0.0204
160,5,0.8075,-0.0652,0.0185
161,5,0.7928,-0.0984,0.0221
162,5,0.7911,-0.1012,0.0231
163,5,0.7865,-0.1089,0.0255
164,5,0.7859,-0.1099,0.0257
165,5,0.788,-0.1063,0.0248
166,5,0.797,-0.0901,0.0207
167,5,0.7924,-0.0989,0.0223
168,5,0.7868,-0.1083,0.0253
169,5,0.8026,-0.0751,0.0199
170,5,0.7848,-0.1119,0.0262
171,5,0.7984,-0.0861,0.0205
172,5,0.796,-0.0926,0.0209
173,5,0.788,-0.1063,0.0248
174,5,0.791,-0.1013,0.0231
175,5,0.7981,-0.0869,0.0206
176,5,0.7882,-0.106,0.0247
177,5,0.8015,-0.0777,0.0201
178,5,0.7843,-0.1127,0.0265
179,5,0.7857,-0.1103,0.0258
180,5,0.7974,-0.089,0.0207
181,5,0.8004,-0.0805,0.0203
182,5,0.7853,-0.1109,0.026
183,5,0.7884,-0.1056,0.0245
184,5,0.8059,-0.0681,0.0191
185,5,0.795,-0.0946,0.0212
186,5,0.7934,-0.0972,0.0218
187,5,0.7808,-0.1184,0.0283
188,5,0.8062,-0.0676,0.019
189,5,0.7963,-0.0919,0.0208
190,5,0.7936,-0.097,0.0217
191,5,0.8006,-0.0799,0.0203
192,5,0.7996,-0.0828,0.0204
193,5,0.7994,-0.0835,0.0204
194,5,0.7889,-0.1049,0.0243
195,5,0.8027,-0.075,0.0199
196,5,0.7944,-0.0956,0.0214
197,5,0.7802,-0.1195,0.0287
198,5,0.7897,-0.1035,0.0239
199,5,0.8004,-0.0806,0.0203
200,5,0.8067,-0.0666,0.0188
201,6,0.8752,-0.0816,-0.0962
202,6,0.875,-0.0834,-0.1035
203,6,0.8751,-0.0812,-0.0946
204,6,0.8751,-0.0812,-0.0938
205,6,0.875,-0.0833,-0.1047
206,6,0.875,-0.0834,-0.1044
207,6,0.875,-0.0834,-0.1033
208,6,0.8751,-0.0812,-0.0926
209,6,0.8751,-0.0828,-0.101
210,6,0.875,-0.0832,-0.1022
211,6,0.8752,-0.0815,-0.0957
212,6,0.8751,-0.0822,-0.0986
213,6,0.8751,-0.0812,-0.0933
214,6,0.8751,-0.0812,-0.0927
215,6,0.8751,-0.083,-0.1055
216,6,0.8752,-0.082,-0.0977
217,6,0.8752,-0.0816,-0.0962
218,6,0.8751,-0.0828,-0.1007
219,6,0.8751,-0.0812,-0.0935
220,6,0.875,-0.0831,-0.1019
221,6,0.875,-0.0834,-0.104
222,6,0.8752,-0.0816,-0.0962
223,6,0.875,-0.0832,-0.1026
224,6,0.8752,-0.0825,-0.1066
225,6,0.875,-0.0831,-0.1017
226,6,0.8751,-0.0832,-0.105
227,6,0.875,-0.0831,-0.1021
228,6,0.875,-0.0833,-0.103
229,6,0.8751,-0.0823,-0.0987
230,6,0.8751,-0.0823,-0.0991
231,6,0.8751,-0.0812,-0.0945
232,6,0.8751,-0.0829,-0.1011
233,6,0.875,-0.0834,-0.1043
234,6,0.8751,-0.0827,-0.1005
235,6,0.8751,-0.0825,-0.0997
236,6,0.8751,-0.0812,-0.0933
237,6,0.8753,-0.0823,-0.1072
238,6,0.8752,-0.0826,-0.1064
239,6,0.8751,-0.0824,-0.0992
240,6,0.8751,-0.0812,-0.0934
241,6,0.875,-0.0832,-0.1026
242,6,0.8751,-0.0828,-0.1007
243,6,0.8751,-0.0812,-0.0942
244,6,0.8752,-0.0817,-0.0966
245,6,0.875,-0.0834,-0.1036
246,6,0.8751,-0.0826,-0.1002
247,6,0.875,-0.0834,-0.1044
248,6,0.875,-0.0834,-0.104
249,6,0.8751,-0.0827,-0.1003
250,6,0.8752,-0.0813,-0.0951
251,7,0.7944,0.0686,0.0759
252,7,0.7979,0.0592,0.0746
253,7,0.7965,0.062,0.075
254,7,0.7996,0.0555,0.0736
255,7,0.7949,0.0665,0.0756
256,7,0.7963,0.0625,0.0751
257,7,0.7993,0.0574,0.074
258,7,0.7964,0.062,0.075
259,7,0.7997,0.0558,0.0736
260,7,0.7987,0.0582,0.0742
261,7,0.7966,0.0615,0.075
262,7,0.7994,0.0546,0.0735
263,7,0.7974,0.0599,0.0748
264,7,0.7987,0.0582,0.0742
265,7,0.7945,0.0678,0.0758
266,7,0.7953,0.065,0.0754
267,7,0.7981,0.0591,0.0745
268,7,0.7984,0.0586,0.0744
269,7,0.7989,0.0522,0.0735
270,7,0.7941,0.0698,0.0762
271,7,0.7993,0.0538,0.0735
272,7,0.7986,0.0584,0.0743
273,7,0.7964,0.062,0.075
274,7,0.7944,0.0685,0.0759
275,7,0.7964,0.062,0.075
276,7,0.7987,0.0582,0.0743
277,7,0.7965,0.0618,0.075
278,7,0.7943,0.0688,0.076
279,7,0.7996,0.0556,0.0736
280,7,0.7978,0.0594,0.0746
281,7,0.7993,0.0573,0.074
282,7,0.7996,0.0563,0.0737
283,7,0.7958,0.0635,0.0752
284,7,0.7952,0.0654,0.0754
285,7,0.7953,0.0651,0.0754
286,7,0.7955,0.0646,0.0753
287,7,0.7966,0.0617,0.075
288,7,0.7992,0.0576,0.074
289,7,0.7945,0.0681,0.0759
290,7,0.7982,0.0589,0.0745
291,7,0.7966,0.0615,0.075
292,7,0.7942,0.0695,0.0761
293,7,0.795,0.0661,0.0755
294,7,0.7986,0.0583,0.0743
295,7,0.7977,0.0596,0.0747
296,7,0.7943,0.0692,0.0761
297,7,0.7951,0.0657,0.0755
298,7,0.7991,0.0577,0.0741
299,7,0.7984,0.0587,0.0744
300,7,0.7959,0.0634,0.0752
301,8,0.8632,-0.2113,0.0512
302,8,0.8432,-0.1953,0.0442
303,8,0.8506,-0.1994,0.0468
304,8,0.861,-0.209,0.0504
305,8,0.846,-0.1969,0.0454
306,8,0.8573,-0.2053,0.0489
307,8,0.863,-0.211,0.0511
308,8,0.8544,-0.2026,0.048
309,8,0.8558,-0.2038,0.0484
310,8,0.8434,-0.1954,0.0443
311,8,0.854,-0.2022,0.0478
312,8,0.8575,-0.2055,0.049
313,8,0.8393,-0.193,0.0428
314,8,0.8622,-0.2102,0.0508
315,8,0.8544,-0.2026,0.048
316,8,0.8568,-0.2048,0.0488
317,8,0.8426,-0.1949,0.044
318,8,0.8606,-0.2086,0.0502
319,8,0.8611,-0.2091,0.0504
320,8,0.853,-0.2014,0.0475
321,8,0.8521,-0.2006,0.0473
322,8,0.8663,-0.2145,0.0524
323,8,0.8484,-0.1982,0.0462
324,8,0.8565,-0.2046,0.0487
325,8,0.8594,-0.2074,0.0497
326,8,0.8576,-0.2056,0.049
327,8,0.8626,-0.2107,0.051
328,8,0.8554,-0.2035,0.0483
329,8,0.85,-0.1991,0.0467
330,8,0.8461,-0.197,0.0454
331,8,0.8514,-0.2,0.0471
332,8,0.8513,-0.1999,0.047
333,8,0.8346,-0.1904,0.0412
334,8,0.8557,-0.2037,0.0484
335,8,0.8507,-0.1995,0.0469
336,8,0.861,-0.209,0.0503
337,8,0.8522,-0.2006,0.0473
338,8,0.8656,-0.2138,0.0522
339,8,0.8477,-0.1978,0.046
340,8,0.8413,-0.1941,0.0435
341,8,0.856,-0.2041,0.0485
342,8,0.8384,-0.1925,0.0425
343,8,0.8487,-0.1983,0.0463
344,8,0.8585,-0.2065,0.0494
345,8,0.8557,-0.2038,0.0484
346,8,0.8514,-0.2,0.0471
347,8,0.8596,-0.2076,0.0498
348,8,0.8464,-0.1972,0.0455
349,8,0.8511,-0.1998,0.047
350,8,0.851,-0.1997,0.0469
