"topology","case_name","fault_pu","fault_duration_s","phase_mode","fault_family","conventional_voltage_survival_pass","conventional_score","conventional_reason","sac_voltage_survival_pass","sac_score","sac_reason","sac_beats_conventional","sac_minus_conventional_score","conventional_vdc_min","conventional_vdc_max","sac_vdc_min","sac_vdc_max","conventional_envelope_violation_max_pu","sac_envelope_violation_max_pu","conventional_recovery_violation_max_pu","sac_recovery_violation_max_pu"
"topology1","balanced_hvrt_040ms_1p050pu","1.05","0.04","balanced","HVRT","False","116.065513750999","timestep_fault_lv_band;timestep_recovery_envelope","True","102.465575077889","","True","-13.599938673110003","757.768656158744","892.660498890977","765.00207606494","875.901046452821","0.0","0.0","0.0992077425096135","0.0"
"topology1","balanced_hvrt_040ms_1p100pu","1.1","0.04","balanced","HVRT","False","117.157477543389","timestep_fault_lv_band;timestep_recovery_envelope","True","105.272700861341","","True","-11.884776682048013","757.768656158744","967.481161865881","765.00207606494","877.64432786269","0.0","0.0","0.0999086187201966","0.0"
"topology1","balanced_hvrt_040ms_1p150pu","1.15","0.04","balanced","HVRT","False","120.472750735321","dc_link_bounds;timestep_recovery_envelope","True","109.987432795164","","True","-10.485317940157003","757.768656158744","1011.6577450359","765.00207606494","883.952395635163","0.0","0.0","0.0951855652034191","0.0"
"topology1","balanced_hvrt_060ms_1p050pu","1.05","0.06","balanced","HVRT","False","115.517222852387","timestep_fault_lv_band;timestep_recovery_envelope","True","102.101385842198","","True","-13.415837010188994","757.768656158744","892.660498890977","765.00207606494","875.901046452821","0.0","0.0","0.0978545428699851","0.0"
"topology1","balanced_hvrt_060ms_1p100pu","1.1","0.06","balanced","HVRT","False","116.834427948679","timestep_fault_lv_band;timestep_recovery_envelope","True","105.383177829792","","True","-11.451250118886989","757.768656158744","974.216565499864","765.00207606494","878.061555919166","0.0","0.0","0.0974447993763309","0.0"
"topology1","balanced_hvrt_060ms_1p150pu","1.15","0.06","balanced","HVRT","False","120.643115149602","dc_link_bounds;timestep_recovery_envelope","True","110.117617202746","","True","-10.525497946855992","757.768656158744","1016.34622380092","765.00207606494","883.952395635163","0.0","0.0","0.099764562148513","0.0"
"topology1","balanced_hvrt_080ms_1p050pu","1.05","0.08","balanced","HVRT","False","160.113021481622","timestep_fault_lv_band;timestep_recovery_envelope","True","141.190676789476","","True","-18.922344692146027","757.768656158744","892.660498890977","765.00207606494","875.901046452821","0.0","0.0","0.100456270075929","0.0"
"topology1","balanced_hvrt_080ms_1p100pu","1.1","0.08","balanced","HVRT","False","117.416193694583","timestep_fault_lv_band;timestep_recovery_envelope","True","142.897213968846","","True","25.48102027426299","757.768656158744","975.263887173991","765.00207606494","878.061555919166","0.0","0.0","0.0936170282369993","0.0"
"topology1","balanced_hvrt_080ms_1p150pu","1.15","0.08","balanced","HVRT","False","119.797940282527","dc_link_bounds;timestep_recovery_envelope","True","145.18776505442","","True","25.389824771893004","757.768656158744","1016.85813466922","765.00207606494","883.952395635163","0.0","0.0","0.0986844669857896","0.0"
"topology1","balanced_hvrt_120ms_1p050pu","1.05","0.12","balanced","HVRT","False","159.750240213777","timestep_fault_lv_band;timestep_recovery_envelope","True","141.188899730938","","True","-18.561340482839","757.768656158744","896.785708669795","765.00207606494","875.901046452821","0.0","0.0","0.101541279803272","0.0"
"topology1","balanced_hvrt_120ms_1p100pu","1.1","0.12","balanced","HVRT","False","117.009212130707","timestep_fault_lv_band;timestep_recovery_envelope","True","143.388117414342","","True","26.378905283634992","757.768656158744","979.704013798821","765.00207606494","879.48781353616","0.0","0.0","0.0990811004518197","0.0"
"topology1","balanced_hvrt_120ms_1p150pu","1.15","0.12","balanced","HVRT","False","118.631238305116","dc_link_bounds;timestep_recovery_envelope","True","146.057037338222","","True","27.42579903310599","757.768656158744","1023.48841654284","765.00207606494","883.952395635163","0.0","0.0","0.0896894820489044","0.0"
"topology1","balanced_lvrt_040ms_0p900pu","0.9","0.04","balanced","LVRT","False","121.519546185535","timestep_voltage_envelope;timestep_recovery_envelope","True","104.664754015112","","True","-16.85479217042301","757.768656158744","879.627357390698","766.299345457153","876.573074003992","0.0647661814595332","0.0","0.0935145562895113","0.000385043448869526"
"topology1","balanced_lvrt_060ms_0p900pu","0.9","0.06","balanced","LVRT","False","122.356015435717","timestep_voltage_envelope;timestep_recovery_envelope","True","104.012339705228","","True","-18.343675730488997","757.768656158744","878.483688749582","766.299345457153","876.573074003992","0.0645838322287285","0.0","0.0945838322287285","0.000809663837893659"
"topology2","a_hvrt_060ms_1p050pu","1.05","0.06","a","HVRT","False","145.477757133109","timestep_fault_lv_band;timestep_recovery_envelope","True","125.808359717392","","True","-19.669397415717015","735.226478219565","834.600710073987","761.425496075426","831.278539399549","0.0","0.0","0.0898245370577449","0.0"
"topology2","a_hvrt_060ms_1p100pu","1.1","0.06","a","HVRT","False","146.036952661117","timestep_fault_lv_band;timestep_recovery_envelope","True","127.411843522884","","True","-18.625109138233","732.665449861311","834.600710073987","761.138543032332","831.022872839394","0.0","0.0","0.091294761847283","0.0"
"topology2","a_lvrt_040ms_0p850pu","0.85","0.04","a","LVRT","False","151.149300289547","timestep_fault_lv_band;timestep_voltage_envelope;timestep_recovery_envelope","True","125.972493210178","","True","-25.176807079369","730.839483474259","834.600710073987","710.151171807399","850.880587606367","0.0592102004351904","0.0","0.102886013151953","0.0"
"topology2","a_lvrt_040ms_0p900pu","0.9","0.04","a","LVRT","False","156.255701249422","timestep_fault_lv_band;timestep_voltage_envelope;timestep_recovery_envelope","True","125.092362439402","","True","-31.163338810020008","734.504543740616","834.600710073987","730.199352549984","850.880587606367","0.101266612592413","0.0","0.101934220898722","0.0"
"topology2","a_lvrt_060ms_0p850pu","0.85","0.06","a","LVRT","False","153.079855134936","timestep_fault_lv_band;timestep_voltage_envelope;timestep_recovery_envelope","True","126.93272085998","","True","-26.147134274956002","730.839483474259","834.600710073987","710.151171807399","850.880587606367","0.0677120677702465","0.0","0.090426242956212","0.0"
"topology2","a_lvrt_060ms_0p900pu","0.9","0.06","a","LVRT","False","159.385394077737","timestep_fault_lv_band;timestep_voltage_envelope;timestep_recovery_envelope","True","126.261797445833","","True","-33.12359663190401","734.504543740616","834.600710073987","730.199352549984","850.880587606367","0.10727929433338","0.0","0.0934302653431134","0.0"
"topology2","a_lvrt_080ms_0p850pu","0.85","0.08","a","LVRT","False","236.08402011571","timestep_fault_lv_band;timestep_voltage_envelope;timestep_recovery_envelope","True","155.473648488731","","True","-80.610371626979","730.839483474259","834.600710073987","710.151171807399","850.880587606367","0.0677120677702465","0.0","0.0794132156107295","0.0"
"topology2","a_lvrt_080ms_0p900pu","0.9","0.08","a","LVRT","False","243.497658493074","timestep_fault_lv_band;timestep_voltage_envelope;timestep_recovery_envelope","True","139.626342789144","","True","-103.87131570393001","734.504543740616","834.600710073987","730.199352549984","850.880587606367","0.10727929433338","0.0","0.0819526096070046","0.0"
"topology2","a_lvrt_120ms_0p850pu","0.85","0.12","a","LVRT","False","238.429786776735","timestep_fault_lv_band;timestep_voltage_envelope;timestep_recovery_envelope","True","152.993086712869","","True","-85.436700063866","730.839483474259","834.600710073987","710.151171807399","850.880587606367","0.0677120677702465","0.0","0.073719439929473","0.0"
"topology2","a_lvrt_120ms_0p900pu","0.9","0.12","a","LVRT","False","246.819238861851","timestep_fault_lv_band;timestep_voltage_envelope;timestep_recovery_envelope","True","137.212219370218","","True","-109.607019491633","734.504543740616","834.600710073987","730.199352549984","850.880587606367","0.10727929433338","0.0","0.076331510734726","0.0"
"topology2","ab_hvrt_060ms_1p050pu","1.05","0.06","ab","HVRT","False","144.792524517307","timestep_fault_lv_band;timestep_recovery_envelope","True","125.283136901034","","True","-19.50938761627299","734.930539758582","834.600710073987","761.799113380299","831.022872839394","0.0","0.0","0.0948000478180624","0.0"
"topology2","ab_hvrt_060ms_1p100pu","1.1","0.06","ab","HVRT","False","145.970008470231","timestep_recovery_envelope","True","128.060512246615","","True","-17.909496223616003","744.730005073961","840.184285236833","762.521345935865","827.935171470461","0.0","0.0","0.0955211164343007","0.0"
"topology2","ab_lvrt_040ms_0p850pu","0.85","0.04","ab","LVRT","False","155.432174680707","timestep_fault_lv_band;timestep_voltage_envelope;timestep_recovery_envelope","True","130.979080601441","","True","-24.45309407926598","726.630463107477","834.600710073987","674.15252015779","900.278690253127","0.0862990657417795","0.0","0.0983150716026576","0.0"
"topology2","ab_lvrt_040ms_0p900pu","0.9","0.04","ab","LVRT","False","160.285642653519","timestep_fault_lv_band;timestep_voltage_envelope;timestep_recovery_envelope","True","132.71874275149","","True","-27.566899902029007","732.008937203134","834.600710073987","705.40733290833","900.278690253127","0.124507564421138","0.0","0.0952178151148972","0.0"
"topology2","ab_lvrt_060ms_0p850pu","0.85","0.06","ab","LVRT","False","156.904540473121","timestep_fault_lv_band;timestep_voltage_envelope;timestep_recovery_envelope","True","130.212692308638","","True","-26.69184816448299","726.630463107477","834.600710073987","670.167677920061","900.278690253127","0.0880640546962022","0.0","0.0884171893481291","0.0"
"topology2","ab_lvrt_060ms_0p900pu","0.9","0.06","ab","LVRT","False","163.332057856424","timestep_fault_lv_band;timestep_voltage_envelope;timestep_recovery_envelope","True","132.148198218001","","True","-31.183859638423","732.008937203134","834.600710073987","694.940374539387","900.278690253127","0.128279537986246","0.0","0.089452689905083","0.0"
"topology2","ab_lvrt_060ms_0p950pu","0.95","0.06","ab","LVRT","False","162.95672331172","timestep_fault_lv_band;timestep_voltage_envelope;timestep_recovery_envelope","True","134.643593728566","","True","-28.313129583153994","734.67574687395","834.600710073987","727.007423812709","900.278690253127","0.153955196687992","0.0","0.0885906837536793","0.0"
"topology2","ab_lvrt_080ms_0p850pu","0.85","0.08","ab","LVRT","False","238.129175703733","timestep_fault_lv_band;timestep_voltage_envelope;timestep_recovery_envelope","True","139.356032258428","","True","-98.77314344530501","726.630463107477","834.600710073987","670.167677920061","900.278690253127","0.0880640546962022","0.0","0.0781933362338145","0.0"
"topology2","ab_lvrt_080ms_0p900pu","0.9","0.08","ab","LVRT","False","246.080834534837","timestep_fault_lv_band;timestep_voltage_envelope;timestep_recovery_envelope","True","143.137342057352","","True","-102.94349247748502","732.008937203134","834.600710073987","694.940374539387","900.278690253127","0.128279537986246","0.0","0.0817462364789149","0.0"
"topology2","ab_lvrt_080ms_0p950pu","0.95","0.08","ab","LVRT","False","246.281964988451","timestep_fault_lv_band;timestep_voltage_envelope;timestep_recovery_envelope","True","144.356362107278","","True","-101.925602881173","734.67574687395","835.352250155454","727.007423812709","900.278690253127","0.153955196687992","0.0","0.0813037560055522","0.0"
"topology2","ab_lvrt_120ms_0p850pu","0.85","0.12","ab","LVRT","False","240.946303054062","timestep_fault_lv_band;timestep_voltage_envelope;timestep_recovery_envelope","True","145.638371926198","","True","-95.30793112786401","726.630463107477","834.600710073987","670.167677920061","900.278690253127","0.0880640546962022","0.0","0.071375923880946","0.0"
"topology2","ab_lvrt_120ms_0p900pu","0.9","0.12","ab","LVRT","False","249.567952130857","timestep_fault_lv_band;timestep_voltage_envelope;timestep_recovery_envelope","True","148.921417173896","","True","-100.646534956961","732.008937203134","834.600710073987","694.940374539387","900.278690253127","0.128279537986246","0.0","0.0749887248816213","0.0"
"topology2","balanced_hvrt_060ms_1p100pu","1.1","0.06","balanced","HVRT","False","188.704553320719","timestep_fault_lv_band;timestep_recovery_envelope","True","114.067011689805","","True","-74.63754163091399","751.334951242972","849.932486052289","762.393402180383","999.984542947764","0.0","0.0","0.365733376863586","0.0"
"topology2","balanced_hvrt_080ms_1p100pu","1.1","0.08","balanced","HVRT","False","273.798290769371","timestep_fault_lv_band;timestep_recovery_envelope","True","113.631968914177","","True","-160.16632185519404","751.334951242972","849.932486052289","762.393402180383","999.984542947764","0.0","0.0","0.365208387788403","0.0"
"topology2","balanced_hvrt_120ms_1p050pu","1.05","0.12","balanced","HVRT","False","273.613579384675","timestep_fault_lv_band;timestep_recovery_envelope","True","116.677632953659","","True","-156.93594643101602","751.334951242972","849.932486052289","762.393402180383","978.341788542831","0.0","0.0","0.360868120621127","0.0"
"topology2","balanced_hvrt_120ms_1p100pu","1.1","0.12","balanced","HVRT","False","274.275769436547","timestep_fault_lv_band;timestep_recovery_envelope","True","112.761613101319","","True","-161.51415633522802","751.334951242972","852.59232447164","762.393402180383","999.984542947764","0.0","0.0","0.358637236712857","0.0"
"topology2","balanced_lvrt_040ms_0p850pu","0.85","0.04","balanced","LVRT","False","263.973072066849","timestep_fault_lv_band;timestep_voltage_envelope;timestep_recovery_envelope","True","115.12381757055","","True","-148.849254496299","736.083036537887","849.932486052289","757.547820229235","978.447797160931","0.390232884935844","0.0","0.358621329404534","0.0"
"topology2","balanced_lvrt_040ms_0p900pu","0.9","0.04","balanced","LVRT","False","264.380435166859","timestep_fault_lv_band;timestep_voltage_envelope;timestep_recovery_envelope","True","113.653480907103","","True","-150.72695425975598","742.442255494825","849.932486052289","761.399544354245","978.447797160931","0.414622837317037","0.0","0.369125848009112","0.0"
"topology2","balanced_lvrt_060ms_0p850pu","0.85","0.06","balanced","LVRT","False","270.100005691947","timestep_fault_lv_band;timestep_voltage_envelope;timestep_recovery_envelope","True","129.330082927513","","True","-140.769922764434","736.083036537887","849.932486052289","757.547820229235","978.447797160931","0.390232884935844","0.0","0.352593182808041","0.0"
"topology2","balanced_lvrt_060ms_0p900pu","0.9","0.06","balanced","LVRT","False","264.25965703311","timestep_fault_lv_band;timestep_voltage_envelope;timestep_recovery_envelope","True","113.664808049493","","True","-150.594848983617","742.442255494825","849.932486052289","761.399544354245","978.447797160931","0.414622837317037","0.0","0.353774172478724","0.0"
"topology2","balanced_lvrt_080ms_0p850pu","0.85","0.08","balanced","LVRT","False","340.447681670585","timestep_fault_lv_band;timestep_voltage_envelope;timestep_recovery_envelope","True","136.17800606916","","True","-204.26967560142498","736.083036537887","849.932486052289","757.547820229235","978.447797160931","0.390232884935844","0.0","0.340708779250265","0.0"
