timesteps,env_index,episode_return,episode_length,condition,v_lv_pu,vdc_pu,envelope_violation_pu,fault_lv_band_violation_pu,recovery_violation_pu,grid_current_violation_pu,final_action_max_abs,final_raw_action_max_abs,final_projection_delta_norm,final_support_violation,final_safety_gap,cost_tracking_sum,cost_unbalance_sum,cost_vdc_soft_sum,cost_vdc_bounds_sum,cost_envelope_sum,cost_fault_band_sum,cost_recovery_sum,cost_topology2_dynamic_sum,cost_calibrated_survival_sum,cost_support_sum,cost_support_for_reward_sum,cost_reactive_shortfall_sum,cost_reactive_wrong_sign_sum,cost_grid_current_sum,cost_reg_action_sum,cost_energy_action_sum,cost_slew_sum,cost_safety_sum,cost_teacher_gap_sum,cost_action_limit_sum,action_max_abs_max,raw_action_max_abs_max,projection_delta_norm_max,support_violation_max,safety_gap_max,envelope_violation_max_seen_pu,fault_band_violation_max_seen_pu,recovery_violation_max_seen_pu
10813,1,-433811.7204284668,203,nominal,0.9780710329547392,0.8035270243231826,0.0,nan,0.0361701745522283,nan,0.5099391341209412,0.5099391341209412,0.0,238.68063489297415,0.0,1.1071067332042526,1.8067432138656554,3.1175629813043306,22.650026405997643,0.45659910590690794,0.12704384787030543,0.3295552580366025,2386.5522701491154,22.90294827469178,29362676.578493558,812.0,39.10700826997036,83.0,0.0,51.60764365399389,148.87550780993092,325.2155169736561,0.0,0.0,0.0,0.9463030695915222,0.9463030695915222,0.0,628.2668072763541,0.0,0.0,0.0934955930316452,0.0997739174918329
10813,2,-504155.71517944336,203,nominal,0.9831211715678068,1.0138794711555688,0.0,nan,0.0,nan,0.7596998810768127,0.7596998810768127,0.0,132.82075702102298,0.0,1.631584667617554,3.1459175356177607,3.988992701148897,27.398249880095538,1.0015803479889087,0.34959052042586636,0.6519898275630429,2369.9303675216524,28.01085239627293,30180852.35408908,812.0,56.07148738116312,112.0,0.0,54.03240514223594,157.46282642953852,332.40921235934434,0.0,0.0,0.0,0.9485182166099548,0.9485182166099548,0.0,622.1304095744287,0.0,0.0,0.0934955930316452,0.0997739174918329
10813,3,-427464.96810913086,203,nominal,0.9131016707901161,0.6789862544398925,0.0,nan,0.0899168983080803,nan,0.8249510526657104,0.8249510526657104,0.0,547.609092122915,0.0,1.103599258420719,2.03880877634026,3.0342989114320544,22.20858902067852,0.463584713517913,0.1302346890113087,0.33335002450660417,2228.6376175761575,22.4707929988442,28077830.90845563,812.0,41.51911592542135,90.0,0.0,51.51864577909453,147.1928077444142,306.9075883915916,0.0,0.0,0.0,0.9431999325752258,0.9431999325752258,0.0,626.5004984736797,0.0,0.0,0.0934955930316452,0.112543353011077
10893,0,-445871.77630615234,223,nominal,1.0074221192298696,0.9215566508603962,0.0,nan,0.0,nan,0.9311155676841736,0.9311155676841736,0.0,50.38934213043949,0.0,1.6087522089647084,2.1504032518975142,4.246284795964881,22.563381033196027,0.7979165402144252,0.2655955059115291,0.5323210343028948,2890.846285410885,23.021687682128256,310063.4310587742,892.0,52.31999950180358,112.0,0.0,56.73507766311127,169.82427802827743,390.8881192075555,0.0,0.0,0.0,0.9486644864082336,0.9486644864082336,0.0,62.1171565975451,0.0,0.0,0.0934955930316452,0.108540517682949
11545,1,-315887.06170654297,183,nominal,1.0521070416483864,1.042419759884032,0.0,nan,0.00165347580654612,nan,0.7946301102638245,0.7946301102638245,0.0,40.41293662699625,0.0,1.0329029047480442,1.4721101942706813,2.025646684400887,15.01353128795543,0.38166626588728764,0.12273897703622197,0.2589272888510655,2244.9852273799283,15.26629954949169,260590.5773581312,731.210817529389,27.0870240973951,55.0,0.0,45.62006922544376,142.7790496341798,312.8692547636192,0.0,0.0,0.0,0.9450519680976868,0.9450519680976868,0.0,62.563792119612685,0.0,0.0,0.0934955930316452,0.100958083864723
11545,3,-332031.2182312012,183,nominal,0.9932011046371401,0.8904581647821,0.0,nan,0.0,nan,0.9199686646461487,0.9199686646461487,0.0,49.90480220106678,0.0,1.184923062030464,2.5541313603717004,2.319055767526782,16.33887430006466,0.5185113190115048,0.17367040675761042,0.3448409122538945,2183.966110326167,16.694371508680018,258798.83784060107,732.0,35.1019890038408,75.0,0.0,46.699195917956125,137.42781670936043,313.16792002617206,0.0,0.0,0.0,0.9464475512504578,0.9464475512504578,0.0,62.31902345038419,0.0,0.0,0.0934955930316452,0.100958083864723
11625,0,-306305.103515625,183,nominal,1.006509964859652,0.9237986649945963,0.0,nan,0.0,nan,0.6221632361412048,0.6221632361412048,0.0,39.532871932925914,0.0,1.0216391466990582,1.6739691061085056,1.8060134563311168,14.41730502735882,0.35622337352234157,0.11074859006379534,0.24547478345854623,2269.9415370182587,14.651579953919462,262720.6466917507,728.5262473788739,30.824454669550413,63.0,0.0,49.848846562419844,143.00851375529507,310.26784641848883,0.0,0.0,0.0,0.9450826048851013,0.9450826048851013,0.0,61.90612849075385,0.0,0.0,0.0934955930316452,0.100958083864723
11625,2,-497979.4569091797,203,nominal,1.0016835680332077,0.9093898891151888,0.0,nan,0.0,nan,0.876447856426239,0.876447856426239,0.0,581.837651183375,0.0,1.6752049003146914,3.133413018447101,3.9573077808831063,26.90547229426254,1.1366963617899568,0.41207873144565543,0.7246176303443013,2461.4049944273265,27.614226025241425,29109227.880621724,812.0,59.359154380286014,118.0,0.0,55.59385721859343,145.87553393982375,343.95872417264167,0.0,0.0,0.0,0.9456015229225159,0.9456015229225159,0.0,627.7840650871351,0.0,0.0,0.0934955930316452,0.112543353011077
12437,0,-385455.58920288086,203,nominal,0.8425052021522367,1.0744537074615064,0.0,nan,0.0997739174918329,nan,0.7639166712760925,0.7639166712760925,0.0,507.3709069005036,0.0,1.2486784502641124,2.0463970174188897,2.4457003100261385,18.9932675327414,0.5522265033272632,0.19336075626000387,0.3588657470672594,2524.127267299101,19.344717668783623,30426852.570389006,812.0,42.73606818813718,87.0,0.0,51.279936904088515,158.142257702673,336.76162163686854,0.0,0.0,0.0,0.9478117823600769,0.9478117823600769,0.0,629.1144307801054,0.0,0.0,0.0934955930316452,0.0997739174918329
12437,1,-472408.02423095703,223,nominal,1.006334140372773,0.9202011328133876,0.0,nan,0.0,nan,0.7468440532684326,0.7468440532684326,0.0,49.86090160429402,0.0,1.9825434958656878,3.6979207101560143,4.921810197864722,24.296730909966158,1.1727411141559232,0.4394808624761633,0.7332602516797602,2652.7993194133323,25.046164202734925,335536.9611081897,892.0,63.07117324517378,132.0,0.0,54.24789188225866,180.62602847578347,359.56447598120957,0.0,0.0,0.0,0.9483452439308167,0.9483452439308167,0.0,62.45018505856441,0.0,0.0,0.0934955930316452,0.108540517682949
12437,3,-489105.3615722656,223,nominal,1.0074221192298696,0.9215566508603962,0.0,nan,0.0,nan,0.8094980120658875,0.8094980120658875,0.0,53.87773013249148,0.0,1.5598722313508115,2.163047306272105,4.713337859364412,25.57171690667563,0.8436731178208285,0.2748236544863248,0.5688494633345028,2824.392710489409,26.046078781022114,317405.7685287345,891.5112329068049,52.43423549617673,110.0,0.0,59.95653099474992,162.31428398379188,372.2685384450394,0.0,0.0,0.0,0.9465159773826599,0.9465159773826599,0.0,62.60425056895559,0.0,0.0,0.0934955930316452,0.108540517682949
12517,2,-452926.6933746338,223,nominal,0.9682289169900629,0.7450145775605662,0.0,nan,0.057405546098764,nan,0.6800085306167603,0.6800085306167603,0.0,22.55597560722375,0.0,1.684604778053492,2.4259148912739477,4.346046129839916,23.01909015435714,0.9170972403992002,0.323595943995482,0.593501296403717,2704.589672381861,23.56820155975871,297711.928133188,886.4983529118599,56.94969275934682,116.0,0.0,57.01463659463012,156.80618465458514,355.9783684265531,0.0,0.0,0.0,0.9474431872367859,0.9474431872367859,0.0,61.944871905369155,0.0,0.0,0.0934955930316452,0.108540517682949
13249,1,-374812.8343811035,203,nominal,0.9131016707901161,0.6789862544398925,0.0,nan,0.0899168983080803,nan,0.8073496222496033,0.8073496222496033,0.0,536.2118651448213,0.0,0.9012214197249961,1.7888348495079103,2.384988891116655,18.438926364565372,0.28326599641868483,0.0674854429143372,0.21578055350434752,2573.9768654816908,18.593140784570085,31236497.822621312,812.0,42.149491418128434,90.0,0.0,47.029402410069984,156.89318597322995,351.920160407362,0.0,0.0,0.0,0.9465647339820862,0.9465647339820862,0.0,627.0873187483207,0.0,0.0,0.0934955930316452,0.112543353011077
13329,0,-470213.01567077637,223,nominal,0.8488711302762754,1.0662571766488314,0.0,nan,0.0955727391915466,nan,0.7401688694953918,0.7401688694953918,0.0,48.93923509080056,0.0,2.1096046012132375,3.70637163406072,4.745484373941264,24.06194598064703,1.3176437615791645,0.5091511664615496,0.808492595117616,3053.145024012547,24.913043297813836,328773.8299143315,886.5444360472032,67.53896539804133,137.0,0.0,56.60912292472457,166.47596941587543,396.2712678398729,0.0,0.0,0.0,0.9471234679222107,0.9471234679222107,0.0,62.081293493417945,0.0,0.0,0.0934955930316452,0.108540517682949
13329,2,-491884.23306274414,203,nominal,0.9831211715678068,1.0138794711555688,0.0,nan,0.0,nan,0.5792814493179321,0.5792814493179321,0.0,384.3397368872205,0.0,1.7260467202106942,3.125963862834261,3.8300366545943407,26.519632670621455,1.0460734231132707,0.37151276889132046,0.6745606542219511,2191.2049668421437,27.17656968029435,25943937.81187703,812.0,60.992250642322006,123.0,0.0,51.667249347118855,143.78434328341177,309.208548101485,0.0,0.0,0.0,0.9482143521308899,0.9482143521308899,0.0,625.1454785624875,0.0,0.0,0.0934955930316452,0.112543353011077
13329,3,-419134.85525512695,223,nominal,0.9055979548395314,0.6660353523314925,0.0,nan,0.077001379543417,nan,0.8574437499046326,0.8574437499046326,0.0,55.354400543252936,0.0,1.6645459775493638,2.4151652818042297,3.9122936481566013,20.753537314070236,0.9055983210822317,0.3265788386204887,0.5790194824617418,2604.465452291357,21.297576906501103,297024.97465561563,889.3182863273832,51.40941557034202,108.0,0.0,53.37209902374014,156.75223076776388,337.66563867932246,0.0,0.0,0.0,0.9464704394340515,0.9464704394340515,0.0,61.830336325157816,0.0,0.0,0.0934955930316452,0.108540517682949
14061,0,-256797.74703979492,183,nominal,0.9988293801414782,0.8842169229494513,0.0,nan,0.0,nan,0.5546761751174927,0.5546761751174927,0.0,3.018081680236515,0.0,0.9371545944978262,1.4750471185669136,1.4086388339853233,11.134120248400334,0.29083680293844966,0.09029665578511863,0.20054014715333102,1934.037804194481,11.324598898770686,269927.50720450014,727.3206321276338,30.917118610251936,63.0,0.0,45.56341678619639,140.95936848883244,283.48009555498334,0.0,0.0,0.0,0.9449216723442078,0.9449216723442078,0.0,62.161371138397115,0.0,0.0,0.0934955930316452,0.100958083864723
14061,2,-254265.9898071289,183,nominal,0.9988293801414782,0.8842169229494513,0.0,nan,0.0,nan,0.9102036356925964,0.9102036356925964,0.0,15.914214457963437,0.0,0.9031501407555893,1.455099162147044,1.6183135359221925,10.917333319657843,0.22886258933109874,0.06765997475138236,0.1612026145797165,1957.377107156434,11.07191472282013,243107.01446319334,728.228747751454,25.81622878211596,54.0,0.0,43.34363632448737,144.25164043561884,278.29294655457744,0.0,0.0,0.0,0.9474208950996399,0.9474208950996399,0.0,62.129161547528845,0.0,0.0,0.0934955930316452,0.100958083864723
14061,3,-306395.27728271484,183,nominal,1.006685658235995,1.0037437778808425,0.0,nan,0.0,nan,0.5598477125167847,0.5598477125167847,0.0,17.600622842575966,0.0,0.959488494029225,1.465002065676758,1.93186527659378,14.293003044886055,0.294464740202546,0.09048890031368241,0.20397583988886342,2157.470510400048,14.496414681673542,263161.48199376446,728.8271421386922,25.269935202758703,52.0,0.0,44.17214781982346,139.35884973025728,311.3719907533406,0.0,0.0,0.0,0.9471397995948792,0.9471397995948792,0.0,62.669406775621795,0.0,0.0,0.0934955930316452,0.100958083864723
14141,1,-422835.8298034668,223,nominal,1.0074221192298696,0.9215566508603962,0.0,nan,0.0,nan,0.7945788502693176,0.7945788502693176,0.0,32.81239582237125,0.0,1.6329063704675746,2.1379933756972873,3.9584370673706344,20.820846612586383,0.8985618094355349,0.32442289463566565,0.5741389147998686,2598.4962737650544,21.362693838802326,318489.9900217963,889.9088221745565,52.334941027292636,111.0,0.0,54.99538436996386,164.87120852963326,356.56959954432966,0.0,0.0,0.0,0.9451869130134583,0.9451869130134583,0.0,62.31578752724962,0.0,0.0,0.0934955930316452,0.108540517682949
14793,0,-294644.03439331055,183,nominal,1.006685658235995,1.0037437778808425,0.0,nan,0.0,nan,0.5390900373458862,0.5390900373458862,0.0,31.13909701414491,0.0,0.8719572300352318,1.4615567215462077,2.014505590909322,13.733840004524291,0.31290176636136624,0.09284329963200871,0.22005846672935728,2013.9040955569321,13.93320661658466,248959.5757988965,732.0,32.44117830528565,66.0,0.0,44.10871785593791,132.04421758528122,284.2383019829374,0.0,0.0,0.0,0.9492855668067932,0.9492855668067932,0.0,62.478192329407875,0.0,0.0,0.0934955930316452,0.100958083864723
14873,2,-394041.1512451172,203,nominal,0.9831211715678068,1.0138794711555688,0.0,nan,0.0,nan,0.6379048824310303,0.6379048824310303,0.0,423.30396919711006,0.0,1.148123396342951,2.046077446053513,2.7048338031191688,19.778201214267472,0.5024029903095134,0.16097274731448494,0.34143024299502833,2305.591333466641,20.078987963820186,26288370.51626731,812.0,41.97084421929662,87.0,0.0,50.30563623637185,149.45501306083506,308.74931389145837,0.0,0.0,0.0,0.9493877291679382,0.9493877291679382,0.0,625.1423958392922,0.0,0.0,0.0934955930316452,0.0997739174918329
14873,3,-396641.7327270508,203,nominal,0.9131016707901161,0.6789862544398925,0.0,nan,0.0899168983080803,nan,0.8867525458335876,0.8867525458335876,0.0,184.4179973040583,0.0,1.0402720256055153,2.044891460219316,2.507008844853134,19.862674758865197,0.3728663886346062,0.11210731533766738,0.2607590732969387,2230.813547357238,20.09191464804735,29401467.329563133,812.0,42.94210941780833,90.0,0.0,48.51849003824738,153.55550082873066,306.97558798667586,0.0,0.0,0.0,0.9450204968452454,0.9450204968452454,0.0,627.5012426391461,0.0,0.0,0.0934955930316452,0.0997739174918329
14953,1,-504978.4242248535,203,nominal,0.9986150491206474,0.8961192056811937,0.0,nan,0.0,nan,0.4925159215927124,0.4925159215927124,0.0,81.6568267173471,0.0,1.2604155459081543,2.0534798088161637,3.818834224774489,27.607608522508297,0.5827300144596717,0.1607543624713551,0.42197565198831677,2419.6454414392792,27.920289430483244,27527841.256074436,812.0,40.315947491132235,83.0,0.0,51.16018829703752,155.11044555434438,330.2623054957659,0.0,0.0,0.0,0.9444150328636169,0.9444150328636169,0.0,617.7367279650126,0.0,0.0,0.0934955930316452,0.0997739174918329
15605,0,-453550.34213256836,203,nominal,0.9131016707901161,0.6789862544398925,0.0,nan,0.0899168983080803,nan,0.9050716757774353,0.9050716757774353,0.0,534.2089683945233,0.0,1.4900680061454012,3.132274378047032,3.18411260193615,23.722226105230376,0.778535599268104,0.27731909608606087,0.5012165031820434,2185.78039602255,24.22416427024559,26707981.326569084,812.0,49.698002485360384,104.0,0.0,47.6592457255243,143.27444215125084,298.6831366695627,0.0,0.0,0.0,0.9455024600028992,0.9455024600028992,0.0,627.4127399944191,0.0,0.0,0.0934955930316452,0.112543353011077
15685,3,-481446.98208618164,203,nominal,0.9407622728731305,0.7196132250112988,0.0,nan,0.080920034799294,nan,0.7833828330039978,0.7833828330039978,0.0,520.2717908341364,0.0,1.7250225327853919,3.1296466200544804,3.679991705875455,25.763575806054355,1.0151489070131399,0.36627537675727717,0.6488735302558635,2275.454566814591,26.41007857043536,25533056.114152655,809.0101819949912,54.9094769008747,112.0,0.0,45.89751115049656,143.98536916389352,310.4753429886354,0.0,0.0,0.0,0.945106565952301,0.945106565952301,0.0,618.390666339279,0.0,0.0,0.0934955930316452,0.112543353011077
15765,1,-419770.24197387695,203,nominal,0.9721450140794058,0.7878660822899074,0.0,nan,0.0381656813845573,nan,0.8870862126350403,0.8870862126350403,0.0,55.93844829063759,0.0,1.2235460151575792,2.04845307604181,2.902214899555772,21.541729959009203,0.5353135640882425,0.16886387242005038,0.36644969166819197,2809.030008406747,21.860971151913617,29481537.78080815,812.0,44.3081194387019,95.0,0.0,49.392075413426305,158.34107830096212,375.98292984952946,0.0,0.0,0.0,0.9456223249435425,0.9456223249435425,0.0,627.8202448803866,0.0,0.0,0.0934955930316452,0.112543353011077
15765,2,-421911.49102783203,223,nominal,0.8488711302762754,1.0662571766488314,0.0,nan,0.0955727391915466,nan,0.8608648180961609,0.8608648180961609,0.0,56.9447807561215,0.0,1.5425469479460332,2.154854486465777,3.9121493667992704,20.888976801105656,0.7228807022122081,0.2404738159452427,0.4824068862669647,2780.0450335518103,21.306000109300893,324738.5081243956,892.0,48.654218232996655,104.0,0.0,56.00556607775438,174.11009343555256,378.1176571133213,0.0,0.0,0.0,0.9476554989814758,0.9476554989814758,0.0,61.881673262576406,0.0,0.0,0.0934955930316452,0.108540517682949
16001,0,-177315.55435180664,99,partial_chunk,nan,nan,nan,nan,nan,nan,,,,,,0.6838238705068194,0.9711143653493354,1.1557945399520475,8.624225220431097,0.21964061189868844,0.07195848189728013,0.1476821300014083,767.3611226813475,8.762895331561317,11684254.507044617,395.40799339323337,10.232849919385787,23.0,0.0,21.586126321704796,68.50427513447468,154.68224888229838,0.0,0.0,0.0,0.9394635558128357,0.9394635558128357,0.0,604.5400109774239,0.0,0.0,0.0934955930316452,0.112543353011077
16001,1,-112578.39315795898,59,partial_chunk,nan,nan,nan,nan,nan,nan,,,,,,0.5002409732350207,0.20291293847730538,0.8491879045843264,5.674026575150503,0.2483798965878309,0.09011493833819403,0.15826495824963693,372.74393558331224,5.8196833789889775,84055.49332649696,236.0,0.0,0.0,0.0,16.979950180545536,43.21088676396178,105.38033776554765,0.0,0.0,0.0,0.9478699564933777,0.9478699564933777,0.0,62.013898538014,0.0,0.0,0.0934955930316452,0.108540517682949
16001,2,-108050.3715209961,59,partial_chunk,nan,nan,nan,nan,nan,nan,,,,,,0.6201451096875238,0.3460075561149994,1.044031156490694,5.25302982342462,0.31724021379978834,0.13106934576943488,0.18617086803035357,334.84329519652516,5.471066055724841,84276.42049387288,236.0,0.0,0.0,0.0,14.65983458316392,48.655443422893924,100.38805665049807,0.0,0.0,0.0,0.9479272365570068,0.9479272365570068,0.0,62.97364961671476,0.0,0.0,0.0934955930316452,0.0955727391915466
16001,3,-130230.62238311768,79,partial_chunk,nan,nan,nan,nan,nan,nan,,,,,,0.577060145479536,0.6101107652355279,0.88204466860887,6.067556730652497,0.1579162990121889,0.05763048043510511,0.1002858185770838,592.013725930726,6.181168023522412,111011.64086379686,312.17834045108606,2.4729134035822087,5.0,0.0,18.008014798130947,57.920386373878664,143.6506653528433,0.0,0.0,0.0,0.9448646306991577,0.9448646306991577,0.0,60.93525791833919,0.0,0.0,0.0934955930316452,0.100958083864723
