sid,category,fault_type,scr,target_V_pu,iq,mse_d,mse_q,iq_post,mse_d_post,mse_q_post,post_delay,frt,connect,reactive,limit,recover,survive,recover_worst,Vdc_min,Vdc_max,V1_final_mean,V1_final_worst_signed
1441,HVRT,swell_3ph,2,1.1000,0.1,0.1,0.2,0.27,0.2,0.2,0,False,PASS,FAIL,PASS,FAIL,PASS,0.079794551,0.81744325,1.0574077,0.92091201,-0.079794551
1441,HVRT,swell_3ph,2,1.1000,0.1,0.1,0.2,0.27,0.2,0.2,0.08,False,PASS,FAIL,PASS,FAIL,PASS,0.079754763,0.79890632,1.0640928,0.92104881,-0.079754763
1441,HVRT,swell_3ph,2,1.1000,0.1,0.1,0.2,0.27,0.2,0.2,0.18,False,PASS,FAIL,PASS,FAIL,PASS,0.079288364,0.81744325,1.0845493,0.92166423,-0.079288364
1441,HVRT,swell_3ph,2,1.1000,0.1,0.1,0.2,0.27,0.2,0.2,0.25,False,PASS,FAIL,PASS,FAIL,PASS,0.079064909,0.81744325,1.1107583,0.92168645,-0.079064909
1441,HVRT,swell_3ph,2,1.1000,0.1,0.1,0.2,0.27,0.2,0.2,0.35,False,PASS,FAIL,PASS,FAIL,PASS,0.078854954,0.81744325,1.1066561,0.92202994,-0.078854954
1441,HVRT,swell_3ph,2,1.1000,0.1,0.1,0.2,0.3,0.2,0.2,0,False,PASS,FAIL,PASS,FAIL,PASS,0.072431328,0.81744325,1.1153232,0.92844822,-0.072431328
1441,HVRT,swell_3ph,2,1.1000,0.1,0.1,0.2,0.3,0.2,0.2,0.08,False,PASS,FAIL,PASS,FAIL,PASS,0.073025743,0.78703412,1.1102841,0.92818557,-0.073025743
1441,HVRT,swell_3ph,2,1.1000,0.1,0.1,0.2,0.3,0.2,0.2,0.18,False,PASS,FAIL,PASS,FAIL,PASS,0.072486561,0.81744325,1.1071582,0.92843971,-0.072486561
1441,HVRT,swell_3ph,2,1.1000,0.1,0.1,0.2,0.3,0.2,0.2,0.25,False,PASS,FAIL,PASS,FAIL,PASS,0.072521777,0.81744325,1.1063837,0.92835865,-0.072521777
1441,HVRT,swell_3ph,2,1.1000,0.1,0.1,0.2,0.3,0.2,0.2,0.35,False,PASS,FAIL,PASS,FAIL,PASS,0.072779564,0.81744325,1.1050316,0.92835427,-0.072779564
1441,HVRT,swell_3ph,2,1.1000,0.1,0.1,0.2,0.35,0.2,0.2,0,False,PASS,FAIL,PASS,FAIL,PASS,0.072393369,0.81744325,1.1158311,0.92845068,-0.072393369
1441,HVRT,swell_3ph,2,1.1000,0.1,0.1,0.2,0.35,0.2,0.2,0.08,False,PASS,FAIL,PASS,FAIL,PASS,0.073025611,0.78703412,1.1106968,0.9281859,-0.073025611
1441,HVRT,swell_3ph,2,1.1000,0.1,0.1,0.2,0.35,0.2,0.2,0.18,False,PASS,FAIL,PASS,FAIL,PASS,0.072146852,0.81744325,1.1082448,0.92847478,-0.072146852
1441,HVRT,swell_3ph,2,1.1000,0.1,0.1,0.2,0.35,0.2,0.2,0.25,False,PASS,FAIL,PASS,FAIL,PASS,0.072547734,0.81744325,1.1063837,0.92833352,-0.072547734
1441,HVRT,swell_3ph,2,1.1000,0.1,0.1,0.2,0.35,0.2,0.2,0.35,False,PASS,FAIL,PASS,FAIL,PASS,0.072709921,0.81744325,1.1067696,0.92839207,-0.072709921
1441,HVRT,swell_3ph,2,1.1000,0.1,0.1,0.2,0.27,0.25,0.2,0,False,PASS,FAIL,PASS,FAIL,PASS,0.079103825,0.81744325,1.0489329,0.92171398,-0.079103825
1441,HVRT,swell_3ph,2,1.1000,0.1,0.1,0.2,0.27,0.25,0.2,0.08,False,PASS,FAIL,PASS,FAIL,PASS,0.079129356,0.78216421,1.0562769,0.92184231,-0.079129356
1441,HVRT,swell_3ph,2,1.1000,0.1,0.1,0.2,0.27,0.25,0.2,0.18,False,PASS,FAIL,PASS,FAIL,PASS,0.078377266,0.81744325,1.0704351,0.92236723,-0.078377266
1441,HVRT,swell_3ph,2,1.1000,0.1,0.1,0.2,0.27,0.25,0.2,0.25,False,PASS,FAIL,PASS,FAIL,PASS,0.078101447,0.81744325,1.0875104,0.92247667,-0.078101447
1441,HVRT,swell_3ph,2,1.1000,0.1,0.1,0.2,0.27,0.25,0.2,0.35,False,PASS,FAIL,PASS,FAIL,PASS,0.077834623,0.81744325,1.0756793,0.92263647,-0.077834623
1441,HVRT,swell_3ph,2,1.1000,0.1,0.1,0.2,0.27,0.3,0.2,0,False,PASS,FAIL,PASS,FAIL,PASS,0.079438662,0.81744325,1.0489329,0.92148348,-0.079438662
1441,HVRT,swell_3ph,2,1.1000,0.1,0.1,0.2,0.27,0.3,0.2,0.08,False,PASS,FAIL,PASS,FAIL,PASS,0.079293558,0.77395478,1.0489329,0.92157133,-0.079293558
1441,HVRT,swell_3ph,2,1.1000,0.1,0.1,0.2,0.27,0.3,0.2,0.18,False,PASS,FAIL,PASS,FAIL,PASS,0.078609899,0.80717015,1.0555502,0.92208159,-0.078609899
1441,HVRT,swell_3ph,2,1.1000,0.1,0.1,0.2,0.27,0.3,0.2,0.25,False,PASS,FAIL,PASS,FAIL,PASS,0.078472749,0.81744325,1.0759786,0.92215635,-0.078472749
1441,HVRT,swell_3ph,2,1.1000,0.1,0.1,0.2,0.27,0.3,0.2,0.35,False,PASS,FAIL,PASS,FAIL,PASS,0.078406822,0.81744325,1.0614764,0.92242717,-0.078406822
1441,HVRT,swell_3ph,2,1.1000,0.1,0.1,0.2,0.3,0.25,0.2,0,False,PASS,FAIL,PASS,FAIL,PASS,0.073879747,0.81744325,1.092798,0.92736678,-0.073879747
1441,HVRT,swell_3ph,2,1.1000,0.1,0.1,0.2,0.3,0.25,0.2,0.08,False,PASS,FAIL,PASS,FAIL,PASS,0.073719075,0.76951725,1.0901921,0.92723919,-0.073719075
1441,HVRT,swell_3ph,2,1.1000,0.1,0.1,0.2,0.3,0.25,0.2,0.18,False,PASS,FAIL,PASS,FAIL,PASS,0.073455023,0.80280326,1.0913045,0.92744736,-0.073455023
1441,HVRT,swell_3ph,2,1.1000,0.1,0.1,0.2,0.3,0.25,0.2,0.25,False,PASS,FAIL,PASS,FAIL,PASS,0.073541101,0.81744325,1.0852457,0.9271485,-0.073541101
1441,HVRT,swell_3ph,2,1.1000,0.1,0.1,0.2,0.3,0.25,0.2,0.35,False,PASS,FAIL,PASS,FAIL,PASS,0.073751709,0.81744325,1.0832481,0.92700664,-0.073751709
1441,HVRT,swell_3ph,2,1.1000,0.1,0.1,0.2,0.3,0.3,0.2,0,False,PASS,FAIL,PASS,FAIL,PASS,0.075149345,0.81744325,1.0724884,0.9257528,-0.075149345
1441,HVRT,swell_3ph,2,1.1000,0.1,0.1,0.2,0.3,0.3,0.2,0.08,False,PASS,FAIL,PASS,FAIL,PASS,0.075249487,0.76155097,1.0683413,0.92549157,-0.075249487
1441,HVRT,swell_3ph,2,1.1000,0.1,0.1,0.2,0.3,0.3,0.2,0.18,False,PASS,FAIL,PASS,FAIL,PASS,0.075061625,0.79226084,1.0705776,0.92570042,-0.075061625
1441,HVRT,swell_3ph,2,1.1000,0.1,0.1,0.2,0.3,0.3,0.2,0.25,False,PASS,FAIL,PASS,FAIL,PASS,0.075416076,0.81744325,1.0691725,0.92539648,-0.075416076
1441,HVRT,swell_3ph,2,1.1000,0.1,0.1,0.2,0.3,0.3,0.2,0.35,False,PASS,FAIL,PASS,FAIL,PASS,0.075760475,0.81744325,1.0667336,0.92521428,-0.075760475
1441,HVRT,swell_3ph,2,1.1000,0.1,0.1,0.2,0.35,0.25,0.2,0,False,PASS,FAIL,PASS,FAIL,PASS,0.073682668,0.81744325,1.0927936,0.9273512,-0.073682668
1441,HVRT,swell_3ph,2,1.1000,0.1,0.1,0.2,0.35,0.25,0.2,0.08,False,PASS,FAIL,PASS,FAIL,PASS,0.073705208,0.76951725,1.0901205,0.92726238,-0.073705208
1441,HVRT,swell_3ph,2,1.1000,0.1,0.1,0.2,0.35,0.25,0.2,0.18,False,PASS,FAIL,PASS,FAIL,PASS,0.073435451,0.80280326,1.0913149,0.9274838,-0.073435451
1441,HVRT,swell_3ph,2,1.1000,0.1,0.1,0.2,0.35,0.25,0.2,0.25,False,PASS,FAIL,PASS,FAIL,PASS,0.073874583,0.81744325,1.0852454,0.92720256,-0.073874583
1441,HVRT,swell_3ph,2,1.1000,0.1,0.1,0.2,0.35,0.25,0.2,0.35,False,PASS,FAIL,PASS,FAIL,PASS,0.07374013,0.81744325,1.0828887,0.92728746,-0.07374013
1441,HVRT,swell_3ph,2,1.1000,0.1,0.1,0.2,0.35,0.3,0.2,0,False,PASS,FAIL,PASS,FAIL,PASS,0.075214979,0.81744325,1.0707636,0.92562754,-0.075214979
1441,HVRT,swell_3ph,2,1.1000,0.1,0.1,0.2,0.35,0.3,0.2,0.08,False,PASS,FAIL,PASS,FAIL,PASS,0.075068025,0.76155097,1.0683772,0.9255265,-0.075068025
1441,HVRT,swell_3ph,2,1.1000,0.1,0.1,0.2,0.35,0.3,0.2,0.18,False,PASS,FAIL,PASS,FAIL,PASS,0.075061632,0.79226084,1.0705735,0.92570039,-0.075061632
1441,HVRT,swell_3ph,2,1.1000,0.1,0.1,0.2,0.35,0.3,0.2,0.25,False,PASS,FAIL,PASS,FAIL,PASS,0.075486018,0.81744325,1.0691725,0.92553277,-0.075486018
1441,HVRT,swell_3ph,2,1.1000,0.1,0.1,0.2,0.35,0.3,0.2,0.35,False,PASS,FAIL,PASS,FAIL,PASS,0.075804731,0.81744325,1.0661913,0.92530436,-0.075804731
1441,HVRT,swell_3ph,2,1.1000,0.1,0.1,0.2,0.3,0.3,0.25,0,False,PASS,FAIL,PASS,FAIL,PASS,0.073133574,0.81744325,1.0889234,0.92843579,-0.073133574
1441,HVRT,swell_3ph,2,1.1000,0.1,0.1,0.2,0.3,0.3,0.25,0.08,False,PASS,FAIL,PASS,FAIL,PASS,0.072621149,0.76937269,1.0866491,0.92841918,-0.072621149
1441,HVRT,swell_3ph,2,1.1000,0.1,0.1,0.2,0.3,0.3,0.25,0.18,False,PASS,FAIL,PASS,FAIL,PASS,0.072395213,0.80342838,1.092055,0.92863709,-0.072395213
1441,HVRT,swell_3ph,2,1.1000,0.1,0.1,0.2,0.3,0.3,0.25,0.25,False,PASS,FAIL,PASS,FAIL,PASS,0.07248998,0.81744325,1.0857843,0.92814704,-0.07248998
1441,HVRT,swell_3ph,2,1.1000,0.1,0.1,0.2,0.3,0.3,0.25,0.35,False,PASS,FAIL,PASS,FAIL,PASS,0.072480121,0.81744325,1.0816074,0.92812257,-0.072480121
1441,HVRT,swell_3ph,2,1.1000,0.1,0.1,0.2,0.35,0.3,0.25,0,False,PASS,FAIL,PASS,FAIL,PASS,0.072557318,0.81744325,1.0889231,0.92845272,-0.072557318
1441,HVRT,swell_3ph,2,1.1000,0.1,0.1,0.2,0.35,0.3,0.25,0.08,False,PASS,FAIL,PASS,FAIL,PASS,0.072621059,0.7692492,1.0866482,0.92841945,-0.072621059
1441,HVRT,swell_3ph,2,1.1000,0.1,0.1,0.2,0.35,0.3,0.25,0.18,False,PASS,FAIL,PASS,FAIL,PASS,0.071916396,0.80342838,1.092057,0.92873567,-0.071916396
1441,HVRT,swell_3ph,2,1.1000,0.1,0.1,0.2,0.35,0.3,0.25,0.25,False,PASS,FAIL,PASS,FAIL,PASS,0.072520888,0.81744325,1.0828961,0.9283009,-0.072520888
1441,HVRT,swell_3ph,2,1.1000,0.1,0.1,0.2,0.35,0.3,0.25,0.35,False,PASS,FAIL,PASS,FAIL,PASS,0.072931482,0.81744325,1.0815575,0.9281678,-0.072931482
1441,HVRT,swell_3ph,2,1.1000,0,0.1,0.2,0.27,0.2,0.2,0,False,PASS,FAIL,PASS,FAIL,FAIL,0.079369312,0.65146687,1.0944401,0.92141312,-0.079369312
1441,HVRT,swell_3ph,2,1.1000,0,0.1,0.2,0.27,0.2,0.2,0.08,False,PASS,FAIL,PASS,FAIL,FAIL,0.079973036,0.65146687,1.0844953,0.92093752,-0.079973036
1441,HVRT,swell_3ph,2,1.1000,0,0.1,0.2,0.27,0.2,0.2,0.18,False,PASS,FAIL,PASS,FAIL,FAIL,0.079380182,0.65146687,1.0945881,0.92115684,-0.079380182
1441,HVRT,swell_3ph,2,1.1000,0,0.1,0.2,0.27,0.2,0.2,0.25,False,PASS,FAIL,PASS,FAIL,FAIL,0.079604548,0.65146687,1.1117601,0.92109076,-0.079604548
1441,HVRT,swell_3ph,2,1.1000,0,0.1,0.2,0.27,0.2,0.2,0.35,False,PASS,FAIL,PASS,FAIL,FAIL,0.079428083,0.65146687,1.1041828,0.92122752,-0.079428083
1441,HVRT,swell_3ph,2,1.1000,0,0.1,0.2,0.3,0.2,0.2,0,False,PASS,FAIL,PASS,FAIL,FAIL,0.072650651,0.65146687,1.1061325,0.92819012,-0.072650651
1441,HVRT,swell_3ph,2,1.1000,0,0.1,0.2,0.3,0.2,0.2,0.08,False,PASS,FAIL,PASS,FAIL,FAIL,0.073471281,0.65146687,1.0997667,0.92733143,-0.073471281
1441,HVRT,swell_3ph,2,1.1000,0,0.1,0.2,0.3,0.2,0.2,0.18,False,PASS,FAIL,PASS,FAIL,FAIL,0.073343285,0.65146687,1.1028787,0.92744817,-0.073343285
1441,HVRT,swell_3ph,2,1.1000,0,0.1,0.2,0.3,0.2,0.2,0.25,False,PASS,FAIL,PASS,FAIL,FAIL,0.073440179,0.65146687,1.1040819,0.92737851,-0.073440179
1441,HVRT,swell_3ph,2,1.1000,0,0.1,0.2,0.3,0.2,0.2,0.35,False,PASS,FAIL,PASS,FAIL,FAIL,0.073168283,0.65146687,1.1071442,0.92746151,-0.073168283
1441,HVRT,swell_3ph,2,1.1000,0,0.1,0.2,0.35,0.2,0.2,0,False,PASS,FAIL,PASS,FAIL,FAIL,0.07265065,0.65146687,1.1061346,0.92819014,-0.07265065
1441,HVRT,swell_3ph,2,1.1000,0,0.1,0.2,0.35,0.2,0.2,0.08,False,PASS,FAIL,PASS,FAIL,FAIL,0.073521346,0.65146687,1.0996875,0.92727254,-0.073521346
1441,HVRT,swell_3ph,2,1.1000,0,0.1,0.2,0.35,0.2,0.2,0.18,False,PASS,FAIL,PASS,FAIL,FAIL,0.073333449,0.65146687,1.1027976,0.92741956,-0.073333449
1441,HVRT,swell_3ph,2,1.1000,0,0.1,0.2,0.35,0.2,0.2,0.25,False,PASS,FAIL,PASS,FAIL,FAIL,0.073439652,0.65146687,1.1040819,0.92737857,-0.073439652
1441,HVRT,swell_3ph,2,1.1000,0,0.1,0.2,0.35,0.2,0.2,0.35,False,PASS,FAIL,PASS,FAIL,FAIL,0.073419939,0.65146687,1.1042337,0.92741691,-0.073419939
1441,HVRT,swell_3ph,2,1.1000,0,0.1,0.2,0.27,0.25,0.2,0,False,PASS,FAIL,PASS,FAIL,FAIL,0.07848572,0.65146687,1.0687153,0.92219333,-0.07848572
1441,HVRT,swell_3ph,2,1.1000,0,0.1,0.2,0.27,0.25,0.2,0.08,False,PASS,FAIL,PASS,FAIL,FAIL,0.079016194,0.65146687,1.070633,0.92168396,-0.079016194
1441,HVRT,swell_3ph,2,1.1000,0,0.1,0.2,0.27,0.25,0.2,0.18,False,PASS,FAIL,PASS,FAIL,FAIL,0.078863191,0.65146687,1.070192,0.92178858,-0.078863191
1441,HVRT,swell_3ph,2,1.1000,0,0.1,0.2,0.27,0.25,0.2,0.25,False,PASS,FAIL,PASS,FAIL,FAIL,0.079154847,0.65146687,1.0892364,0.92173449,-0.079154847
1441,HVRT,swell_3ph,2,1.1000,0,0.1,0.2,0.27,0.25,0.2,0.35,False,PASS,FAIL,PASS,FAIL,FAIL,0.078763973,0.65146687,1.0741885,0.92183791,-0.078763973
1441,HVRT,swell_3ph,2,1.1000,0,0.1,0.2,0.27,0.3,0.2,0,False,PASS,FAIL,PASS,FAIL,FAIL,0.078733226,0.65146687,1.0574683,0.92204787,-0.078733226
1441,HVRT,swell_3ph,2,1.1000,0,0.1,0.2,0.27,0.3,0.2,0.08,False,PASS,FAIL,PASS,FAIL,FAIL,0.079552565,0.65146687,1.0587676,0.92152277,-0.079552565
1441,HVRT,swell_3ph,2,1.1000,0,0.1,0.2,0.27,0.3,0.2,0.18,False,PASS,FAIL,PASS,FAIL,FAIL,0.079565898,0.65146687,1.0607649,0.92152122,-0.079565898
1441,HVRT,swell_3ph,2,1.1000,0,0.1,0.2,0.27,0.3,0.2,0.25,False,PASS,FAIL,PASS,FAIL,FAIL,0.07945042,0.65146687,1.0780926,0.92154039,-0.07945042
1441,HVRT,swell_3ph,2,1.1000,0,0.1,0.2,0.27,0.3,0.2,0.35,False,PASS,FAIL,PASS,FAIL,FAIL,0.07919746,0.65146687,1.0663449,0.92173826,-0.07919746
1441,HVRT,swell_3ph,2,1.1000,0,0.1,0.2,0.3,0.25,0.2,0,False,PASS,FAIL,PASS,FAIL,FAIL,0.073983867,0.65146687,1.0837344,0.9270353,-0.073983867
1441,HVRT,swell_3ph,2,1.1000,0,0.1,0.2,0.3,0.25,0.2,0.08,False,PASS,FAIL,PASS,FAIL,FAIL,0.074429798,0.65146687,1.0842738,0.92647605,-0.074429798
1441,HVRT,swell_3ph,2,1.1000,0,0.1,0.2,0.3,0.25,0.2,0.18,False,PASS,FAIL,PASS,FAIL,FAIL,0.074519526,0.65146687,1.0839811,0.92650513,-0.074519526
1441,HVRT,swell_3ph,2,1.1000,0,0.1,0.2,0.3,0.25,0.2,0.25,False,PASS,FAIL,PASS,FAIL,FAIL,0.074100872,0.65146687,1.0860202,0.92658869,-0.074100872
1441,HVRT,swell_3ph,2,1.1000,0,0.1,0.2,0.3,0.25,0.2,0.35,False,PASS,FAIL,PASS,FAIL,FAIL,0.074937523,0.65146687,1.0860229,0.92650703,-0.074937523
1441,HVRT,swell_3ph,2,1.1000,0,0.1,0.2,0.3,0.3,0.2,0,False,PASS,FAIL,PASS,FAIL,FAIL,0.075740628,0.65146687,1.0672192,0.92535584,-0.075740628
1441,HVRT,swell_3ph,2,1.1000,0,0.1,0.2,0.3,0.3,0.2,0.08,False,PASS,FAIL,PASS,FAIL,FAIL,0.075868817,0.65146687,1.0635076,0.92477385,-0.075868817
1441,HVRT,swell_3ph,2,1.1000,0,0.1,0.2,0.3,0.3,0.2,0.18,False,PASS,FAIL,PASS,FAIL,FAIL,0.076117722,0.65146687,1.0655155,0.92481434,-0.076117722
1441,HVRT,swell_3ph,2,1.1000,0,0.1,0.2,0.3,0.3,0.2,0.25,False,PASS,FAIL,PASS,FAIL,FAIL,0.075989973,0.65146687,1.0641812,0.92490307,-0.075989973
1441,HVRT,swell_3ph,2,1.1000,0,0.1,0.2,0.3,0.3,0.2,0.35,False,PASS,FAIL,PASS,FAIL,FAIL,0.076265854,0.65146687,1.0638404,0.92477184,-0.076265854
1441,HVRT,swell_3ph,2,1.1000,0,0.1,0.2,0.35,0.25,0.2,0,False,PASS,FAIL,PASS,FAIL,FAIL,0.073910565,0.65146687,1.0837435,0.92711535,-0.073910565
1441,HVRT,swell_3ph,2,1.1000,0,0.1,0.2,0.35,0.25,0.2,0.08,False,PASS,FAIL,PASS,FAIL,FAIL,0.074778187,0.65146687,1.082448,0.92645275,-0.074778187
1441,HVRT,swell_3ph,2,1.1000,0,0.1,0.2,0.35,0.25,0.2,0.18,False,PASS,FAIL,PASS,FAIL,FAIL,0.074507869,0.65146687,1.0855706,0.92650403,-0.074507869
1441,HVRT,swell_3ph,2,1.1000,0,0.1,0.2,0.35,0.25,0.2,0.25,False,PASS,FAIL,PASS,FAIL,FAIL,0.074931344,0.65146687,1.0858454,0.92650451,-0.074931344
1441,HVRT,swell_3ph,2,1.1000,0,0.1,0.2,0.35,0.25,0.2,0.35,False,PASS,FAIL,PASS,FAIL,FAIL,0.074687357,0.65146687,1.0860229,0.92652191,-0.074687357
1441,HVRT,swell_3ph,2,1.1000,0,0.1,0.2,0.35,0.3,0.2,0,False,PASS,FAIL,PASS,FAIL,FAIL,0.075740459,0.65146687,1.0672239,0.92535616,-0.075740459
1441,HVRT,swell_3ph,2,1.1000,0,0.1,0.2,0.35,0.3,0.2,0.08,False,PASS,FAIL,PASS,FAIL,FAIL,0.075868931,0.65146687,1.0633185,0.92477387,-0.075868931
1441,HVRT,swell_3ph,2,1.1000,0,0.1,0.2,0.35,0.3,0.2,0.18,False,PASS,FAIL,PASS,FAIL,FAIL,0.07611369,0.65146687,1.0631446,0.92475437,-0.07611369
1441,HVRT,swell_3ph,2,1.1000,0,0.1,0.2,0.35,0.3,0.2,0.25,False,PASS,FAIL,PASS,FAIL,FAIL,0.076098021,0.65146687,1.0636593,0.92481337,-0.076098021
1441,HVRT,swell_3ph,2,1.1000,0,0.1,0.2,0.35,0.3,0.2,0.35,False,PASS,FAIL,PASS,FAIL,FAIL,0.076278459,0.65146687,1.0627502,0.92476546,-0.076278459
1441,HVRT,swell_3ph,2,1.1000,0,0.1,0.2,0.3,0.3,0.25,0,False,PASS,FAIL,PASS,FAIL,FAIL,0.072648931,0.65146687,1.0825229,0.92800083,-0.072648931
1441,HVRT,swell_3ph,2,1.1000,0,0.1,0.2,0.3,0.3,0.25,0.08,False,PASS,FAIL,PASS,FAIL,FAIL,0.073235301,0.65146687,1.0810033,0.9275825,-0.073235301
1441,HVRT,swell_3ph,2,1.1000,0,0.1,0.2,0.3,0.3,0.25,0.18,False,PASS,FAIL,PASS,FAIL,FAIL,0.073113455,0.65146687,1.0838403,0.92769326,-0.073113455
1441,HVRT,swell_3ph,2,1.1000,0,0.1,0.2,0.3,0.3,0.25,0.25,False,PASS,FAIL,PASS,FAIL,FAIL,0.073091844,0.65146687,1.0825802,0.92769565,-0.073091844
1441,HVRT,swell_3ph,2,1.1000,0,0.1,0.2,0.3,0.3,0.25,0.35,False,PASS,FAIL,PASS,FAIL,FAIL,0.073242617,0.65146687,1.084024,0.92779538,-0.073242617
1441,HVRT,swell_3ph,2,1.1000,0,0.1,0.2,0.35,0.3,0.25,0,False,PASS,FAIL,PASS,FAIL,FAIL,0.07286261,0.65146687,1.082528,0.9281225,-0.07286261
1441,HVRT,swell_3ph,2,1.1000,0,0.1,0.2,0.35,0.3,0.25,0.08,False,PASS,FAIL,PASS,FAIL,FAIL,0.073465508,0.65146687,1.0815517,0.92757459,-0.073465508
1441,HVRT,swell_3ph,2,1.1000,0,0.1,0.2,0.35,0.3,0.25,0.18,False,PASS,FAIL,PASS,FAIL,FAIL,0.073065225,0.65146687,1.0813892,0.9277255,-0.073065225
1441,HVRT,swell_3ph,2,1.1000,0,0.1,0.2,0.35,0.3,0.25,0.25,False,PASS,FAIL,PASS,FAIL,FAIL,0.073090643,0.65146687,1.0843063,0.92769339,-0.073090643
1441,HVRT,swell_3ph,2,1.1000,0,0.1,0.2,0.35,0.3,0.25,0.35,False,PASS,FAIL,PASS,FAIL,FAIL,0.073267863,0.65146687,1.0840162,0.92776678,-0.073267863
1441,HVRT,swell_3ph,2,1.1000,-0.1,0,0,0.27,0.2,0.2,0,False,PASS,NOT_EVALUATED,PASS,FAIL,PASS,0.080382169,0.82716951,1.0463369,0.92027659,-0.080382169
1441,HVRT,swell_3ph,2,1.1000,-0.1,0,0,0.27,0.2,0.2,0.08,False,PASS,NOT_EVALUATED,PASS,FAIL,PASS,0.080084361,0.82707198,1.0573182,0.92087638,-0.080084361
1441,HVRT,swell_3ph,2,1.1000,-0.1,0,0,0.27,0.2,0.2,0.18,False,PASS,NOT_EVALUATED,PASS,FAIL,PASS,0.079652496,0.82645408,1.0625107,0.92104243,-0.079652496
1441,HVRT,swell_3ph,2,1.1000,-0.1,0,0,0.27,0.2,0.2,0.25,False,PASS,NOT_EVALUATED,PASS,FAIL,PASS,0.079647318,0.82843707,1.0748071,0.92108951,-0.079647318
1441,HVRT,swell_3ph,2,1.1000,-0.1,0,0,0.27,0.2,0.2,0.35,False,PASS,NOT_EVALUATED,PASS,FAIL,PASS,0.079640979,0.82843707,1.0668104,0.92110696,-0.079640979
1441,HVRT,swell_3ph,2,1.1000,-0.1,0,0,0.3,0.2,0.2,0,False,PASS,NOT_EVALUATED,PASS,FAIL,PASS,0.074383662,0.82843707,1.0973466,0.9267828,-0.074383662
1441,HVRT,swell_3ph,2,1.1000,-0.1,0,0,0.3,0.2,0.2,0.08,False,PASS,NOT_EVALUATED,PASS,FAIL,PASS,0.072460195,0.82740533,1.12059,0.92868229,-0.072460195
1441,HVRT,swell_3ph,2,1.1000,-0.1,0,0,0.3,0.2,0.2,0.18,False,PASS,NOT_EVALUATED,PASS,FAIL,PASS,0.072026799,0.82843707,1.1241047,0.9289867,-0.072026799
1441,HVRT,swell_3ph,2,1.1000,-0.1,0,0,0.3,0.2,0.2,0.25,False,PASS,NOT_EVALUATED,PASS,FAIL,PASS,0.07208945,0.82843707,1.125611,0.92888876,-0.07208945
1441,HVRT,swell_3ph,2,1.1000,-0.1,0,0,0.3,0.2,0.2,0.35,False,PASS,NOT_EVALUATED,PASS,FAIL,PASS,0.072178798,0.82747484,1.1213559,0.92884145,-0.072178798
1441,HVRT,swell_3ph,2,1.1000,-0.1,0,0,0.35,0.2,0.2,0,False,PASS,NOT_EVALUATED,PASS,FAIL,PASS,0.073968141,0.82843707,1.0961406,0.92680342,-0.073968141
1441,HVRT,swell_3ph,2,1.1000,-0.1,0,0,0.35,0.2,0.2,0.08,False,PASS,NOT_EVALUATED,PASS,FAIL,PASS,0.072048382,0.82740533,1.1234484,0.92875355,-0.072048382
1441,HVRT,swell_3ph,2,1.1000,-0.1,0,0,0.35,0.2,0.2,0.18,False,PASS,NOT_EVALUATED,PASS,FAIL,PASS,0.072026324,0.82843707,1.1255309,0.92898987,-0.072026324
1441,HVRT,swell_3ph,2,1.1000,-0.1,0,0,0.35,0.2,0.2,0.25,False,PASS,NOT_EVALUATED,PASS,FAIL,PASS,0.072171328,0.82843707,1.1256594,0.92884992,-0.072171328
1441,HVRT,swell_3ph,2,1.1000,-0.1,0,0,0.35,0.2,0.2,0.35,False,PASS,NOT_EVALUATED,PASS,FAIL,PASS,0.072228576,0.82747484,1.1255815,0.9288243,-0.072228576
1441,HVRT,swell_3ph,2,1.1000,-0.1,0,0,0.27,0.25,0.2,0,False,PASS,NOT_EVALUATED,PASS,FAIL,PASS,0.079787087,0.80096183,1.0438864,0.92098747,-0.079787087
1441,HVRT,swell_3ph,2,1.1000,-0.1,0,0,0.27,0.25,0.2,0.08,False,PASS,NOT_EVALUATED,PASS,FAIL,PASS,0.07902773,0.8049812,1.043996,0.92181199,-0.07902773
1441,HVRT,swell_3ph,2,1.1000,-0.1,0,0,0.27,0.25,0.2,0.18,False,PASS,NOT_EVALUATED,PASS,FAIL,PASS,0.078901109,0.80163261,1.0472296,0.9218366,-0.078901109
1441,HVRT,swell_3ph,2,1.1000,-0.1,0,0,0.27,0.25,0.2,0.25,False,PASS,NOT_EVALUATED,PASS,FAIL,PASS,0.078769134,0.8122271,1.0529246,0.92185386,-0.078769134
1441,HVRT,swell_3ph,2,1.1000,-0.1,0,0,0.27,0.25,0.2,0.35,False,PASS,NOT_EVALUATED,PASS,FAIL,PASS,0.078731741,0.80811178,1.0473294,0.92187096,-0.078731741
1441,HVRT,swell_3ph,2,1.1000,-0.1,0,0,0.27,0.3,0.2,0,False,PASS,NOT_EVALUATED,PASS,FAIL,PASS,0.079910354,0.78087604,1.0412783,0.92090209,-0.079910354
1441,HVRT,swell_3ph,2,1.1000,-0.1,0,0,0.27,0.3,0.2,0.08,False,PASS,NOT_EVALUATED,PASS,FAIL,PASS,0.079570641,0.78507266,1.0412783,0.92143396,-0.079570641
1441,HVRT,swell_3ph,2,1.1000,-0.1,0,0,0.27,0.3,0.2,0.18,False,PASS,NOT_EVALUATED,PASS,FAIL,PASS,0.079505822,0.78134628,1.0412783,0.92158881,-0.079505822
1441,HVRT,swell_3ph,2,1.1000,-0.1,0,0,0.27,0.3,0.2,0.25,False,PASS,NOT_EVALUATED,PASS,FAIL,PASS,0.07943123,0.79396956,1.0412783,0.92155835,-0.07943123
1441,HVRT,swell_3ph,2,1.1000,-0.1,0,0,0.27,0.3,0.2,0.35,False,PASS,NOT_EVALUATED,PASS,FAIL,PASS,0.079550028,0.78862926,1.0412783,0.92155651,-0.079550028
1441,HVRT,swell_3ph,2,1.1000,-0.1,0,0,0.3,0.25,0.2,0,False,PASS,NOT_EVALUATED,PASS,FAIL,PASS,0.075140431,0.80637126,1.0805696,0.9258438,-0.075140431
1441,HVRT,swell_3ph,2,1.1000,-0.1,0,0,0.3,0.25,0.2,0.08,False,PASS,NOT_EVALUATED,PASS,FAIL,PASS,0.07332167,0.80549619,1.0941295,0.92773241,-0.07332167
1441,HVRT,swell_3ph,2,1.1000,-0.1,0,0,0.3,0.25,0.2,0.18,False,PASS,NOT_EVALUATED,PASS,FAIL,PASS,0.072956782,0.80821,1.098114,0.92815236,-0.072956782
1441,HVRT,swell_3ph,2,1.1000,-0.1,0,0,0.3,0.25,0.2,0.25,False,PASS,NOT_EVALUATED,PASS,FAIL,PASS,0.072765312,0.81026157,1.0973903,0.92812355,-0.072765312
1441,HVRT,swell_3ph,2,1.1000,-0.1,0,0,0.3,0.25,0.2,0.35,False,PASS,NOT_EVALUATED,PASS,FAIL,PASS,0.07326765,0.80489027,1.0954727,0.92802295,-0.07326765
1441,HVRT,swell_3ph,2,1.1000,-0.1,0,0,0.3,0.3,0.2,0,False,PASS,NOT_EVALUATED,PASS,FAIL,PASS,0.076452563,0.78988507,1.0600919,0.92419813,-0.076452563
1441,HVRT,swell_3ph,2,1.1000,-0.1,0,0,0.3,0.3,0.2,0.08,False,PASS,NOT_EVALUATED,PASS,FAIL,PASS,0.074425662,0.78591868,1.0759091,0.92629352,-0.074425662
1441,HVRT,swell_3ph,2,1.1000,-0.1,0,0,0.3,0.3,0.2,0.18,False,PASS,NOT_EVALUATED,PASS,FAIL,PASS,0.074340897,0.78977146,1.0811477,0.92639415,-0.074340897
1441,HVRT,swell_3ph,2,1.1000,-0.1,0,0,0.3,0.3,0.2,0.25,False,PASS,NOT_EVALUATED,PASS,FAIL,PASS,0.074249529,0.78736312,1.0804816,0.92637198,-0.074249529
1441,HVRT,swell_3ph,2,1.1000,-0.1,0,0,0.3,0.3,0.2,0.35,False,PASS,NOT_EVALUATED,PASS,FAIL,PASS,0.074245688,0.7853576,1.0787139,0.92636691,-0.074245688
1441,HVRT,swell_3ph,2,1.1000,-0.1,0,0,0.35,0.25,0.2,0,False,PASS,NOT_EVALUATED,PASS,FAIL,PASS,0.075079536,0.80637126,1.0818295,0.92592404,-0.075079536
1441,HVRT,swell_3ph,2,1.1000,-0.1,0,0,0.35,0.25,0.2,0.08,False,PASS,NOT_EVALUATED,PASS,FAIL,PASS,0.073456371,0.80264101,1.09401,0.92777549,-0.073456371
1441,HVRT,swell_3ph,2,1.1000,-0.1,0,0,0.35,0.25,0.2,0.18,False,PASS,NOT_EVALUATED,PASS,FAIL,PASS,0.073107458,0.80821,1.098112,0.92798403,-0.073107458
1441,HVRT,swell_3ph,2,1.1000,-0.1,0,0,0.35,0.25,0.2,0.25,False,PASS,NOT_EVALUATED,PASS,FAIL,PASS,0.073087991,0.81026157,1.0989295,0.92808604,-0.073087991
1441,HVRT,swell_3ph,2,1.1000,-0.1,0,0,0.35,0.25,0.2,0.35,False,PASS,NOT_EVALUATED,PASS,FAIL,PASS,0.073266812,0.80489027,1.0966746,0.92802545,-0.073266812
1441,HVRT,swell_3ph,2,1.1000,-0.1,0,0,0.35,0.3,0.2,0,False,PASS,NOT_EVALUATED,PASS,FAIL,PASS,0.076452612,0.78988507,1.0599892,0.9241992,-0.076452612
1441,HVRT,swell_3ph,2,1.1000,-0.1,0,0,0.35,0.3,0.2,0.08,False,PASS,NOT_EVALUATED,PASS,FAIL,PASS,0.074425562,0.78591868,1.077043,0.92629361,-0.074425562
1441,HVRT,swell_3ph,2,1.1000,-0.1,0,0,0.35,0.3,0.2,0.18,False,PASS,NOT_EVALUATED,PASS,FAIL,PASS,0.074153247,0.78977146,1.0811426,0.92640137,-0.074153247
1441,HVRT,swell_3ph,2,1.1000,-0.1,0,0,0.35,0.3,0.2,0.25,False,PASS,NOT_EVALUATED,PASS,FAIL,PASS,0.074213059,0.78736312,1.0804816,0.92638135,-0.074213059
1441,HVRT,swell_3ph,2,1.1000,-0.1,0,0,0.35,0.3,0.2,0.35,False,PASS,NOT_EVALUATED,PASS,FAIL,PASS,0.074581699,0.7853576,1.0794219,0.92635363,-0.074581699
1441,HVRT,swell_3ph,2,1.1000,-0.1,0,0,0.3,0.3,0.25,0,False,PASS,NOT_EVALUATED,PASS,FAIL,PASS,0.073971149,0.80378441,1.080053,0.92698353,-0.073971149
1441,HVRT,swell_3ph,2,1.1000,-0.1,0,0,0.3,0.3,0.25,0.08,False,PASS,NOT_EVALUATED,PASS,FAIL,PASS,0.072630829,0.80361039,1.0935445,0.92879736,-0.072630829
1441,HVRT,swell_3ph,2,1.1000,-0.1,0,0,0.3,0.3,0.25,0.18,False,PASS,NOT_EVALUATED,PASS,FAIL,PASS,0.071724854,0.80692222,1.0951943,0.92900951,-0.071724854
1441,HVRT,swell_3ph,2,1.1000,-0.1,0,0,0.3,0.3,0.25,0.25,False,PASS,NOT_EVALUATED,PASS,FAIL,PASS,0.072170685,0.81246955,1.0987501,0.92896134,-0.072170685
1441,HVRT,swell_3ph,2,1.1000,-0.1,0,0,0.3,0.3,0.25,0.35,False,PASS,NOT_EVALUATED,PASS,FAIL,PASS,0.071829518,0.80258216,1.0933214,0.92887311,-0.071829518
1441,HVRT,swell_3ph,2,1.1000,-0.1,0,0,0.35,0.3,0.25,0,False,PASS,NOT_EVALUATED,PASS,FAIL,PASS,0.073970833,0.80378441,1.0789173,0.92698412,-0.073970833
1441,HVRT,swell_3ph,2,1.1000,-0.1,0,0,0.35,0.3,0.25,0.08,False,PASS,NOT_EVALUATED,PASS,FAIL,PASS,0.072622978,0.80361039,1.0935429,0.92891974,-0.072622978
1441,HVRT,swell_3ph,2,1.1000,-0.1,0,0,0.35,0.3,0.25,0.18,False,PASS,NOT_EVALUATED,PASS,FAIL,PASS,0.071724854,0.80692222,1.0951943,0.92900951,-0.071724854
1441,HVRT,swell_3ph,2,1.1000,-0.1,0,0,0.35,0.3,0.25,0.25,False,PASS,NOT_EVALUATED,PASS,FAIL,PASS,0.072165985,0.81246955,1.0987501,0.92893129,-0.072165985
1441,HVRT,swell_3ph,2,1.1000,-0.1,0,0,0.35,0.3,0.25,0.35,False,PASS,NOT_EVALUATED,PASS,FAIL,PASS,0.072098704,0.80258216,1.0933217,0.92894311,-0.072098704
