"case_id","topology","fault_family","fault_phase_key","fault_pu","fault_phase_pu","duration_s","fault_start_s","fault_stop_margin_s","fault_settle_s","chopper_threshold","rchop_scale","actor_filter_tau","phase_override","model_path","promotion_level","notes"
"t2fam_sac_reg_bal_lvrt090_60ms","topology2","LVRT","","0.900","","0.060","0.080","0.125","0.020","780.0","0.65","0.0","true","data/models/hpt_stage7_t2_lvrt_family_sac_pilot_20260728_r2.zip","family_seed_regression","Regression case from accepted 12-row matrix using topology2 LVRT family seed actor."
"t2fam_sac_reg_a_lvrt090_60ms","topology2","LVRT","a","0.900","[0.900 1.000 1.000]","0.060","0.035","0.125","0.020","780.0","0.65","0.0","true","data/models/hpt_stage7_t2_lvrt_family_sac_pilot_20260728_r2.zip","family_seed_regression","Regression case from accepted 12-row matrix using topology2 LVRT family seed actor."
"t2fam_sac_reg_ab_lvrt090_60ms","topology2","LVRT","ab","0.900","[0.900 0.900 1.000]","0.060","0.035","0.125","0.020","780.0","0.65","0.0","true","data/models/hpt_stage7_t2_lvrt_family_sac_pilot_20260728_r2.zip","family_seed_regression","Regression case from accepted 12-row matrix using topology2 LVRT family seed actor."
"t2fam_sac_hold_bal_lvrt0875_100ms","topology2","LVRT","","0.875","","0.100","0.080","0.125","0.020","780.0","0.65","0.0","true","data/models/hpt_stage7_t2_lvrt_family_sac_pilot_20260728_r2.zip","family_seed_holdout","Holdout depth/duration not used by representative single-case training."
"t2fam_sac_hold_b_lvrt0875_100ms","topology2","LVRT","b","0.875","[1.000 0.875 1.000]","0.100","0.035","0.125","0.020","780.0","0.65","0.0","true","data/models/hpt_stage7_t2_lvrt_family_sac_pilot_20260728_r2.zip","family_seed_holdout","Holdout B-phase case not present in representative matrix."
"t2fam_sac_hold_bc_lvrt0875_100ms","topology2","LVRT","bc","0.875","[1.000 0.875 0.875]","0.100","0.035","0.125","0.020","780.0","0.65","0.0","true","data/models/hpt_stage7_t2_lvrt_family_sac_pilot_20260728_r2.zip","family_seed_holdout","Holdout BC-phase case not present in representative matrix."
"t2fam_sac_hold_bal_lvrt0925_100ms","topology2","LVRT","","0.925","","0.100","0.080","0.125","0.020","780.0","0.65","0.0","true","data/models/hpt_stage7_t2_lvrt_family_sac_pilot_20260728_r2.zip","family_seed_holdout","Holdout depth/duration not used by representative single-case training."
"t2fam_sac_hold_b_lvrt0925_100ms","topology2","LVRT","b","0.925","[1.000 0.925 1.000]","0.100","0.035","0.125","0.020","780.0","0.65","0.0","true","data/models/hpt_stage7_t2_lvrt_family_sac_pilot_20260728_r2.zip","family_seed_holdout","Holdout B-phase case not present in representative matrix."
"t2fam_sac_hold_bc_lvrt0925_100ms","topology2","LVRT","bc","0.925","[1.000 0.925 0.925]","0.100","0.035","0.125","0.020","780.0","0.65","0.0","true","data/models/hpt_stage7_t2_lvrt_family_sac_pilot_20260728_r2.zip","family_seed_holdout","Holdout BC-phase case not present in representative matrix."
