file,sc_id,scenario,fault_start_s,fault_end_s,v2_min_pu_fault,v2_mean_pu_fault,v2_recovery_ms_to_0p90,vdc_peak_pu_post_fault,vdc_min_pu_post_fault,i2_peak_pu_post_fault,q2_abs_peak_kvar_fault,lvrt_pass_basic
scenario_0001_switching_0_normal_run001.mat,0,normal,0.029019,0.05,0.9372,0.9481,0.031,1.0469,0.9257,1.1572,239.842,True
scenario_0002_switching_0_normal_run002.mat,0,normal,0.018204,0.05,0.9328,0.9426,0.046,1.0463,0.9103,1.4121,282.12,True
scenario_0003_switching_0_normal_run003.mat,0,normal,0.028984,0.05,0.9274,0.9384,0.016,1.0464,0.9314,1.4733,360.885,True
scenario_0004_switching_0_normal_run004.mat,0,normal,0.026524,0.05,0.9343,0.9451,0.026,1.0463,0.9262,1.2801,278.65,True
scenario_0005_switching_0_normal_run005.mat,0,normal,0.016669,0.05,0.9269,0.9377,0.031,1.0614,0.9061,1.5258,367.695,True
scenario_0006_switching_0_normal_run006.mat,0,normal,0.029134,0.05,0.9333,0.9445,0.016,1.0474,0.9251,1.2505,295.043,True
scenario_0007_switching_0_normal_run007.mat,0,normal,0.023773,0.05,0.9359,0.9466,0.027,1.0457,0.9011,1.2302,259.424,True
scenario_0008_switching_0_normal_run008.mat,0,normal,0.021024,0.05,0.9342,0.9448,0.026,1.0473,0.902,1.2959,279.059,True
scenario_0009_switching_0_normal_run009.mat,0,normal,0.022006,0.05,0.9334,0.9429,0.044,1.0504,0.9122,1.4144,270.817,True
scenario_0010_switching_0_normal_run010.mat,0,normal,0.012146,0.05,0.9267,0.9373,0.004,1.1016,0.9088,1.5603,365.508,True
scenario_0011_switching_0_normal_run011.mat,0,normal,0.020645,0.05,0.9276,0.9382,0.005,1.0462,0.906,1.5062,359.26,True
scenario_0012_switching_0_normal_run012.mat,0,normal,0.019637,0.05,0.9245,0.9351,0.013,1.0459,0.9069,1.6135,395.117,True
scenario_0013_switching_0_normal_run013.mat,0,normal,0.025353,0.05,0.9342,0.9442,0.047,1.0474,0.918,1.3415,271.629,True
scenario_0014_switching_0_normal_run014.mat,0,normal,0.016448,0.05,0.9325,0.9426,0.002,1.0719,0.9085,1.4001,288.349,True
scenario_0015_switching_0_normal_run015.mat,0,normal,0.0149,0.05,0.9303,0.9414,0.0,1.09,0.9031,1.3924,331.058,True
scenario_0016_switching_0_normal_run016.mat,0,normal,0.024667,0.05,0.9279,0.939,0.033,1.0454,0.906,1.4577,362.616,True
scenario_0017_switching_0_normal_run017.mat,0,normal,0.012435,0.05,0.9323,0.9435,0.015,1.0956,0.9008,1.3253,309.429,True
scenario_0018_switching_0_normal_run018.mat,0,normal,0.021758,0.05,0.9288,0.9402,0.042,1.044,0.9009,1.4149,355.606,True
scenario_0019_switching_0_normal_run019.mat,0,normal,0.015057,0.05,0.9297,0.9404,0.043,1.0927,0.904,1.4439,332.515,True
scenario_0020_switching_0_normal_run020.mat,0,normal,0.013262,0.05,0.9276,0.9382,0.038,1.1014,0.9076,1.5317,353.611,True
scenario_0021_switching_0_normal_run021.mat,0,normal,0.016101,0.05,0.938,0.9487,0.049,1.0755,0.9005,1.1835,229.435,True
scenario_0022_switching_0_normal_run022.mat,0,normal,0.029235,0.05,0.9281,0.9394,0.015,1.0452,0.928,1.4176,357.03,True
scenario_0023_switching_0_normal_run023.mat,0,normal,0.026421,0.05,0.9344,0.9443,0.029,1.0478,0.9313,1.3513,264.468,True
scenario_0024_switching_0_normal_run024.mat,0,normal,0.027443,0.05,0.9323,0.9429,0.007,1.0463,0.9274,1.3504,304.227,True
scenario_0025_switching_0_normal_run025.mat,0,normal,0.027018,0.05,0.9352,0.9449,0.032,1.0475,0.9336,1.3381,251.636,True
scenario_0026_switching_0_normal_run026.mat,0,normal,0.028118,0.05,0.9307,0.9418,0.032,1.0467,0.9259,1.3795,327.651,True
scenario_0027_switching_0_normal_run027.mat,0,normal,0.017096,0.05,0.9318,0.9426,0.004,1.0469,0.9041,1.3611,309.078,True
scenario_0028_switching_0_normal_run028.mat,0,normal,0.016341,0.05,0.9366,0.9472,0.009,1.0708,0.9038,1.2386,244.075,True
scenario_0029_switching_0_normal_run029.mat,0,normal,0.020356,0.05,0.9293,0.9402,0.044,1.0463,0.9025,1.4285,343.683,True
scenario_0030_switching_0_normal_run030.mat,0,normal,0.02606,0.05,0.9278,0.9381,0.04,1.0472,0.9301,1.5293,351.215,True
scenario_0031_switching_0_normal_run031.mat,0,normal,0.014991,0.05,0.9318,0.943,0.009,1.0926,0.9012,1.3359,315.659,True
scenario_0032_switching_0_normal_run032.mat,0,normal,0.023543,0.05,0.9319,0.9426,0.007,1.0457,0.9039,1.3562,307.486,True
scenario_0033_switching_0_normal_run033.mat,0,normal,0.027136,0.05,0.934,0.9434,0.014,1.051,0.9362,1.401,260.775,True
scenario_0034_switching_0_normal_run034.mat,0,normal,0.018259,0.05,0.9301,0.9413,0.041,1.045,0.9,1.3845,338.12,True
scenario_0035_switching_0_normal_run035.mat,0,normal,0.015172,0.05,0.9311,0.9421,0.028,1.0924,0.9016,1.3723,321.241,True
scenario_0036_switching_0_normal_run036.mat,0,normal,0.021277,0.05,0.9315,0.9423,0.023,1.0465,0.9021,1.3669,314.156,True
scenario_0037_switching_0_normal_run037.mat,0,normal,0.015001,0.05,0.9324,0.9434,0.049,1.091,0.9035,1.3406,301.563,True
scenario_0038_switching_0_normal_run038.mat,0,normal,0.018412,0.05,0.9312,0.9416,0.038,1.0471,0.9052,1.4152,310.195,True
scenario_0039_switching_0_normal_run039.mat,0,normal,0.020844,0.05,0.9309,0.9413,0.006,1.0477,0.9037,1.413,317.059,True
scenario_0040_switching_0_normal_run040.mat,0,normal,0.026267,0.05,0.9328,0.9436,0.033,1.046,0.9266,1.3236,298.972,True
scenario_0041_switching_0_normal_run041.mat,0,normal,0.014521,0.05,0.9338,0.9439,0.029,1.0989,0.9071,1.3576,274.103,True
scenario_0042_switching_0_normal_run042.mat,0,normal,0.028507,0.05,0.9295,0.9403,0.043,1.0472,0.9305,1.4412,334.993,True
scenario_0043_switching_0_normal_run043.mat,0,normal,0.028309,0.05,0.9281,0.9392,0.041,1.0467,0.9278,1.4698,357.904,True
scenario_0044_switching_0_normal_run044.mat,0,normal,0.02165,0.05,0.9358,0.9459,0.0,1.0502,0.9037,1.289,251.699,True
scenario_0045_switching_0_normal_run045.mat,0,normal,0.019002,0.05,0.9341,0.9443,0.048,1.0475,0.9063,1.3439,271.963,True
scenario_0046_switching_0_normal_run046.mat,0,normal,0.023613,0.05,0.9327,0.9432,0.037,1.0459,0.9047,1.3461,296.381,True
scenario_0047_switching_0_normal_run047.mat,0,normal,0.029386,0.05,0.9351,0.945,0.014,1.0514,0.9316,1.2886,256.42,True
scenario_0048_switching_0_normal_run048.mat,0,normal,0.019951,0.05,0.9314,0.9426,0.049,1.0467,0.8994,1.3483,320.93,True
scenario_0049_switching_0_normal_run049.mat,0,normal,0.028789,0.05,0.9355,0.9452,0.011,1.0478,0.9328,1.2978,247.151,True
scenario_0050_switching_0_normal_run050.mat,0,normal,0.023899,0.05,0.9338,0.9441,0.001,1.0469,0.9047,1.3185,282.136,True
scenario_0051_switching_3_igbt_oc_sh_run001.mat,3,igbt_oc_sh,0.02615,0.05,0.9329,0.9478,0.0,1.0924,0.7662,1.369,286.471,True
scenario_0052_switching_3_igbt_oc_sh_run002.mat,3,igbt_oc_sh,0.01375,0.05,0.9256,0.9404,0.0,1.1168,0.8046,1.4782,336.681,True
scenario_0053_switching_3_igbt_oc_sh_run003.mat,3,igbt_oc_sh,0.01585,0.05,0.9294,0.9454,0.0,1.0898,0.7711,1.3018,309.28,True
scenario_0054_switching_3_igbt_oc_sh_run004.mat,3,igbt_oc_sh,0.0189,0.05,0.9364,0.9491,0.0,1.107,0.821,1.2966,241.621,True
scenario_0055_switching_3_igbt_oc_sh_run005.mat,3,igbt_oc_sh,0.02745,0.05,0.9332,0.9458,0.0,1.0479,0.778,1.3926,289.87,True
scenario_0056_switching_3_igbt_oc_sh_run006.mat,3,igbt_oc_sh,0.01435,0.05,0.9226,0.9408,0.0,1.0984,0.756,1.3667,274.841,True
scenario_0057_switching_3_igbt_oc_sh_run007.mat,3,igbt_oc_sh,0.02755,0.05,0.9344,0.9478,0.0,1.0732,0.8469,1.2411,218.03,True
scenario_0058_switching_3_igbt_oc_sh_run008.mat,3,igbt_oc_sh,0.01565,0.05,0.9236,0.9375,0.0,1.1118,0.8011,1.611,406.277,True
scenario_0059_switching_3_igbt_oc_sh_run009.mat,3,igbt_oc_sh,0.02855,0.05,0.9281,0.9405,0.0,1.0743,0.8641,1.4707,303.548,True
scenario_0060_switching_3_igbt_oc_sh_run010.mat,3,igbt_oc_sh,0.02925,0.05,0.9328,0.9485,0.0,1.0905,0.7605,1.3523,292.582,True
scenario_0061_switching_3_igbt_oc_sh_run011.mat,3,igbt_oc_sh,0.01375,0.05,0.9296,0.9424,0.0,1.1127,0.8115,1.5084,348.321,True
scenario_0062_switching_3_igbt_oc_sh_run012.mat,3,igbt_oc_sh,0.025,0.05,0.9347,0.9455,0.0,1.0983,0.803,1.3427,232.07,True
scenario_0063_switching_3_igbt_oc_sh_run013.mat,3,igbt_oc_sh,0.01295,0.05,0.9294,0.9436,0.0,1.1169,0.8186,1.4746,319.023,True
scenario_0064_switching_3_igbt_oc_sh_run014.mat,3,igbt_oc_sh,0.02175,0.05,0.927,0.9385,0.0,1.0795,0.8006,1.5938,373.017,True
scenario_0065_switching_3_igbt_oc_sh_run015.mat,3,igbt_oc_sh,0.02435,0.05,0.9317,0.9439,0.0,1.0594,0.7811,1.4216,315.076,True
scenario_0066_switching_3_igbt_oc_sh_run016.mat,3,igbt_oc_sh,0.02305,0.05,0.9281,0.9392,0.0,1.089,0.7952,1.4617,352.637,True
scenario_0067_switching_3_igbt_oc_sh_run017.mat,3,igbt_oc_sh,0.0279,0.05,0.9333,0.9458,0.0,1.0688,0.7789,1.3434,270.207,True
scenario_0068_switching_3_igbt_oc_sh_run018.mat,3,igbt_oc_sh,0.0121,0.05,0.9361,0.9494,0.0,1.1129,0.8113,1.2868,256.834,True
scenario_0069_switching_3_igbt_oc_sh_run019.mat,3,igbt_oc_sh,0.0162,0.05,0.9339,0.9465,0.0,1.0778,0.7474,1.2608,270.651,False
scenario_0070_switching_3_igbt_oc_sh_run020.mat,3,igbt_oc_sh,0.026,0.05,0.9363,0.95,0.0,1.0773,0.8403,1.1354,182.61,True
scenario_0071_switching_3_igbt_oc_sh_run021.mat,3,igbt_oc_sh,0.0231,0.05,0.9323,0.9468,0.0,1.0772,0.7817,1.2783,185.443,True
scenario_0072_switching_3_igbt_oc_sh_run022.mat,3,igbt_oc_sh,0.02175,0.05,0.9303,0.9461,0.0,1.0842,0.7399,1.373,298.21,False
scenario_0073_switching_3_igbt_oc_sh_run023.mat,3,igbt_oc_sh,0.01595,0.05,0.932,0.9455,0.0,1.117,0.8077,1.4122,282.277,True
scenario_0074_switching_3_igbt_oc_sh_run024.mat,3,igbt_oc_sh,0.0244,0.05,0.9342,0.9461,0.0,1.0942,0.7907,1.2421,263.861,True
scenario_0075_switching_3_igbt_oc_sh_run025.mat,3,igbt_oc_sh,0.02835,0.05,0.9346,0.9473,0.0,1.0661,0.8096,1.4133,265.782,True
scenario_0076_switching_3_igbt_oc_sh_run026.mat,3,igbt_oc_sh,0.01625,0.05,0.9318,0.9441,0.0,1.076,0.7488,1.3328,299.653,False
scenario_0077_switching_3_igbt_oc_sh_run027.mat,3,igbt_oc_sh,0.0175,0.05,0.931,0.943,0.0,1.0772,0.7512,1.3751,308.954,True
scenario_0078_switching_3_igbt_oc_sh_run028.mat,3,igbt_oc_sh,0.02345,0.05,0.9273,0.9388,0.0,1.0702,0.7952,1.5975,363.269,True
scenario_0079_switching_3_igbt_oc_sh_run029.mat,3,igbt_oc_sh,0.0176,0.05,0.9317,0.9437,0.0,1.1017,0.8071,1.4303,327.539,True
scenario_0080_switching_3_igbt_oc_sh_run030.mat,3,igbt_oc_sh,0.02735,0.05,0.9208,0.9383,0.0,1.1094,0.8127,1.6037,402.998,True
scenario_0081_switching_3_igbt_oc_sh_run031.mat,3,igbt_oc_sh,0.021,0.05,0.929,0.9409,0.0,1.09,0.8096,1.4242,317.045,True
scenario_0082_switching_3_igbt_oc_sh_run032.mat,3,igbt_oc_sh,0.0226,0.05,0.9279,0.9393,0.0,1.0742,0.8,1.5812,357.898,True
scenario_0083_switching_3_igbt_oc_sh_run033.mat,3,igbt_oc_sh,0.02865,0.05,0.9346,0.9472,0.0,1.0635,0.7734,1.301,258.367,True
scenario_0084_switching_3_igbt_oc_sh_run034.mat,3,igbt_oc_sh,0.0237,0.05,0.932,0.944,0.0,1.0681,0.7862,1.425,307.558,True
scenario_0085_switching_3_igbt_oc_sh_run035.mat,3,igbt_oc_sh,0.0195,0.05,0.9207,0.9368,0.0,1.0846,0.7387,1.6206,423.036,False
scenario_0086_switching_3_igbt_oc_sh_run036.mat,3,igbt_oc_sh,0.0235,0.05,0.9254,0.9369,0.0,1.0673,0.7951,1.6418,394.234,True
scenario_0087_switching_3_igbt_oc_sh_run037.mat,3,igbt_oc_sh,0.01905,0.05,0.9303,0.942,0.0,1.1033,0.8178,1.4853,345.765,True
scenario_0088_switching_3_igbt_oc_sh_run038.mat,3,igbt_oc_sh,0.0131,0.05,0.935,0.9483,0.0,1.1126,0.8094,1.3181,274.922,True
scenario_0089_switching_3_igbt_oc_sh_run039.mat,3,igbt_oc_sh,0.0156,0.05,0.9323,0.944,0.0,1.0896,0.7545,1.3731,278.269,True
scenario_0090_switching_3_igbt_oc_sh_run040.mat,3,igbt_oc_sh,0.0143,0.05,0.9287,0.9432,0.0,1.1145,0.8066,1.4354,340.793,True
scenario_0091_switching_3_igbt_oc_sh_run041.mat,3,igbt_oc_sh,0.01495,0.05,0.9313,0.9452,0.0,1.1147,0.8081,1.4044,297.286,True
scenario_0092_switching_3_igbt_oc_sh_run042.mat,3,igbt_oc_sh,0.02485,0.05,0.9289,0.9414,0.0,1.0479,0.7753,1.4894,358.318,True
scenario_0093_switching_3_igbt_oc_sh_run043.mat,3,igbt_oc_sh,0.0242,0.05,0.9287,0.9436,0.0,1.0895,0.7577,1.4556,353.243,True
scenario_0094_switching_3_igbt_oc_sh_run044.mat,3,igbt_oc_sh,0.02295,0.05,0.9329,0.949,0.0,1.0842,0.7409,1.3031,255.891,False
scenario_0095_switching_3_igbt_oc_sh_run045.mat,3,igbt_oc_sh,0.02635,0.05,0.9381,0.9509,0.0,1.0877,0.7842,1.1492,199.966,True
scenario_0096_switching_3_igbt_oc_sh_run046.mat,3,igbt_oc_sh,0.01315,0.05,0.9261,0.9406,0.0,1.1141,0.814,1.5322,373.209,True
scenario_0097_switching_3_igbt_oc_sh_run047.mat,3,igbt_oc_sh,0.01635,0.05,0.9346,0.9469,0.0,1.0816,0.7515,1.2832,245.02,True
scenario_0098_switching_3_igbt_oc_sh_run048.mat,3,igbt_oc_sh,0.02495,0.05,0.9282,0.9401,0.0,1.0846,0.7942,1.4295,343.747,True
scenario_0099_switching_3_igbt_oc_sh_run049.mat,3,igbt_oc_sh,0.01535,0.05,0.9251,0.9402,0.0,1.0971,0.7869,1.4923,350.362,True
scenario_0100_switching_3_igbt_oc_sh_run050.mat,3,igbt_oc_sh,0.0207,0.05,0.9348,0.9463,0.0,1.0928,0.803,1.4049,257.154,True
scenario_0101_switching_4_igbt_oc_se_run001.mat,4,igbt_oc_se,0.0137,0.05,0.8248,0.913,0.0,1.1173,0.9283,1.2783,260.411,True
scenario_0102_switching_4_igbt_oc_se_run002.mat,4,igbt_oc_se,0.0246,0.05,0.8208,0.9064,4.35,1.1384,0.9129,1.4657,318.952,True
scenario_0103_switching_4_igbt_oc_se_run003.mat,4,igbt_oc_se,0.016,0.05,0.8254,0.9107,0.0,1.1185,0.9288,1.2969,240.54,True
scenario_0104_switching_4_igbt_oc_se_run004.mat,4,igbt_oc_se,0.02355,0.05,0.8307,0.9237,0.0,1.078,0.9129,1.5245,336.641,True
scenario_0105_switching_4_igbt_oc_se_run005.mat,4,igbt_oc_se,0.01795,0.05,0.8244,0.9108,0.0,1.1118,0.9249,1.2186,240.684,True
scenario_0106_switching_4_igbt_oc_se_run006.mat,4,igbt_oc_se,0.0194,0.05,0.8298,0.9323,0.0,1.0733,0.9004,1.2864,287.237,True
scenario_0107_switching_4_igbt_oc_se_run007.mat,4,igbt_oc_se,0.0191,0.05,0.829,0.9298,0.0,1.0726,0.9024,1.3805,328.154,True
scenario_0108_switching_4_igbt_oc_se_run008.mat,4,igbt_oc_se,0.01585,0.05,0.8289,0.9229,2.85,1.0859,0.9012,1.5346,361.533,True
scenario_0109_switching_4_igbt_oc_se_run009.mat,4,igbt_oc_se,0.0172,0.05,0.8239,0.9123,0.0,1.1098,0.9226,1.1899,245.693,True
scenario_0110_switching_4_igbt_oc_se_run010.mat,4,igbt_oc_se,0.02635,0.05,0.8313,0.9278,0.0,1.0756,0.909,1.2916,259.996,True
scenario_0111_switching_4_igbt_oc_se_run011.mat,4,igbt_oc_se,0.01425,0.05,0.8267,0.915,0.0,1.1111,0.9269,1.2087,225.368,True
scenario_0112_switching_4_igbt_oc_se_run012.mat,4,igbt_oc_se,0.02475,0.05,0.8219,0.9082,4.2,1.1316,0.9122,1.426,305.672,True
scenario_0113_switching_4_igbt_oc_se_run013.mat,4,igbt_oc_se,0.02915,0.05,0.8312,0.9242,0.0,1.0766,0.9117,1.3329,273.451,True
scenario_0114_switching_4_igbt_oc_se_run014.mat,4,igbt_oc_se,0.0237,0.05,0.8304,0.9234,0.0,1.0791,0.9119,1.5293,340.687,True
scenario_0115_switching_4_igbt_oc_se_run015.mat,4,igbt_oc_se,0.01755,0.05,0.8295,0.9288,1.0,1.0779,0.9042,1.387,312.794,True
scenario_0116_switching_4_igbt_oc_se_run016.mat,4,igbt_oc_se,0.02505,0.05,0.8186,0.9112,3.8,1.1274,0.9057,1.3399,320.69,True
scenario_0117_switching_4_igbt_oc_se_run017.mat,4,igbt_oc_se,0.01975,0.05,0.8186,0.9018,9.3,1.133,0.9279,1.4278,319.375,True
scenario_0118_switching_4_igbt_oc_se_run018.mat,4,igbt_oc_se,0.02045,0.05,0.8238,0.9091,8.3,1.1103,0.9228,1.1841,242.119,True
scenario_0119_switching_4_igbt_oc_se_run019.mat,4,igbt_oc_se,0.0228,0.05,0.8312,0.93,0.0,1.0765,0.9044,1.3005,271.038,True
scenario_0120_switching_4_igbt_oc_se_run020.mat,4,igbt_oc_se,0.02595,0.05,0.8302,0.9253,0.0,1.0719,0.9118,1.4008,314.193,True
scenario_0121_switching_4_igbt_oc_se_run021.mat,4,igbt_oc_se,0.01455,0.05,0.8224,0.9142,0.0,1.1171,0.9198,1.2052,262.346,True
scenario_0122_switching_4_igbt_oc_se_run022.mat,4,igbt_oc_se,0.014,0.05,0.8202,0.9086,0.0,1.1294,0.9282,1.3904,300.897,True
scenario_0123_switching_4_igbt_oc_se_run023.mat,4,igbt_oc_se,0.01765,0.05,0.8197,0.9087,0.0,1.1253,0.92,1.277,297.858,True
scenario_0124_switching_4_igbt_oc_se_run024.mat,4,igbt_oc_se,0.01755,0.05,0.8229,0.9112,0.0,1.1135,0.9222,1.2095,261.058,True
scenario_0125_switching_4_igbt_oc_se_run025.mat,4,igbt_oc_se,0.0209,0.05,0.8255,0.9093,7.85,1.1093,0.923,1.1838,231.384,True
scenario_0126_switching_4_igbt_oc_se_run026.mat,4,igbt_oc_se,0.01445,0.05,0.8197,0.9174,4.3,1.0996,0.8958,1.6742,429.937,True
scenario_0127_switching_4_igbt_oc_se_run027.mat,4,igbt_oc_se,0.018,0.05,0.8224,0.9116,0.0,1.1148,0.919,1.1919,259.892,True
scenario_0128_switching_4_igbt_oc_se_run028.mat,4,igbt_oc_se,0.0208,0.05,0.8239,0.9046,8.05,1.1242,0.9295,1.3273,259.146,True
scenario_0129_switching_4_igbt_oc_se_run029.mat,4,igbt_oc_se,0.0212,0.05,0.8275,0.9231,0.0,1.0696,0.9048,1.5937,409.536,True
scenario_0130_switching_4_igbt_oc_se_run030.mat,4,igbt_oc_se,0.02695,0.05,0.8259,0.9168,1.8,1.1064,0.9488,1.3637,275.538,True
scenario_0131_switching_4_igbt_oc_se_run031.mat,4,igbt_oc_se,0.02475,0.05,0.8307,0.9241,0.0,1.0754,0.9153,1.4745,326.953,True
scenario_0132_switching_4_igbt_oc_se_run032.mat,4,igbt_oc_se,0.02615,0.05,0.8218,0.9143,2.65,1.1183,0.9297,1.3434,305.047,True
scenario_0133_switching_4_igbt_oc_se_run033.mat,4,igbt_oc_se,0.0208,0.05,0.8309,0.9324,0.0,1.073,0.9032,1.253,259.681,True
scenario_0134_switching_4_igbt_oc_se_run034.mat,4,igbt_oc_se,0.0268,0.05,0.8203,0.916,2.0,1.1165,0.9398,1.3615,331.036,True
scenario_0135_switching_4_igbt_oc_se_run035.mat,4,igbt_oc_se,0.0247,0.05,0.8306,0.9255,0.0,1.0741,0.9117,1.4214,318.295,True
scenario_0136_switching_4_igbt_oc_se_run036.mat,4,igbt_oc_se,0.0266,0.05,0.8241,0.9142,2.2,1.1153,0.9406,1.4007,294.12,True
scenario_0137_switching_4_igbt_oc_se_run037.mat,4,igbt_oc_se,0.0128,0.05,0.8207,0.9224,5.7,1.0996,0.8851,1.3871,334.761,True
scenario_0138_switching_4_igbt_oc_se_run038.mat,4,igbt_oc_se,0.0122,0.05,0.8187,0.9193,6.5,1.0966,0.8907,1.5672,419.106,True
scenario_0139_switching_4_igbt_oc_se_run039.mat,4,igbt_oc_se,0.02195,0.05,0.8247,0.9071,6.9,1.1193,0.9197,1.2623,245.145,True
scenario_0140_switching_4_igbt_oc_se_run040.mat,4,igbt_oc_se,0.02945,0.05,0.831,0.924,0.0,1.0699,0.9723,1.1407,245.223,True
scenario_0141_switching_4_igbt_oc_se_run041.mat,4,igbt_oc_se,0.01835,0.05,0.8298,0.9253,0.35,1.082,0.9137,1.5547,354.65,True
scenario_0142_switching_4_igbt_oc_se_run042.mat,4,igbt_oc_se,0.0216,0.05,0.8264,0.9211,0.0,1.071,0.904,1.6645,437.764,True
scenario_0143_switching_4_igbt_oc_se_run043.mat,4,igbt_oc_se,0.0222,0.05,0.8214,0.9059,6.65,1.1248,0.9145,1.2877,281.764,True
scenario_0144_switching_4_igbt_oc_se_run044.mat,4,igbt_oc_se,0.0253,0.05,0.8237,0.9117,3.5,1.1192,0.9225,1.3339,269.378,True
scenario_0145_switching_4_igbt_oc_se_run045.mat,4,igbt_oc_se,0.01375,0.05,0.8185,0.9201,4.95,1.0981,0.8922,1.521,402.096,True
scenario_0146_switching_4_igbt_oc_se_run046.mat,4,igbt_oc_se,0.01605,0.05,0.8256,0.9196,2.7,1.0789,0.9059,1.6778,449.307,True
scenario_0147_switching_4_igbt_oc_se_run047.mat,4,igbt_oc_se,0.0164,0.05,0.8275,0.9207,2.35,1.0848,0.9041,1.6535,413.313,True
scenario_0148_switching_4_igbt_oc_se_run048.mat,4,igbt_oc_se,0.0195,0.05,0.826,0.9101,0.0,1.1089,0.9257,1.1964,221.835,True
scenario_0149_switching_4_igbt_oc_se_run049.mat,4,igbt_oc_se,0.01305,0.05,0.8213,0.9204,5.65,1.1047,0.8887,1.4773,347.991,True
scenario_0150_switching_4_igbt_oc_se_run050.mat,4,igbt_oc_se,0.02125,0.05,0.8247,0.9068,7.6,1.1158,0.9257,1.2542,240.276,True
scenario_0151_switching_5_cap_fault_run001.mat,5,cap_fault,0.02735,0.05,0.9274,0.9389,0.0,1.1178,0.8993,1.4522,353.882,True
scenario_0152_switching_5_cap_fault_run002.mat,5,cap_fault,0.0191,0.05,0.9311,0.9451,0.0,1.122,0.613,1.2942,299.021,False
scenario_0153_switching_5_cap_fault_run003.mat,5,cap_fault,0.01855,0.05,0.932,0.9453,0.0,1.1173,0.609,1.2918,296.692,False
scenario_0154_switching_5_cap_fault_run004.mat,5,cap_fault,0.0248,0.05,0.9247,0.9358,0.0,1.1229,0.7298,1.5819,382.61,False
scenario_0155_switching_5_cap_fault_run005.mat,5,cap_fault,0.02635,0.05,0.9315,0.9429,0.0,1.1205,0.8916,1.3306,300.704,True
scenario_0156_switching_5_cap_fault_run006.mat,5,cap_fault,0.01395,0.05,0.9297,0.9428,0.0,1.1512,0.5964,1.4069,306.934,False
scenario_0157_switching_5_cap_fault_run007.mat,5,cap_fault,0.01615,0.05,0.9253,0.9379,0.0,1.1222,0.6041,1.5535,378.443,False
scenario_0158_switching_5_cap_fault_run008.mat,5,cap_fault,0.0272,0.05,0.933,0.944,0.0,1.1331,0.8857,1.3446,265.47,True
scenario_0159_switching_5_cap_fault_run009.mat,5,cap_fault,0.0137,0.05,0.931,0.9447,0.0,1.1489,0.6001,1.3282,291.088,False
scenario_0160_switching_5_cap_fault_run010.mat,5,cap_fault,0.01895,0.05,0.9365,0.9502,0.0,1.1247,0.5814,1.1816,217.275,False
scenario_0161_switching_5_cap_fault_run011.mat,5,cap_fault,0.02175,0.05,0.9283,0.9402,0.0,1.1219,0.5998,1.4559,341.542,False
scenario_0162_switching_5_cap_fault_run012.mat,5,cap_fault,0.01355,0.05,0.9318,0.9451,0.0,1.1526,0.5645,1.3874,256.927,False
scenario_0163_switching_5_cap_fault_run013.mat,5,cap_fault,0.0187,0.05,0.9244,0.9373,0.0,1.1197,0.6025,1.5648,389.288,False
scenario_0164_switching_5_cap_fault_run014.mat,5,cap_fault,0.01445,0.05,0.9259,0.9387,0.0,1.15,0.5944,1.542,359.863,False
scenario_0165_switching_5_cap_fault_run015.mat,5,cap_fault,0.02405,0.05,0.9295,0.9403,0.0,1.131,0.6274,1.4767,313.553,False
scenario_0166_switching_5_cap_fault_run016.mat,5,cap_fault,0.0239,0.05,0.9288,0.9405,0.0,1.1189,0.6643,1.4096,338.931,False
scenario_0167_switching_5_cap_fault_run017.mat,5,cap_fault,0.01295,0.05,0.9262,0.9398,0.0,1.1481,0.6108,1.473,357.674,False
scenario_0168_switching_5_cap_fault_run018.mat,5,cap_fault,0.0279,0.05,0.9281,0.9387,0.0,1.1278,0.8917,1.5086,333.922,True
scenario_0169_switching_5_cap_fault_run019.mat,5,cap_fault,0.015,0.05,0.9337,0.9483,0.0,1.1455,0.5826,1.2472,237.1,False
scenario_0170_switching_5_cap_fault_run020.mat,5,cap_fault,0.02305,0.05,0.9238,0.9356,0.0,1.12,0.6212,1.5879,395.053,False
scenario_0171_switching_5_cap_fault_run021.mat,5,cap_fault,0.0227,0.05,0.9329,0.9451,0.0,1.1263,0.5915,1.3219,265.828,False
scenario_0172_switching_5_cap_fault_run022.mat,5,cap_fault,0.0238,0.05,0.9271,0.9392,0.0,1.1179,0.6674,1.4419,360.884,False
scenario_0173_switching_5_cap_fault_run023.mat,5,cap_fault,0.01525,0.05,0.9303,0.9424,0.0,1.1436,0.5719,1.4639,299.161,False
scenario_0174_switching_5_cap_fault_run024.mat,5,cap_fault,0.0239,0.05,0.9272,0.9387,0.0,1.1214,0.6492,1.4868,355.778,False
scenario_0175_switching_5_cap_fault_run025.mat,5,cap_fault,0.0169,0.05,0.9296,0.9426,0.0,1.1193,0.6086,1.3858,328.471,False
scenario_0176_switching_5_cap_fault_run026.mat,5,cap_fault,0.02205,0.05,0.9291,0.9405,0.0,1.1304,0.5835,1.4816,320.802,False
scenario_0177_switching_5_cap_fault_run027.mat,5,cap_fault,0.02465,0.05,0.9302,0.9429,0.0,1.1234,0.7365,1.3284,308.484,False
scenario_0178_switching_5_cap_fault_run028.mat,5,cap_fault,0.028,0.05,0.9248,0.9357,0.0,1.123,0.9003,1.5809,382.005,True
scenario_0179_switching_5_cap_fault_run029.mat,5,cap_fault,0.02295,0.05,0.9255,0.9371,0.0,1.1231,0.6076,1.5561,371.252,False
scenario_0180_switching_5_cap_fault_run030.mat,5,cap_fault,0.01995,0.05,0.9336,0.9461,0.0,1.1311,0.5844,1.3249,255.588,False
scenario_0181_switching_5_cap_fault_run031.mat,5,cap_fault,0.02165,0.05,0.9324,0.9452,0.0,1.1233,0.6023,1.3056,275.033,False
scenario_0182_switching_5_cap_fault_run032.mat,5,cap_fault,0.02455,0.05,0.9241,0.9355,0.0,1.1213,0.7084,1.5802,392.473,False
scenario_0183_switching_5_cap_fault_run033.mat,5,cap_fault,0.0168,0.05,0.9264,0.939,0.0,1.1225,0.6039,1.5197,364.079,False
scenario_0184_switching_5_cap_fault_run034.mat,5,cap_fault,0.01625,0.05,0.9357,0.9494,0.0,1.1245,0.5815,1.2075,229.455,False
scenario_0185_switching_5_cap_fault_run035.mat,5,cap_fault,0.02285,0.05,0.933,0.9445,0.0,1.1308,0.5812,1.3591,263.803,False
scenario_0186_switching_5_cap_fault_run036.mat,5,cap_fault,0.02955,0.05,0.9324,0.9433,0.0,1.1299,0.8887,1.3276,272.352,True
scenario_0187_switching_5_cap_fault_run037.mat,5,cap_fault,0.0275,0.05,0.9227,0.9337,0.0,1.1224,0.8983,1.644,408.216,True
scenario_0188_switching_5_cap_fault_run038.mat,5,cap_fault,0.01955,0.05,0.9358,0.9494,0.0,1.1245,0.5815,1.2031,227.43,False
scenario_0189_switching_5_cap_fault_run039.mat,5,cap_fault,0.02005,0.05,0.9333,0.9458,0.0,1.1317,0.5742,1.3415,258.54,False
scenario_0190_switching_5_cap_fault_run040.mat,5,cap_fault,0.02475,0.05,0.9302,0.9417,0.0,1.1262,0.7174,1.4083,302.007,False
scenario_0191_switching_5_cap_fault_run041.mat,5,cap_fault,0.01805,0.05,0.9283,0.9424,0.0,1.1216,0.6168,1.3699,342.09,False
scenario_0192_switching_5_cap_fault_run042.mat,5,cap_fault,0.01215,0.05,0.9245,0.9431,0.0,1.1537,0.6172,1.3528,326.476,False
scenario_0193_switching_5_cap_fault_run043.mat,5,cap_fault,0.01585,0.05,0.9331,0.946,0.0,1.1331,0.5836,1.3163,269.92,False
scenario_0194_switching_5_cap_fault_run044.mat,5,cap_fault,0.0159,0.05,0.9262,0.9389,0.0,1.1215,0.6002,1.5207,368.855,False
scenario_0195_switching_5_cap_fault_run045.mat,5,cap_fault,0.02215,0.05,0.9319,0.9449,0.0,1.1226,0.6094,1.2917,285.391,False
scenario_0196_switching_5_cap_fault_run046.mat,5,cap_fault,0.02515,0.05,0.9277,0.9393,0.0,1.1173,0.7831,1.445,349.151,True
scenario_0197_switching_5_cap_fault_run047.mat,5,cap_fault,0.0242,0.05,0.9222,0.9335,0.0,1.1221,0.6751,1.6575,415.043,False
scenario_0198_switching_5_cap_fault_run048.mat,5,cap_fault,0.0265,0.05,0.9314,0.9418,0.0,1.1368,0.8777,1.4339,285.064,True
scenario_0199_switching_5_cap_fault_run049.mat,5,cap_fault,0.0285,0.05,0.9351,0.9466,0.0,1.1316,0.8902,1.2386,232.001,True
scenario_0200_switching_5_cap_fault_run050.mat,5,cap_fault,0.0235,0.05,0.9357,0.9483,0.0,1.1236,0.6294,1.1996,229.69,False
scenario_0201_switching_6_sc_1ph_run001.mat,6,sc_1ph,0.0256,0.05,0.8368,0.9441,0.25,0.9876,0.5704,1.5021,323.785,False
scenario_0202_switching_6_sc_1ph_run002.mat,6,sc_1ph,0.0225,0.05,0.6784,0.9363,0.45,0.9905,0.5624,2.0397,399.049,False
scenario_0203_switching_6_sc_1ph_run003.mat,6,sc_1ph,0.01355,0.05,0.6886,0.9412,0.4,1.0966,0.5239,1.4501,283.683,False
scenario_0204_switching_6_sc_1ph_run004.mat,6,sc_1ph,0.01895,0.05,0.9209,0.943,0.0,0.996,0.7032,1.662,302.524,False
scenario_0205_switching_6_sc_1ph_run005.mat,6,sc_1ph,0.0256,0.05,0.834,0.9368,0.25,0.9888,0.5717,1.7439,389.196,False
scenario_0206_switching_6_sc_1ph_run006.mat,6,sc_1ph,0.02415,0.05,0.7784,0.9419,0.3,0.9912,0.557,1.7046,327.559,False
scenario_0207_switching_6_sc_1ph_run007.mat,6,sc_1ph,0.0226,0.05,0.7397,0.9363,0.35,0.9886,0.5694,1.8815,399.115,False
scenario_0208_switching_6_sc_1ph_run008.mat,6,sc_1ph,0.02885,0.05,0.9236,0.9469,0.0,0.9907,0.5753,1.3861,306.736,False
scenario_0209_switching_6_sc_1ph_run009.mat,6,sc_1ph,0.01605,0.05,0.8592,0.9369,0.2,1.081,0.8266,1.6556,369.183,True
scenario_0210_switching_6_sc_1ph_run010.mat,6,sc_1ph,0.0193,0.05,0.9182,0.9392,0.0,0.9854,0.6243,1.8055,356.073,False
scenario_0211_switching_6_sc_1ph_run011.mat,6,sc_1ph,0.01575,0.05,0.8317,0.9415,0.2,1.0856,0.7931,1.5475,302.62,True
scenario_0212_switching_6_sc_1ph_run012.mat,6,sc_1ph,0.02855,0.05,0.9202,0.9439,0.0,0.9912,0.5643,1.5832,330.637,False
scenario_0213_switching_6_sc_1ph_run013.mat,6,sc_1ph,0.02035,0.05,0.8808,0.9464,0.1,0.9874,0.5704,1.5884,312.159,False
scenario_0214_switching_6_sc_1ph_run014.mat,6,sc_1ph,0.0151,0.05,0.7543,0.9448,0.25,1.0952,0.715,1.4909,243.71,False
scenario_0215_switching_6_sc_1ph_run015.mat,6,sc_1ph,0.02825,0.05,0.9131,0.9359,0.0,0.9909,0.5773,1.8276,394.935,False
scenario_0216_switching_6_sc_1ph_run016.mat,6,sc_1ph,0.0241,0.05,0.6917,0.9396,0.35,0.9891,0.5723,1.7481,361.547,False
scenario_0217_switching_6_sc_1ph_run017.mat,6,sc_1ph,0.0163,0.05,0.8572,0.9391,0.15,1.0743,0.8733,1.5981,315.166,True
scenario_0218_switching_6_sc_1ph_run018.mat,6,sc_1ph,0.0254,0.05,0.7963,0.9386,0.25,0.9886,0.5769,1.6317,374.676,False
scenario_0219_switching_6_sc_1ph_run019.mat,6,sc_1ph,0.01795,0.05,0.928,0.9434,0.0,1.0281,0.9285,1.5368,263.909,True
scenario_0220_switching_6_sc_1ph_run020.mat,6,sc_1ph,0.0252,0.05,0.7199,0.9356,0.35,0.9904,0.5716,1.9709,407.672,False
scenario_0221_switching_6_sc_1ph_run021.mat,6,sc_1ph,0.022,0.05,0.7307,0.9378,0.45,0.9911,0.5545,1.9518,381.13,False
scenario_0222_switching_6_sc_1ph_run022.mat,6,sc_1ph,0.01425,0.05,0.7367,0.9437,0.3,1.1003,0.5719,1.4548,236.864,False
scenario_0223_switching_6_sc_1ph_run023.mat,6,sc_1ph,0.0198,0.05,0.9074,0.9414,0.0,0.9886,0.5702,1.7121,341.875,False
scenario_0224_switching_6_sc_1ph_run024.mat,6,sc_1ph,0.01895,0.05,0.9137,0.9336,0.0,0.9959,0.6774,1.965,411.826,False
scenario_0225_switching_6_sc_1ph_run025.mat,6,sc_1ph,0.01585,0.05,0.8219,0.9391,0.2,1.0879,0.8401,1.773,334.992,True
scenario_0226_switching_6_sc_1ph_run026.mat,6,sc_1ph,0.0197,0.05,0.8982,0.935,0.15,0.9899,0.5716,2.1385,416.987,False
scenario_0227_switching_6_sc_1ph_run027.mat,6,sc_1ph,0.0155,0.05,0.7792,0.9394,0.25,1.0916,0.7785,1.7713,304.421,True
scenario_0228_switching_6_sc_1ph_run028.mat,6,sc_1ph,0.023,0.05,0.746,0.9372,0.35,0.989,0.5673,1.7966,391.383,False
scenario_0229_switching_6_sc_1ph_run029.mat,6,sc_1ph,0.0201,0.05,0.9062,0.9436,0.0,0.9888,0.5665,1.6126,327.468,False
scenario_0230_switching_6_sc_1ph_run030.mat,6,sc_1ph,0.0207,0.05,0.8628,0.9441,0.15,0.9904,0.5549,1.6698,325.166,False
scenario_0231_switching_6_sc_1ph_run031.mat,6,sc_1ph,0.02825,0.05,0.9199,0.9439,0.0,0.99,0.5635,1.5672,341.419,False
scenario_0232_switching_6_sc_1ph_run032.mat,6,sc_1ph,0.0156,0.05,0.8211,0.9393,0.25,1.0907,0.7868,1.588,322.357,True
scenario_0233_switching_6_sc_1ph_run033.mat,6,sc_1ph,0.0286,0.05,0.9105,0.9361,0.0,0.9917,0.5721,1.9176,404.982,False
scenario_0234_switching_6_sc_1ph_run034.mat,6,sc_1ph,0.02455,0.05,0.7144,0.9391,0.4,0.9906,0.5681,1.8273,368.826,False
scenario_0235_switching_6_sc_1ph_run035.mat,6,sc_1ph,0.01735,0.05,0.9171,0.9392,0.0,1.0476,0.9251,1.6304,306.093,True
scenario_0236_switching_6_sc_1ph_run036.mat,6,sc_1ph,0.02265,0.05,0.7635,0.9441,0.3,0.9881,0.569,1.5693,334.746,False
scenario_0237_switching_6_sc_1ph_run037.mat,6,sc_1ph,0.01265,0.05,0.7499,0.9342,0.5,1.0911,0.5189,1.7137,374.874,False
scenario_0238_switching_6_sc_1ph_run038.mat,6,sc_1ph,0.02835,0.05,0.9096,0.9346,0.0,0.9921,0.5687,1.9783,412.149,False
scenario_0239_switching_6_sc_1ph_run039.mat,6,sc_1ph,0.02715,0.05,0.9018,0.9433,0.0,0.9921,0.5607,1.7583,346.909,False
scenario_0240_switching_6_sc_1ph_run040.mat,6,sc_1ph,0.02515,0.05,0.7549,0.9454,0.3,0.9901,0.5592,1.6512,329.481,False
scenario_0241_switching_6_sc_1ph_run041.mat,6,sc_1ph,0.0197,0.05,0.907,0.9401,0.0,0.9871,0.5806,1.8455,357.344,False
scenario_0242_switching_6_sc_1ph_run042.mat,6,sc_1ph,0.02025,0.05,0.8882,0.9387,0.1,0.9878,0.5783,1.7545,379.125,False
scenario_0243_switching_6_sc_1ph_run043.mat,6,sc_1ph,0.0197,0.05,0.9097,0.9466,0.0,0.9887,0.566,1.7748,324.513,False
scenario_0244_switching_6_sc_1ph_run044.mat,6,sc_1ph,0.01995,0.05,0.8872,0.9397,0.1,0.9892,0.5657,1.9636,392.663,False
scenario_0245_switching_6_sc_1ph_run045.mat,6,sc_1ph,0.02305,0.05,0.7404,0.9394,0.3,0.9899,0.563,1.7555,358.54,False
scenario_0246_switching_6_sc_1ph_run046.mat,6,sc_1ph,0.02615,0.05,0.8524,0.9395,0.2,0.9883,0.5735,1.6883,369.435,False
scenario_0247_switching_6_sc_1ph_run047.mat,6,sc_1ph,0.0256,0.05,0.8124,0.9393,0.25,0.99,0.5636,1.6906,356.784,False
scenario_0248_switching_6_sc_1ph_run048.mat,6,sc_1ph,0.0125,0.05,0.7668,0.9366,0.45,1.0871,0.5306,1.58,359.487,False
scenario_0249_switching_6_sc_1ph_run049.mat,6,sc_1ph,0.0134,0.05,0.734,0.9426,0.35,1.1,0.5366,1.4153,254.024,False
scenario_0250_switching_6_sc_1ph_run050.mat,6,sc_1ph,0.0143,0.05,0.656,0.9396,0.45,1.096,0.5678,1.7026,294.189,False
scenario_0251_switching_7_sc_3ph_run001.mat,7,sc_3ph,0.0161,0.05,0.3133,0.9314,0.95,1.0794,0.7249,2.4823,370.586,False
scenario_0252_switching_7_sc_3ph_run002.mat,7,sc_3ph,0.02135,0.05,0.3258,0.9212,1.3,1.0083,0.4453,3.0453,413.548,False
scenario_0253_switching_7_sc_3ph_run003.mat,7,sc_3ph,0.02515,0.05,0.4568,0.9299,0.8,1.0052,0.5328,2.326,378.605,False
scenario_0254_switching_7_sc_3ph_run004.mat,7,sc_3ph,0.019,0.05,0.3875,0.9247,1.15,0.9974,0.4914,2.8869,429.86,False
scenario_0255_switching_7_sc_3ph_run005.mat,7,sc_3ph,0.01925,0.05,0.394,0.932,0.9,0.9991,0.5194,2.4818,385.864,False
scenario_0256_switching_7_sc_3ph_run006.mat,7,sc_3ph,0.021,0.05,0.4024,0.9266,1.05,1.013,0.4803,2.6759,397.821,False
scenario_0257_switching_7_sc_3ph_run007.mat,7,sc_3ph,0.01605,0.05,0.4019,0.925,0.9,1.0822,0.7279,2.5108,472.017,False
scenario_0258_switching_7_sc_3ph_run008.mat,7,sc_3ph,0.01275,0.05,0.424,0.9301,0.9,1.0921,0.546,2.2355,465.057,False
scenario_0259_switching_7_sc_3ph_run009.mat,7,sc_3ph,0.01305,0.05,0.4114,0.9272,1.2,1.0983,0.5708,2.4697,478.129,False
scenario_0260_switching_7_sc_3ph_run010.mat,7,sc_3ph,0.01495,0.05,0.3463,0.9239,1.2,1.0936,0.7474,2.6189,414.302,False
scenario_0261_switching_7_sc_3ph_run011.mat,7,sc_3ph,0.0287,0.05,0.4647,0.928,0.85,0.9975,0.5621,2.1989,403.887,False
scenario_0262_switching_7_sc_3ph_run012.mat,7,sc_3ph,0.0178,0.05,0.3221,0.9187,1.65,1.0337,0.5639,3.1012,481.251,False
scenario_0263_switching_7_sc_3ph_run013.mat,7,sc_3ph,0.0167,0.05,0.3537,0.9228,1.35,1.0613,0.6552,2.8924,474.824,False
scenario_0264_switching_7_sc_3ph_run014.mat,7,sc_3ph,0.013,0.05,0.396,0.9306,1.25,1.0991,0.5364,2.4932,431.463,False
scenario_0265_switching_7_sc_3ph_run015.mat,7,sc_3ph,0.01565,0.05,0.4033,0.935,0.8,1.0896,0.7662,2.1164,337.53,True
scenario_0266_switching_7_sc_3ph_run016.mat,7,sc_3ph,0.01335,0.05,0.3446,0.9308,1.3,1.099,0.5654,2.5249,456.973,False
scenario_0267_switching_7_sc_3ph_run017.mat,7,sc_3ph,0.02085,0.05,0.3187,0.9229,1.4,1.0053,0.4321,3.2126,374.878,False
scenario_0268_switching_7_sc_3ph_run018.mat,7,sc_3ph,0.02895,0.05,0.4443,0.9289,0.8,1.0064,0.579,2.2096,334.012,False
scenario_0269_switching_7_sc_3ph_run019.mat,7,sc_3ph,0.02595,0.05,0.4407,0.9213,0.9,1.0023,0.5282,2.6068,464.646,False
scenario_0270_switching_7_sc_3ph_run020.mat,7,sc_3ph,0.02575,0.05,0.318,0.9298,1.0,1.0122,0.5005,2.63,295.321,False
scenario_0271_switching_7_sc_3ph_run021.mat,7,sc_3ph,0.0273,0.05,0.4131,0.9159,1.45,0.9991,0.5028,2.8008,548.006,False
scenario_0272_switching_7_sc_3ph_run022.mat,7,sc_3ph,0.0299,0.05,0.3519,0.9196,1.25,1.0151,0.5647,2.5137,427.373,False
scenario_0273_switching_7_sc_3ph_run023.mat,7,sc_3ph,0.01895,0.05,0.4766,0.9334,0.8,0.9951,0.5499,2.3115,364.908,False
scenario_0274_switching_7_sc_3ph_run024.mat,7,sc_3ph,0.02635,0.05,0.3545,0.9297,1.0,1.0125,0.5017,2.6298,300.956,False
scenario_0275_switching_7_sc_3ph_run025.mat,7,sc_3ph,0.0162,0.05,0.3364,0.927,1.05,1.076,0.7185,2.5674,432.894,False
scenario_0276_switching_7_sc_3ph_run026.mat,7,sc_3ph,0.01825,0.05,0.3479,0.923,1.2,1.0181,0.6077,2.7558,448.629,False
scenario_0277_switching_7_sc_3ph_run027.mat,7,sc_3ph,0.02925,0.05,0.2537,0.9107,1.8,0.9973,0.5105,3.0157,561.368,False
scenario_0278_switching_7_sc_3ph_run028.mat,7,sc_3ph,0.02885,0.05,0.3791,0.9295,1.0,1.0032,0.532,2.3569,364.615,False
scenario_0279_switching_7_sc_3ph_run029.mat,7,sc_3ph,0.0188,0.05,0.3086,0.9165,1.55,0.9994,0.4581,3.4143,494.038,False
scenario_0280_switching_7_sc_3ph_run030.mat,7,sc_3ph,0.0201,0.05,0.3843,0.9279,0.85,1.0056,0.504,2.5033,424.162,False
scenario_0281_switching_7_sc_3ph_run031.mat,7,sc_3ph,0.0288,0.05,0.4406,0.926,0.95,1.0032,0.5499,2.3686,380.601,False
scenario_0282_switching_7_sc_3ph_run032.mat,7,sc_3ph,0.02525,0.05,0.448,0.924,0.9,1.0021,0.5257,2.5557,427.926,False
scenario_0283_switching_7_sc_3ph_run033.mat,7,sc_3ph,0.01515,0.05,0.3904,0.9304,1.1,1.0934,0.7394,2.518,353.326,False
scenario_0284_switching_7_sc_3ph_run034.mat,7,sc_3ph,0.02845,0.05,0.4239,0.9288,0.9,1.0021,0.5447,2.2285,384.344,False
scenario_0285_switching_7_sc_3ph_run035.mat,7,sc_3ph,0.02535,0.05,0.2775,0.9213,1.3,1.0054,0.4809,2.9827,359.709,False
scenario_0286_switching_7_sc_3ph_run036.mat,7,sc_3ph,0.01285,0.05,0.415,0.9344,0.8,1.0914,0.5399,2.0843,386.113,False
scenario_0287_switching_7_sc_3ph_run037.mat,7,sc_3ph,0.02235,0.05,0.3286,0.9229,1.3,1.0033,0.4236,3.2011,364.388,False
scenario_0288_switching_7_sc_3ph_run038.mat,7,sc_3ph,0.02165,0.05,0.3499,0.9218,1.1,1.0055,0.4481,2.8621,441.274,False
scenario_0289_switching_7_sc_3ph_run039.mat,7,sc_3ph,0.02605,0.05,0.4143,0.9333,0.8,1.0048,0.5527,2.2486,322.83,False
scenario_0290_switching_7_sc_3ph_run040.mat,7,sc_3ph,0.02465,0.05,0.4929,0.9311,0.8,1.0086,0.5358,2.3524,345.455,False
scenario_0291_switching_7_sc_3ph_run041.mat,7,sc_3ph,0.01895,0.05,0.2884,0.9246,1.3,0.9955,0.4702,3.1112,445.067,False
scenario_0292_switching_7_sc_3ph_run042.mat,7,sc_3ph,0.0261,0.05,0.2554,0.9226,1.35,1.0055,0.4629,3.0913,336.55,False
scenario_0293_switching_7_sc_3ph_run043.mat,7,sc_3ph,0.0174,0.05,0.4564,0.9328,0.85,1.0458,0.7298,2.2525,386.472,False
scenario_0294_switching_7_sc_3ph_run044.mat,7,sc_3ph,0.0122,0.05,0.4123,0.9301,0.85,1.0785,0.4915,2.1733,451.812,False
scenario_0295_switching_7_sc_3ph_run045.mat,7,sc_3ph,0.01555,0.05,0.3848,0.9287,1.0,1.0875,0.7361,2.4794,389.895,False
scenario_0296_switching_7_sc_3ph_run046.mat,7,sc_3ph,0.0126,0.05,0.4547,0.9393,0.8,1.0884,0.5177,1.9461,318.954,False
scenario_0297_switching_7_sc_3ph_run047.mat,7,sc_3ph,0.0261,0.05,0.3228,0.9236,1.15,1.0042,0.4946,2.8266,364.395,False
scenario_0298_switching_7_sc_3ph_run048.mat,7,sc_3ph,0.01435,0.05,0.4254,0.9287,1.0,1.0998,0.6867,2.2448,359.699,False
scenario_0299_switching_7_sc_3ph_run049.mat,7,sc_3ph,0.0133,0.05,0.3386,0.9261,1.15,1.0981,0.6077,2.4821,504.715,False
scenario_0300_switching_7_sc_3ph_run050.mat,7,sc_3ph,0.0235,0.05,0.4271,0.9344,0.75,1.013,0.5229,2.3466,313.95,False
scenario_0301_switching_8_cascade_run001.mat,8,cascade,0.0165,0.05,0.8385,0.9313,2.2,1.1215,0.7723,1.4299,330.764,True
scenario_0302_switching_8_cascade_run002.mat,8,cascade,0.0213,0.05,0.8309,0.9239,0.0,1.0949,0.8332,1.6944,425.053,True
scenario_0303_switching_8_cascade_run003.mat,8,cascade,0.01915,0.05,0.8339,0.9132,0.0,1.1545,0.8176,1.2175,223.749,True
scenario_0304_switching_8_cascade_run004.mat,8,cascade,0.0169,0.05,0.8472,0.9311,1.8,1.1188,0.7735,1.4623,343.015,True
scenario_0305_switching_8_cascade_run005.mat,8,cascade,0.01675,0.05,0.8451,0.9239,2.0,1.0608,0.7544,1.5045,359.112,True
scenario_0306_switching_8_cascade_run006.mat,8,cascade,0.02375,0.05,0.8289,0.9263,0.0,1.088,0.8201,1.562,409.296,True
scenario_0307_switching_8_cascade_run007.mat,8,cascade,0.02785,0.05,0.8425,0.9316,0.0,1.1209,0.7484,1.4385,346.337,False
scenario_0308_switching_8_cascade_run008.mat,8,cascade,0.02485,0.05,0.8446,0.9306,0.0,1.1322,0.7608,1.51,326.007,True
scenario_0309_switching_8_cascade_run009.mat,8,cascade,0.01635,0.05,0.8394,0.9262,2.4,1.0709,0.7491,1.386,325.285,False
scenario_0310_switching_8_cascade_run010.mat,8,cascade,0.0283,0.05,0.843,0.9252,0.0,1.1317,0.762,1.6639,389.007,True
scenario_0311_switching_8_cascade_run011.mat,8,cascade,0.02275,0.05,0.8317,0.9098,5.9,1.1521,0.9103,1.2061,214.127,True
scenario_0312_switching_8_cascade_run012.mat,8,cascade,0.01735,0.05,0.8284,0.9287,1.15,1.1152,0.8529,1.486,335.009,True
scenario_0313_switching_8_cascade_run013.mat,8,cascade,0.0286,0.05,0.8302,0.9188,0.0,1.0933,0.8312,1.7414,447.184,True
scenario_0314_switching_8_cascade_run014.mat,8,cascade,0.02345,0.05,0.8278,0.9113,5.2,1.1521,0.8952,1.1807,261.62,True
scenario_0315_switching_8_cascade_run015.mat,8,cascade,0.01305,0.05,0.8404,0.9177,0.0,1.1547,0.8301,1.329,327.632,True
scenario_0316_switching_8_cascade_run016.mat,8,cascade,0.02225,0.05,0.8411,0.9311,0.0,1.1212,0.7431,1.5627,400.035,False
scenario_0317_switching_8_cascade_run017.mat,8,cascade,0.02625,0.05,0.8405,0.9251,0.0,1.1239,0.7482,1.7423,455.508,False
scenario_0318_switching_8_cascade_run018.mat,8,cascade,0.02195,0.05,0.8322,0.9302,0.0,1.097,0.8397,1.4275,316.516,True
scenario_0319_switching_8_cascade_run019.mat,8,cascade,0.0153,0.05,0.8404,0.9189,0.0,1.154,0.8358,1.241,286.791,True
scenario_0320_switching_8_cascade_run020.mat,8,cascade,0.02825,0.05,0.8264,0.92,0.0,1.0712,0.8767,1.4438,309.377,True
scenario_0321_switching_8_cascade_run021.mat,8,cascade,0.01405,0.05,0.8409,0.9165,0.0,1.1547,0.8323,1.351,305.935,True
scenario_0322_switching_8_cascade_run022.mat,8,cascade,0.02765,0.05,0.8316,0.9289,0.0,1.096,0.8389,1.3241,280.165,True
scenario_0323_switching_8_cascade_run023.mat,8,cascade,0.01635,0.05,0.8336,0.9145,0.0,1.1549,0.8158,1.2464,240.128,True
scenario_0324_switching_8_cascade_run024.mat,8,cascade,0.014,0.05,0.8215,0.9223,4.55,1.1294,0.8596,1.5289,351.706,True
scenario_0325_switching_8_cascade_run025.mat,8,cascade,0.02745,0.05,0.8303,0.925,0.0,1.0758,0.8778,1.2812,213.774,True
scenario_0326_switching_8_cascade_run026.mat,8,cascade,0.0172,0.05,0.8424,0.9169,0.0,1.1541,0.8418,1.2642,266.835,True
scenario_0327_switching_8_cascade_run027.mat,8,cascade,0.02135,0.05,0.8413,0.9339,0.0,1.1201,0.7395,1.4724,375.442,False
scenario_0328_switching_8_cascade_run028.mat,8,cascade,0.01585,0.05,0.8383,0.9299,2.7,1.0873,0.7555,1.2755,197.701,True
scenario_0329_switching_8_cascade_run029.mat,8,cascade,0.02755,0.05,0.8431,0.9271,0.0,1.1264,0.7561,1.6114,384.908,True
scenario_0330_switching_8_cascade_run030.mat,8,cascade,0.02935,0.05,0.8436,0.9254,0.0,1.1334,0.7642,1.6236,367.914,True
scenario_0331_switching_8_cascade_run031.mat,8,cascade,0.0134,0.05,0.8418,0.9174,0.0,1.154,0.8485,1.3384,290.885,True
scenario_0332_switching_8_cascade_run032.mat,8,cascade,0.0145,0.05,0.8401,0.9155,0.0,1.155,0.8149,1.3729,322.588,True
scenario_0333_switching_8_cascade_run033.mat,8,cascade,0.01835,0.05,0.8365,0.9239,0.6,1.1408,0.7782,1.8145,474.897,True
scenario_0334_switching_8_cascade_run034.mat,8,cascade,0.0174,0.05,0.8264,0.9271,1.3,1.1095,0.8449,1.5556,384.396,True
scenario_0335_switching_8_cascade_run035.mat,8,cascade,0.0298,0.05,0.844,0.9264,0.0,1.1315,0.7614,1.5714,352.372,True
scenario_0336_switching_8_cascade_run036.mat,8,cascade,0.0294,0.05,0.8342,0.9242,0.0,1.117,0.9286,1.4496,368.196,True
scenario_0337_switching_8_cascade_run037.mat,8,cascade,0.02515,0.05,0.8321,0.9133,3.6,1.151,0.9179,1.2755,218.668,True
scenario_0338_switching_8_cascade_run038.mat,8,cascade,0.0158,0.05,0.8254,0.9299,2.7,1.1271,0.8481,1.3459,279.721,True
scenario_0339_switching_8_cascade_run039.mat,8,cascade,0.0203,0.05,0.8263,0.9247,0.0,1.0998,0.8395,1.665,428.899,True
scenario_0340_switching_8_cascade_run040.mat,8,cascade,0.0215,0.05,0.845,0.926,0.0,1.0612,0.7469,1.4799,321.022,False
scenario_0341_switching_8_cascade_run041.mat,8,cascade,0.0272,0.05,0.8345,0.9263,0.0,1.1063,0.8492,1.4512,289.926,True
scenario_0342_switching_8_cascade_run042.mat,8,cascade,0.02245,0.05,0.826,0.9032,6.5,1.1548,0.8229,1.4008,318.031,True
scenario_0343_switching_8_cascade_run043.mat,8,cascade,0.02415,0.05,0.8336,0.9263,0.0,1.1102,0.8534,1.54,311.724,True
scenario_0344_switching_8_cascade_run044.mat,8,cascade,0.0164,0.05,0.8361,0.9284,2.35,1.1214,0.7716,1.5325,379.262,True
scenario_0345_switching_8_cascade_run045.mat,8,cascade,0.02305,0.05,0.8261,0.9079,5.75,1.154,0.8646,1.2682,292.797,True
scenario_0346_switching_8_cascade_run046.mat,8,cascade,0.0239,0.05,0.8442,0.9278,0.0,1.0963,0.8601,1.3423,233.761,True
scenario_0347_switching_8_cascade_run047.mat,8,cascade,0.01275,0.05,0.8186,0.9214,5.95,1.1203,0.8397,1.5614,411.334,True
scenario_0348_switching_8_cascade_run048.mat,8,cascade,0.0246,0.05,0.868,0.9297,0.0,1.1184,0.7569,1.5699,332.394,True
scenario_0349_switching_8_cascade_run049.mat,8,cascade,0.0223,0.05,0.8489,0.9315,0.0,1.0702,0.7506,1.2994,206.297,True
scenario_0350_switching_8_cascade_run050.mat,8,cascade,0.0285,0.05,0.8251,0.9187,0.0,1.0709,0.8753,1.4826,334.508,True
