scenario_idx,sc_id,sc_label,m_sh,m_se_d,m_se_q
1,0,normal,0.7927,0.0701,-0.0281
2,0,normal,0.7573,0.0698,-0.0212
3,0,normal,0.7552,0.0696,-0.0206
4,0,normal,0.7844,0.0697,-0.0264
5,0,normal,0.7527,0.0693,-0.0199
6,0,normal,0.7844,0.0697,-0.0264
7,0,normal,0.7905,0.07,-0.0277
8,0,normal,0.7814,0.0695,-0.0258
9,0,normal,0.7549,0.0696,-0.0205
10,0,normal,0.7447,0.0681,-0.0162
11,0,normal,0.7548,0.0695,-0.0205
12,0,normal,0.74,0.0673,-0.0139
13,0,normal,0.7701,0.07,-0.024
14,0,normal,0.7608,0.0701,-0.0221
15,0,normal,0.7722,0.0699,-0.0242
16,0,normal,0.7655,0.07,-0.0231
17,0,normal,0.782,0.0696,-0.0259
18,0,normal,0.7729,0.0698,-0.0243
19,0,normal,0.7618,0.0701,-0.0223
20,0,normal,0.7485,0.0688,-0.0182
21,0,normal,0.7937,0.0701,-0.0284
22,0,normal,0.7625,0.0701,-0.0224
23,0,normal,0.7664,0.07,-0.0233
24,0,normal,0.7754,0.0697,-0.0247
25,0,normal,0.7661,0.07,-0.0232
26,0,normal,0.7746,0.0698,-0.0246
27,0,normal,0.7739,0.0698,-0.0245
28,0,normal,0.7855,0.0697,-0.0266
29,0,normal,0.7678,0.07,-0.0236
30,0,normal,0.7484,0.0687,-0.0182
31,0,normal,0.7808,0.0695,-0.0257
32,0,normal,0.7748,0.0697,-0.0246
33,0,normal,0.7555,0.0696,-0.0207
34,0,normal,0.7757,0.0697,-0.0247
35,0,normal,0.7745,0.0698,-0.0245
36,0,normal,0.7741,0.0698,-0.0245
37,0,normal,0.7768,0.0697,-0.0249
38,0,normal,0.7628,0.0701,-0.0225
39,0,normal,0.7651,0.07,-0.023
40,0,normal,0.7799,0.0695,-0.0255
41,0,normal,0.767,0.07,-0.0234
42,0,normal,0.7619,0.0701,-0.0223
43,0,normal,0.762,0.0701,-0.0223
44,0,normal,0.7772,0.0696,-0.025
45,0,normal,0.7697,0.07,-0.0239
46,0,normal,0.7746,0.0698,-0.0245
47,0,normal,0.7692,0.07,-0.0238
48,0,normal,0.7799,0.0695,-0.0255
49,0,normal,0.7651,0.07,-0.023
50,0,normal,0.7773,0.0696,-0.025
51,3,igbt_oc_sh,0.75,0.0,0.0
52,3,igbt_oc_sh,0.75,0.0,0.0
53,3,igbt_oc_sh,0.75,0.0,0.0
54,3,igbt_oc_sh,0.75,0.0,0.0
55,3,igbt_oc_sh,0.75,0.0,0.0
56,3,igbt_oc_sh,0.75,0.0,0.0
57,3,igbt_oc_sh,0.75,0.0,0.0
58,3,igbt_oc_sh,0.75,0.0,0.0
59,3,igbt_oc_sh,0.75,0.0,0.0
60,3,igbt_oc_sh,0.75,0.0,0.0
61,3,igbt_oc_sh,0.75,0.0,0.0
62,3,igbt_oc_sh,0.75,0.0,0.0
63,3,igbt_oc_sh,0.75,0.0,0.0
64,3,igbt_oc_sh,0.75,0.0,0.0
65,3,igbt_oc_sh,0.75,0.0,0.0
66,3,igbt_oc_sh,0.75,0.0,0.0
67,3,igbt_oc_sh,0.75,0.0,0.0
68,3,igbt_oc_sh,0.75,0.0,0.0
69,3,igbt_oc_sh,0.75,0.0,0.0
70,3,igbt_oc_sh,0.75,0.0,0.0
71,3,igbt_oc_sh,0.75,0.0,0.0
72,3,igbt_oc_sh,0.75,0.0,0.0
73,3,igbt_oc_sh,0.75,0.0,0.0
74,3,igbt_oc_sh,0.75,0.0,0.0
75,3,igbt_oc_sh,0.75,0.0,0.0
76,3,igbt_oc_sh,0.75,0.0,0.0
77,3,igbt_oc_sh,0.75,0.0,0.0
78,3,igbt_oc_sh,0.75,0.0,0.0
79,3,igbt_oc_sh,0.75,0.0,0.0
80,3,igbt_oc_sh,0.75,0.0,0.0
81,3,igbt_oc_sh,0.75,0.0,0.0
82,3,igbt_oc_sh,0.75,0.0,0.0
83,3,igbt_oc_sh,0.75,0.0,0.0
84,3,igbt_oc_sh,0.75,0.0,0.0
85,3,igbt_oc_sh,0.75,0.0,0.0
86,3,igbt_oc_sh,0.75,0.0,0.0
87,3,igbt_oc_sh,0.75,0.0,0.0
88,3,igbt_oc_sh,0.75,0.0,0.0
89,3,igbt_oc_sh,0.75,0.0,0.0
90,3,igbt_oc_sh,0.75,0.0,0.0
91,3,igbt_oc_sh,0.75,0.0,0.0
92,3,igbt_oc_sh,0.75,0.0,0.0
93,3,igbt_oc_sh,0.75,0.0,0.0
94,3,igbt_oc_sh,0.75,0.0,0.0
95,3,igbt_oc_sh,0.75,0.0,0.0
96,3,igbt_oc_sh,0.75,0.0,0.0
97,3,igbt_oc_sh,0.75,0.0,0.0
98,3,igbt_oc_sh,0.75,0.0,0.0
99,3,igbt_oc_sh,0.75,0.0,0.0
100,3,igbt_oc_sh,0.75,0.0,0.0
101,4,igbt_oc_se,0.8,0.0,0.0
102,4,igbt_oc_se,0.8,0.0,0.0
103,4,igbt_oc_se,0.8,0.0,0.0
104,4,igbt_oc_se,0.8,0.0,0.0
105,4,igbt_oc_se,0.8,0.0,0.0
106,4,igbt_oc_se,0.8,0.0,0.0
107,4,igbt_oc_se,0.8,0.0,0.0
108,4,igbt_oc_se,0.8,0.0,0.0
109,4,igbt_oc_se,0.8,0.0,0.0
110,4,igbt_oc_se,0.8,0.0,0.0
111,4,igbt_oc_se,0.8,0.0,0.0
112,4,igbt_oc_se,0.8,0.0,0.0
113,4,igbt_oc_se,0.8,0.0,0.0
114,4,igbt_oc_se,0.8,0.0,0.0
115,4,igbt_oc_se,0.8,0.0,0.0
116,4,igbt_oc_se,0.8,0.0,0.0
117,4,igbt_oc_se,0.8,0.0,0.0
118,4,igbt_oc_se,0.8,0.0,0.0
119,4,igbt_oc_se,0.8,0.0,0.0
120,4,igbt_oc_se,0.8,0.0,0.0
121,4,igbt_oc_se,0.8,0.0,0.0
122,4,igbt_oc_se,0.8,0.0,0.0
123,4,igbt_oc_se,0.8,0.0,0.0
124,4,igbt_oc_se,0.8,0.0,0.0
125,4,igbt_oc_se,0.8,0.0,0.0
126,4,igbt_oc_se,0.8,0.0,0.0
127,4,igbt_oc_se,0.8,0.0,0.0
128,4,igbt_oc_se,0.8,0.0,0.0
129,4,igbt_oc_se,0.8,0.0,0.0
130,4,igbt_oc_se,0.8,0.0,0.0
131,4,igbt_oc_se,0.8,0.0,0.0
132,4,igbt_oc_se,0.8,0.0,0.0
133,4,igbt_oc_se,0.8,0.0,0.0
134,4,igbt_oc_se,0.8,0.0,0.0
135,4,igbt_oc_se,0.8,0.0,0.0
136,4,igbt_oc_se,0.8,0.0,0.0
137,4,igbt_oc_se,0.8,0.0,0.0
138,4,igbt_oc_se,0.8,0.0,0.0
139,4,igbt_oc_se,0.8,0.0,0.0
140,4,igbt_oc_se,0.8,0.0,0.0
141,4,igbt_oc_se,0.8,0.0,0.0
142,4,igbt_oc_se,0.8,0.0,0.0
143,4,igbt_oc_se,0.8,0.0,0.0
144,4,igbt_oc_se,0.8,0.0,0.0
145,4,igbt_oc_se,0.8,0.0,0.0
146,4,igbt_oc_se,0.8,0.0,0.0
147,4,igbt_oc_se,0.8,0.0,0.0
148,4,igbt_oc_se,0.8,0.0,0.0
149,4,igbt_oc_se,0.8,0.0,0.0
150,4,igbt_oc_se,0.8,0.0,0.0
151,5,cap_fault,0.8,0.0,0.0
152,5,cap_fault,0.8,0.0,0.0
153,5,cap_fault,0.8,0.0,0.0
154,5,cap_fault,0.8,0.0,0.0
155,5,cap_fault,0.8,0.0,0.0
156,5,cap_fault,0.8,0.0,0.0
157,5,cap_fault,0.8,0.0,0.0
158,5,cap_fault,0.8,0.0,0.0
159,5,cap_fault,0.8,0.0,0.0
160,5,cap_fault,0.8,0.0,0.0
161,5,cap_fault,0.8,0.0,0.0
162,5,cap_fault,0.8,0.0,0.0
163,5,cap_fault,0.8,0.0,0.0
164,5,cap_fault,0.8,0.0,0.0
165,5,cap_fault,0.8,0.0,0.0
166,5,cap_fault,0.8,0.0,0.0
167,5,cap_fault,0.8,0.0,0.0
168,5,cap_fault,0.8,0.0,0.0
169,5,cap_fault,0.8,0.0,0.0
170,5,cap_fault,0.8,0.0,0.0
171,5,cap_fault,0.8,0.0,0.0
172,5,cap_fault,0.8,0.0,0.0
173,5,cap_fault,0.8,0.0,0.0
174,5,cap_fault,0.8,0.0,0.0
175,5,cap_fault,0.8,0.0,0.0
176,5,cap_fault,0.8,0.0,0.0
177,5,cap_fault,0.8,0.0,0.0
178,5,cap_fault,0.8,0.0,0.0
179,5,cap_fault,0.8,0.0,0.0
180,5,cap_fault,0.8,0.0,0.0
181,5,cap_fault,0.8,0.0,0.0
182,5,cap_fault,0.8,0.0,0.0
183,5,cap_fault,0.8,0.0,0.0
184,5,cap_fault,0.8,0.0,0.0
185,5,cap_fault,0.8,0.0,0.0
186,5,cap_fault,0.8,0.0,0.0
187,5,cap_fault,0.8,0.0,0.0
188,5,cap_fault,0.8,0.0,0.0
189,5,cap_fault,0.8,0.0,0.0
190,5,cap_fault,0.8,0.0,0.0
191,5,cap_fault,0.8,0.0,0.0
192,5,cap_fault,0.8,0.0,0.0
193,5,cap_fault,0.8,0.0,0.0
194,5,cap_fault,0.8,0.0,0.0
195,5,cap_fault,0.8,0.0,0.0
196,5,cap_fault,0.8,0.0,0.0
197,5,cap_fault,0.8,0.0,0.0
198,5,cap_fault,0.8,0.0,0.0
199,5,cap_fault,0.8,0.0,0.0
200,5,cap_fault,0.8,0.0,0.0
201,6,sc_1ph,0.68,0.0646,0.0311
202,6,sc_1ph,0.68,0.0618,0.0379
203,6,sc_1ph,0.68,0.0652,0.0299
204,6,sc_1ph,0.68,0.0655,0.0293
205,6,sc_1ph,0.68,0.061,0.04
206,6,sc_1ph,0.68,0.0613,0.0393
207,6,sc_1ph,0.68,0.0618,0.0377
208,6,sc_1ph,0.68,0.0661,0.028
209,6,sc_1ph,0.68,0.0629,0.0352
210,6,sc_1ph,0.68,0.0623,0.0365
211,6,sc_1ph,0.68,0.0648,0.0308
212,6,sc_1ph,0.68,0.0638,0.033
213,6,sc_1ph,0.68,0.0657,0.0287
214,6,sc_1ph,0.68,0.066,0.0282
215,6,sc_1ph,0.68,0.0605,0.0416
216,6,sc_1ph,0.68,0.0642,0.0323
217,6,sc_1ph,0.68,0.0646,0.0311
218,6,sc_1ph,0.68,0.063,0.0349
219,6,sc_1ph,0.68,0.0656,0.0289
220,6,sc_1ph,0.68,0.0625,0.0362
221,6,sc_1ph,0.68,0.0615,0.0387
222,6,sc_1ph,0.68,0.0646,0.0311
223,6,sc_1ph,0.68,0.0622,0.0369
224,6,sc_1ph,0.68,0.0594,0.0441
225,6,sc_1ph,0.68,0.0625,0.036
226,6,sc_1ph,0.68,0.0609,0.0405
227,6,sc_1ph,0.68,0.0624,0.0364
228,6,sc_1ph,0.68,0.062,0.0374
229,6,sc_1ph,0.68,0.0638,0.0331
230,6,sc_1ph,0.68,0.0637,0.0334
231,6,sc_1ph,0.68,0.0652,0.0298
232,6,sc_1ph,0.68,0.0628,0.0353
233,6,sc_1ph,0.68,0.0613,0.0391
234,6,sc_1ph,0.68,0.0631,0.0348
235,6,sc_1ph,0.68,0.0634,0.0339
236,6,sc_1ph,0.68,0.0658,0.0287
237,6,sc_1ph,0.68,0.059,0.0452
238,6,sc_1ph,0.68,0.0596,0.0436
239,6,sc_1ph,0.68,0.0637,0.0335
240,6,sc_1ph,0.68,0.0657,0.0288
241,6,sc_1ph,0.68,0.0621,0.0369
242,6,sc_1ph,0.68,0.063,0.0349
243,6,sc_1ph,0.68,0.0653,0.0296
244,6,sc_1ph,0.68,0.0645,0.0313
245,6,sc_1ph,0.68,0.0617,0.038
246,6,sc_1ph,0.68,0.0632,0.0345
247,6,sc_1ph,0.68,0.0613,0.0394
248,6,sc_1ph,0.68,0.0615,0.0386
249,6,sc_1ph,0.68,0.0632,0.0345
250,6,sc_1ph,0.68,0.065,0.0303
251,7,sc_3ph,0.9,0.0,0.0
252,7,sc_3ph,0.9,0.0,0.0
253,7,sc_3ph,0.9,0.0,0.0
254,7,sc_3ph,0.9,0.0,0.0
255,7,sc_3ph,0.9,0.0,0.0
256,7,sc_3ph,0.9,0.0,0.0
257,7,sc_3ph,0.9,0.0,0.0
258,7,sc_3ph,0.9,0.0,0.0
259,7,sc_3ph,0.9,0.0,0.0
260,7,sc_3ph,0.9,0.0,0.0
261,7,sc_3ph,0.9,0.0,0.0
262,7,sc_3ph,0.9,0.0,0.0
263,7,sc_3ph,0.9,0.0,0.0
264,7,sc_3ph,0.9,0.0,0.0
265,7,sc_3ph,0.9,0.0,0.0
266,7,sc_3ph,0.9,0.0,0.0
267,7,sc_3ph,0.9,0.0,0.0
268,7,sc_3ph,0.9,0.0,0.0
269,7,sc_3ph,0.9,0.0,0.0
270,7,sc_3ph,0.9,0.0,0.0
271,7,sc_3ph,0.9,0.0,0.0
272,7,sc_3ph,0.9,0.0,0.0
273,7,sc_3ph,0.9,0.0,0.0
274,7,sc_3ph,0.9,0.0,0.0
275,7,sc_3ph,0.9,0.0,0.0
276,7,sc_3ph,0.9,0.0,0.0
277,7,sc_3ph,0.9,0.0,0.0
278,7,sc_3ph,0.9,0.0,0.0
279,7,sc_3ph,0.9,0.0,0.0
280,7,sc_3ph,0.9,0.0,0.0
281,7,sc_3ph,0.9,0.0,0.0
282,7,sc_3ph,0.9,0.0,0.0
283,7,sc_3ph,0.9,0.0,0.0
284,7,sc_3ph,0.9,0.0,0.0
285,7,sc_3ph,0.9,0.0,0.0
286,7,sc_3ph,0.9,0.0,0.0
287,7,sc_3ph,0.9,0.0,0.0
288,7,sc_3ph,0.9,0.0,0.0
289,7,sc_3ph,0.9,0.0,0.0
290,7,sc_3ph,0.9,0.0,0.0
291,7,sc_3ph,0.9,0.0,0.0
292,7,sc_3ph,0.9,0.0,0.0
293,7,sc_3ph,0.9,0.0,0.0
294,7,sc_3ph,0.9,0.0,0.0
295,7,sc_3ph,0.9,0.0,0.0
296,7,sc_3ph,0.9,0.0,0.0
297,7,sc_3ph,0.9,0.0,0.0
298,7,sc_3ph,0.9,0.0,0.0
299,7,sc_3ph,0.9,0.0,0.0
300,7,sc_3ph,0.9,0.0,0.0
301,8,cascade,0.85,0.1,-0.0401
302,8,cascade,0.85,0.1,-0.0121
303,8,cascade,0.85,0.1,-0.0207
304,8,cascade,0.85,0.1,-0.0365
305,8,cascade,0.85,0.1,-0.0151
306,8,cascade,0.85,0.1,-0.0305
307,8,cascade,0.85,0.1,-0.0397
308,8,cascade,0.85,0.1,-0.026
309,8,cascade,0.85,0.1,-0.0281
310,8,cascade,0.85,0.1,-0.0123
311,8,cascade,0.85,0.1,-0.0254
312,8,cascade,0.85,0.1,-0.0308
313,8,cascade,0.85,0.1,-0.008
314,8,cascade,0.85,0.1,-0.0384
315,8,cascade,0.85,0.1,-0.026
316,8,cascade,0.85,0.1,-0.0297
317,8,cascade,0.85,0.1,-0.0115
318,8,cascade,0.85,0.1,-0.0358
319,8,cascade,0.85,0.1,-0.0367
320,8,cascade,0.85,0.1,-0.0241
321,8,cascade,0.85,0.1,-0.0228
322,8,cascade,0.85,0.1,-0.0457
323,8,cascade,0.85,0.1,-0.0179
324,8,cascade,0.85,0.1,-0.0294
325,8,cascade,0.85,0.1,-0.0338
326,8,cascade,0.85,0.1,-0.031
327,8,cascade,0.85,0.1,-0.0391
328,8,cascade,0.85,0.1,-0.0275
329,8,cascade,0.85,0.1,-0.02
330,8,cascade,0.85,0.1,-0.0152
331,8,cascade,0.85,0.1,-0.0219
332,8,cascade,0.85,0.1,-0.0217
333,8,cascade,0.85,0.1,-0.003
334,8,cascade,0.85,0.1,-0.028
335,8,cascade,0.85,0.1,-0.0209
336,8,cascade,0.85,0.1,-0.0364
337,8,cascade,0.85,0.1,-0.0229
338,8,cascade,0.85,0.1,-0.0444
339,8,cascade,0.85,0.1,-0.0171
340,8,cascade,0.85,0.1,-0.0102
341,8,cascade,0.85,0.1,-0.0285
342,8,cascade,0.85,0.1,-0.0071
343,8,cascade,0.85,0.1,-0.0183
344,8,cascade,0.85,0.1,-0.0324
345,8,cascade,0.85,0.1,-0.0281
346,8,cascade,0.85,0.1,-0.0218
347,8,cascade,0.85,0.1,-0.0342
348,8,cascade,0.85,0.1,-0.0156
349,8,cascade,0.85,0.1,-0.0215
350,8,cascade,0.85,0.1,-0.0213
