model,topology,scenario_type,condition_class,case_name,t,window_zone,window_ok,window_reason,grid_V,fault_pu,grid_pu,lv_rms_inst,vdc_inst,obs_01,obs_02,obs_03,obs_04,obs_05,obs_06,obs_07,obs_08,obs_09,obs_10,obs_11,obs_12,obs_13,obs_14,obs_15,obs_16,obs_17,obs_18,obs_19,obs_20,obs_21,obs_22,obs_23,obs_24,action_01,actor_action_01,action_02,actor_action_02,action_03,actor_action_03,action_04,actor_action_04
"hpt_v2_topology2_paper","topology2","fault","shallow_lvrt","sag_0p90",0,"prefault",1,"",NaN,0.9,0.9,1.59571870491636,799.999999999999,0.00770878601408869,1,1,0.999999999999999,9.99200722162641e-16,0.992291213985911,-3.74154734478252e-09,-9.16296000993556e-07,0,0,0,0,0,0,0,1,0,0,0,0,1,1,0,-9.99200722162641e-13,0.6,0.00126000975382426,0,6.06650867108871e-05,0,1.97587110130804e-05,0,-0.000199591317244825
"hpt_v2_topology2_paper","topology2","fault","shallow_lvrt","sag_0p90",0.002,"prefault",1,"",NaN,0.9,0.9,112.702131549695,797.95040468677,0.129049277248647,2.13984890130371,2.13984890130371,0.997438005858463,0.00256199414153713,0.870950722751353,-0.0629072377694596,-0.302473003679745,0.30770747355556,-0.00193656054393561,0.00628798360335261,-0.00527902772643248,0,1,0,1,0,0,0,0,1,1,-5,-0.000567015874586296,0,0.310112140765839,0,-0.00199339966299809,0,0.00628197086886464,0,-0.00529574397406846
"hpt_v2_topology2_paper","topology2","fault","shallow_lvrt","sag_0p90",0.004,"prefault",1,"",NaN,0.9,0.9,142.290699945082,826.704442469609,0.300094157878888,2.03859485833337,2.03859485833337,1.03338055308701,-0.0333805530870115,0.699905842121112,-0.164891137618661,-0.559791855979817,0.359405449687757,-0.00124168600786635,0.00602773569688182,-0.0088854403341886,0,1,0,1,0,0,0,0,1,1,-5,-0.000596347102810313,0,0.360648625131408,0,-0.00128678983670675,0,0.00600304668136958,0,-0.00888685436875258
"hpt_v2_topology2_paper","topology2","fault","shallow_lvrt","sag_0p90",0.006,"prefault",1,"",NaN,0.9,0.9,163.228997989548,868.698557275013,0.451232981444329,2.68608967508057,0.759200591821732,1.08587319659377,-0.0858731965937665,0.548767018555671,-0.181815682084238,-0.612819525773381,0.328959880391293,-0.00410312843941535,0.00153305082082559,-0.005336133538813,0,1,0,1,0,0,0,0,1,1,-5,-1.85055010235735,0,0.328126868863129,0,-0.00423311459523214,0,0.00136067989986596,0,-0.00523096873402233
"hpt_v2_topology2_paper","topology2","fault","shallow_lvrt","sag_0p90",0.008,"prefault",1,"",NaN,0.9,0.9,175.708235800846,915.807925981104,0.572096786254584,2.2262403197106,0.269158947576918,1.14475990747638,-0.144759907476379,0.427903213745416,-0.107883733531709,-0.569972963318201,0.297601961831898,-0.0074657790613304,-0.00109461546026243,-0.00266184072931779,0,1,0,1,0,0,0,0,1,1,-5,-1.95100826052919,0,0.296689079294486,0,-0.00753017307031092,0,-0.00119309254983734,0,-0.00258332604105586
"hpt_v2_topology2_paper","topology2","fault","shallow_lvrt","sag_0p90",0.01,"prefault",1,"",NaN,0.9,0.9,179.354271925844,946.495491822149,0.664811261992718,1.86434442047607,0.108269096259432,1.18311936477769,-0.183119364777687,0.335188738007282,0.0427785233817299,-0.467029697766751,0.275871418978592,-0.00781986949359027,-0.00164061899828069,-0.00340320111963726,0,1,0,1,0,0,0,0,1,1,-5,-2.01646429790414,0,0.275532581908984,0,-0.00788079075794737,0,-0.00168942273124035,0,-0.0033215162696576
"hpt_v2_topology2_paper","topology2","fault","shallow_lvrt","sag_0p90",0.012,"prefault",1,"",NaN,0.9,0.9,186.467073325197,925.438480630665,0.735747645322279,1.72094730639417,0.0608440362340547,1.15679810078833,-0.156798100788332,0.264252354677721,0.21604398058565,-0.351409991935253,0.254770543280616,-0.004439199728845,-0.00109937342755967,-0.00416801149284849,0,1,0,1,0,0,0,0,1,1,5,1.25231431910722,0,0.254828875058921,0,-0.00427523098773779,0,-0.00112970188020545,0,-0.00414943510022693
"hpt_v2_topology2_paper","topology2","fault","shallow_lvrt","sag_0p90",0.014,"prefault",1,"",NaN,0.9,0.9,189.282452415957,874.358737834156,0.792830247226205,1.45081037775669,0.0620703742010594,1.09294842229269,-0.0929484222926944,0.207169752773795,0.377812799571982,-0.253610664362851,0.269650884971401,-0.00432183324332665,-0.000346900305536367,-0.00629629573007771,0,1,0,1,0,0,0,0,1,1,-0.193277176468554,-1.76163795034801,0,0.265876053620099,0,-0.0042779236679828,0,-0.000426604543111488,0,-0.00616885436196176
"hpt_v2_topology2_paper","topology2","fault","shallow_lvrt","sag_0p90",0.016,"prefault",1,"",NaN,0.9,0.9,197.716074721292,848.923711732699,0.841468644016547,1.32349183349039,0.0665825101609398,1.06115463966587,-0.0611546396658742,0.158531355983453,0.494691953921515,-0.160585109876153,0.287990556495955,-0.00535830730879048,2.37119614119907e-05,-0.00702755982420222,0,1,0,1,0,0,0,0,1,1,-5,-0.452161062248546,0,0.29003461326811,0,-0.00547278206214804,0,5.02847974951725e-05,0,-0.00697076730490138
"hpt_v2_topology2_paper","topology2","fault","shallow_lvrt","sag_0p90",0.018,"prefault",1,"",NaN,0.9,0.9,209.947634640831,856.75709515518,0.887894494757426,1.26372655419375,0.0533157793654294,1.07094636894397,-0.0709463689439749,0.112105505242574,0.564389070508097,-0.0883420346231248,0.298235842980472,-0.00731699864263974,-0.000203783733325007,-0.00933492843564159,0,1,0,1,0,0,0,0,1,1,-5,1.8751321378534,0,0.300209901041194,0,-0.00747807924927184,0,-0.000143746877821901,0,-0.00929105983711987
"hpt_v2_topology2_paper","topology2","fault","shallow_lvrt","sag_0p90",0.02,"prefault",1,"",NaN,0.9,0.9,212.663259108558,852.726075024533,0.929233937375504,1.18822242793843,0.0217600610758871,1.06590759378067,-0.0659075937806661,0.070766062624496,0.624810255365601,-0.0444693580434766,0.315882762091745,-0.00635826112518621,-1.32801290677018e-05,-0.00949552741483325,0,1,0,1,0,0,0,0,1,1,-1.91947907315426,-0.798267441831424,0,0.314719289673624,0,-0.00644619678340818,0,-1.98893489096251e-05,0,-0.00956247994915079
"hpt_v2_topology2_paper","topology2","fault","shallow_lvrt","sag_0p90",0.022,"prefault",1,"",NaN,0.9,0.9,217.797804688589,856.747847549959,0.964575371931408,1.14148366309597,0.066680000831903,1.07093480943745,-0.0709348094374482,0.0354246280685919,0.650988700362169,0.0131321147364562,0.311136458146434,-0.00799219947783625,0.000241674053116734,-0.00989395449391775,0,1,0,1,0,0,0,0,1,1,5,-2.46893958775152,0,0.313140973872753,0,-0.00780270315408724,0,0.00013969721081338,0,-0.00995498576679126
"hpt_v2_topology2_paper","topology2","fault","shallow_lvrt","sag_0p90",0.024,"prefault",1,"",NaN,0.9,0.9,217.088910150891,861.153907702568,0.991755934266915,1.11414580558427,0.0147744043768099,1.07644238462821,-0.0764423846282105,0.00824406573308523,0.690897770629889,0.0737197512688725,0.33096001211182,-0.00631737076611816,-0.00036329072711097,-0.0105460142289468,0,1,0,1,0,0,0,0,1,1,-3.37731064987201,3.74671112693004,0,0.332033870273914,0,-0.00660213381993315,0,-0.000338783669639055,0,-0.0106924697285645
"hpt_v2_topology2_paper","topology2","fault","shallow_lvrt","sag_0p90",0.026,"prefault",1,"",NaN,0.9,0.9,215.775859452166,854.082148079038,1.01064658642513,1.0441855684057,0.02975028891119,1.0676026850988,-0.0676026850987981,-0.0106465864251313,0.733042657172531,0.105285437577021,0.320126150043204,-0.00821576283400145,-0.00103057798628639,-0.00891916163857997,0,0,0,1,0,0,0,0,1,1,-5,1.28654604155876,-0.212931728502626,0.321069763675865,0,-0.00829986894276268,0,-0.000993619584343244,0,-0.00883583391119106
"hpt_v2_topology2_paper","topology2","fault","shallow_lvrt","sag_0p90",0.028,"prefault",1,"",NaN,0.9,0.9,215.488987371079,859.788156198296,1.02029418061773,1.00571289123419,0.0503790035911938,1.07473519524787,-0.0747351952478694,-0.020294180617727,0.766015637033543,0.145151285522641,0.324471356701021,-0.00944146474102354,-0.00100118476829548,-0.00978959348988062,0,0,0,1,0,0,0,0,1,1,-5,-2.70711061640272,-0.405883612354541,0.324444836428986,0,-0.00948968383239058,0,-0.00108704418786394,0,-0.00967540701403728
"hpt_v2_topology2_paper","topology2","fault","shallow_lvrt","sag_0p90",0.03,"prefault",1,"",NaN,0.9,0.9,214.044325570058,854.250219495902,1.02613785902779,1.0015987385795,0.0481629596685075,1.06781277436988,-0.067812774369878,-0.0261378590277852,0.792917132953296,0.183765065500129,0.320561302187087,-0.00797641309768962,-0.00145605166059183,-0.00782884529826944,0,0,0,1,0,0,0,0,1,1,-5,0.0201665940251505,-0.522757180555704,0.321650949136919,0,-0.00796389226587995,0,-0.00142953358146851,0,-0.0076996686842678
"hpt_v2_topology2_paper","topology2","fault","shallow_lvrt","sag_0p90",0.032,"prefault",1,"",NaN,0.9,0.9,195.281340467526,876.765683010791,1.01677607557184,1.05227217628061,0.0738210670237805,1.09595710376349,-0.0959571037634885,-0.0167760755718374,0.851799436616171,0.235421158582163,0.0842103545912463,-0.0012729518681218,-0.000380851804723212,-0.0011214505581823,0,0,0,1,1,0,0.00351999999999986,0,1.05227217628061,1.05483836724757,-0.595498019409391,3.91949634669042,-0.335521511436747,0.0826324839247037,0,-0.00124556935947305,0,-0.000375280244977427,0,-0.0011002118002654
"hpt_v2_topology2_paper","topology2","fault","shallow_lvrt","sag_0p90",0.034,"prefault",1,"",NaN,0.9,0.9,174.816765741761,936.208991153211,0.969910263580863,0.958700529511306,0.0290487533114862,1.17026123894151,-0.170261238941513,0.0300897364191368,0.902641151795022,0.265927384128216,0.0133158211598097,-0.000196854587893142,-2.44340555142799e-05,-0.000122859699528806,0,0,0,1,0,1,0,0.000599999999999976,1.00432972600087,1.01258356286107,-0.794546076984481,-0.178968519136458,0.6,0.013041661845212,0,-0.000192952127995526,0,-2.34729580822437e-05,0,-0.000119988771082465
"hpt_v2_topology2_paper","topology2","fault","shallow_lvrt","sag_0p90",0.036,"fault",0,"gbt_lvrt_envelope_inst;gbt_vdc_survive_inst",NaN,0.9,0.9,166.759063228847,1010.12833543462,0.918066820054489,0.979795556719045,0.0772925994172133,1.26266041929327,-0.262660419293272,0.081933179945511,0.895002080605389,0.311922241292959,0.00155566965171116,-0.000125351601345992,4.03409804669457e-05,6.5038297759469e-06,0,0,0,1,1,0,0.0115199999999995,0,0.979795556719045,1.04398635474942,-5,-3.00560857286447,0.6,0.00151548770201773,0,-0.000122644228253589,0,4.01334019451445e-05,0,6.67845835061895e-06
"hpt_v2_topology2_paper","topology2","fault","shallow_lvrt","sag_0p90",0.038,"fault",0,"gbt_lvrt_envelope_inst;gbt_vdc_survive_inst",NaN,0.9,0.9,162.921820781185,1060.88340782909,0.877466643637279,0.978690048011318,0.0759873056079477,1.32610425978636,-0.326104259786357,0.122533356362721,0.856560862184819,0.37102730992614,-5.98794979790253e-06,2.64843102807293e-05,4.7400610335876e-05,7.83467601468869e-06,0,0,0,1,1,0,0.0155199999999994,0,0.978690048011318,0.978690048011318,-5,-0.380061558988842,0.6,-7.15873294451134e-06,0,2.60118049527409e-05,0,4.71545297432851e-05,0,7.96001963935348e-06
"hpt_v2_topology2_paper","topology2","fault","shallow_lvrt","sag_0p90",0.04,"fault",0,"gbt_lvrt_envelope_inst;gbt_vdc_survive_inst",NaN,0.9,0.9,160.160678721563,1110.3133172174,0.845864537561898,0.929410824780509,0.0235569493128349,1.38789164652175,-0.387891646521746,0.154135462438102,0.766440601995249,0.408282497991826,-0.000352957641377759,2.1619197688826e-05,2.64415574227479e-05,8.27791597532407e-05,0,0,0,1,0,1,0,0.000279999999999989,0.922633666478535,0.922633666478535,-3.95718083518992,0.830802633643213,0.6,-0.000346027792981441,0,2.11306530516879e-05,0,2.65063105184369e-05,0,8.13564544832219e-05
"hpt_v2_topology2_paper","topology2","fault","shallow_lvrt","sag_0p90",0.042,"fault",0,"gbt_lvrt_envelope_inst;gbt_vdc_survive_inst",NaN,0.9,0.9,161.913027029478,1136.25002511813,0.821952474760914,0.915821884112159,0.0127732718921017,1.42031253139767,-0.420312531397666,0.178047525239086,0.640024341464524,0.459242371602116,-0.000289200818882744,7.3649670496465e-05,0.000125430080796014,3.01543846426255e-05,1,0,0,1,1,0,0.023519999999999,0,0.915821884112159,0.915821884112159,-5,-2.9678328983751,0.6,-0.000280133617994511,0,7.25699438319355e-05,0,0.000123727571725687,0,2.96792444708222e-05
"hpt_v2_topology2_paper","topology2","fault","shallow_lvrt","sag_0p90",0.044,"fault",0,"gbt_lvrt_envelope_inst;gbt_vdc_survive_inst",NaN,0.9,0.9,168.879446784075,1121.27223679531,0.812518442496163,0.9630775271558,0.0535079528210373,1.40159029599414,-0.401590295994142,0.187481557503837,0.543072592246434,0.525962161920121,-0.000288404979143351,8.7110400702014e-05,4.55006819028018e-05,0.000110528423363669,0,0,0,1,0,1,0,0,0.997118191006249,1.0044260012067,-5,-0.873456662443095,0.6,-0.000279635841211546,0,8.54984329158562e-05,0,4.51955527369475e-05,0,0.000108565576806954
"hpt_v2_topology2_paper","topology2","fault","shallow_lvrt","sag_0p90",0.046,"fault",0,"gbt_lvrt_envelope_inst;gbt_vdc_survive_inst",NaN,0.9,0.9,180.183753322352,1103.85288755034,0.823898800202066,0.981772114630203,0.0845583062142681,1.37981610943793,-0.379816109437928,0.176101199797934,0.460261850717892,0.57099451060409,-0.000432758872697927,5.51088708754814e-05,-1.86336426175035e-05,0.000112480747753746,0,0,0,1,1,0,0.0315199999999987,0,0.981772114630203,1.00128719342747,-5,-0.177736985876864,0.6,-0.000422368975264568,0,5.39913452821615e-05,0,-1.76363367620456e-05,0,0.000110462058259531
"hpt_v2_topology2_paper","topology2","fault","shallow_lvrt","sag_0p90",0.048,"fault",0,"gbt_lvrt_envelope_inst;gbt_vdc_survive_inst",NaN,0.9,0.9,185.116013555151,1093.66982509014,0.84342937165138,0.986258917284934,0.0588060083641576,1.36708728136267,-0.367087281362672,0.15657062834862,0.393088976314872,0.572520924279291,-0.000583395783495004,6.71437855100744e-05,-4.99445636217529e-05,0.000168158497874212,0,0,0,1,0,1,0,3.99999999999984e-05,1.00297510558003,1.06353788992374,-5,-2.90473505880651,0.6,-0.000591676692818498,0,6.5936964276147e-05,0,-4.83930881392549e-05,0,0.000165308552366382
"hpt_v2_topology2_paper","topology2","fault","shallow_lvrt","sag_0p90",0.05,"fault",0,"gbt_lvrt_envelope_inst;gbt_vdc_survive_inst",NaN,0.9,0.9,183.426663261034,1070.8848623839,0.859943317874433,1.04052363363579,0.0302382187997274,1.33860607797988,-0.338606077979876,0.140056682125567,0.301379026203708,0.573358390718646,-0.000517946373198219,3.6580985475131e-05,-9.64078392497565e-06,6.3428847288139e-05,0,0,0,1,0,1,0,0,1.08006213779107,1.08006213779107,-5,-1.01511416119138,0.6,-0.000512437311080429,0,3.59320242448718e-05,0,-8.95209781819744e-06,0,6.24651461588288e-05
"hpt_v2_topology2_paper","topology2","fault","shallow_lvrt","sag_0p90",0.052,"fault",0,"gbt_lvrt_envelope_inst;gbt_vdc_survive_inst",NaN,0.9,0.9,181.291801367753,1032.01039765332,0.86654926945424,1.05439926988512,0.0231089113557727,1.29001299706665,-0.290012997066647,0.13345073054576,0.230602163834561,0.574792314323793,-0.000413891544708749,1.1336888064911e-05,1.05557871756971e-05,3.15023138883089e-05,0,0,0,1,0,1,0,0.00023999999999999,1.09956370378745,1.09956370378745,-5,-0.54895881594641,0.6,-0.000411449681505677,0,1.11411053916812e-05,0,1.07699366787518e-05,0,3.11470734570234e-05
"hpt_v2_topology2_paper","topology2","fault","shallow_lvrt","sag_0p90",0.054,"fault",1,"",NaN,0.9,0.9,187.073841640249,984.716607149101,0.87164783175757,1.05658183738479,0.0581746360165657,1.23089575893638,-0.230895758936376,0.12835216824243,0.197196022654227,0.608312892759109,-0.000159642183405875,2.53691461968144e-05,-2.2669523362733e-06,1.90886464915344e-05,0,0,0,1,0,1,0,0,1.06676147069274,1.12887968802922,-5,-2.68394017806806,0.6,-0.000167860718111809,0,2.29552971468311e-05,0,-1.80220711108547e-06,0,2.04034046079018e-05
"hpt_v2_topology2_paper","topology2","fault","shallow_lvrt","sag_0p90",0.056,"fault",1,"",NaN,0.9,0.9,192.602810551081,947.278817723197,0.88819012280545,1.09488382066597,0.0234404390928509,1.184098522154,-0.184098522153997,0.11180987719455,0.199997211780594,0.638131397279513,0.000500998859524755,5.69087270851463e-05,-1.60840294512006e-05,1.63174401953872e-05,0,1,0,1,1,0,0.0515199999999979,0,1.08461922495588,1.13028586524843,-5,-0.677848575390216,0,0.000468515908188926,0,5.58786079011715e-05,0,-1.54654775446966e-05,0,1.6331109486799e-05
"hpt_v2_topology2_paper","topology2","fault","shallow_lvrt","sag_0p90",0.058,"fault",1,"",NaN,0.9,0.9,191.327590022312,933.378201205061,0.902533321212085,1.102570462032,0.0249521989182481,1.16672275150633,-0.166722751506326,0.0974666787879153,0.236298814146345,0.636322268941836,0.00315858186247097,8.14949599335505e-05,-4.07852246109373e-05,3.27726526799275e-05,0,1,0,1,1,0,0.0555199999999977,0,1.08149891426076,1.10712438443888,0.828229894716426,0.891051371729734,0,0.00309342612771526,0,7.98722393574981e-05,0,-3.96292307892684e-05,0,3.24197495066334e-05
"hpt_v2_topology2_paper","topology2","fault","shallow_lvrt","sag_0p90",0.06,"fault",1,"",NaN,0.9,0.9,187.496706818113,946.815999942798,0.903590986580831,1.08723839348041,0.0408025741723726,1.1835199999285,-0.183519999928497,0.0964090134191687,0.249295008168422,0.59606011113299,0.000962802342263993,6.75531787934031e-05,-1.94234226687748e-05,1.72141400117975e-05,0,1,0,1,1,0,0.0595199999999976,0,1.08723839348041,1.14013674089934,-3.49966537665147,-2.68993284137298,0,0.000914211227156187,0,6.61241588235771e-05,0,-1.8593201385179e-05,0,1.74378875654151e-05
"hpt_v2_topology2_paper","topology2","fault","shallow_lvrt","sag_0p90",0.062,"fault",0,"gbt_lvrt_envelope_inst",NaN,0.9,0.9,184.080285906363,939.748800294449,0.900229013834296,1.10000167224507,0.0688042268445728,1.17468600036806,-0.174686000368061,0.0997709861657038,0.217892994039936,0.588084955543009,0.00115267100856465,4.34436996495482e-05,-1.11407520496002e-05,1.99184450503494e-05,0,1,0,1,1,0,0.0635199999999974,0,1.08062784190116,1.13429610153516,-1.54797307149424,-0.610664805847039,0,0.00111784082953709,0,4.2462171958576e-05,0,-1.04911052982343e-05,0,1.98307854861596e-05
"hpt_v2_topology2_paper","topology2","fault","shallow_lvrt","sag_0p90",0.064,"fault",1,"",NaN,0.9,0.9,187.47739890155,912.77121076727,0.898097871351775,1.11340070961112,0.0395436817182735,1.14096401345909,-0.140964013459087,0.101902128648225,0.202865348999773,0.621472232922866,0.00410746899158881,7.07382384224251e-05,-3.26049294581925e-05,3.06101456378404e-05,0,1,0,1,1,0,0.0675199999999983,0,1.08017102699715,1.11340070961112,1.85544011556038,1.65880678476449,0,0.00402351571303952,0,6.93102001078655e-05,0,-3.16611257199284e-05,0,3.02884500798712e-05
"hpt_v2_topology2_paper","topology2","fault","shallow_lvrt","sag_0p90",0.066,"fault",1,"",NaN,0.9,0.9,192.205391781535,914.070292446858,0.902536465125298,1.09480958526603,0.0474586869000364,1.14258786555857,-0.142587865558573,0.0974635348747018,0.24942565774582,0.613086531507419,0.00229860120020474,6.89804976543135e-05,-2.09157848614154e-05,1.68154171214159e-05,0,1,0,1,1,0,0.0715199999999995,0,1.09001479758988,1.12451412652167,4.7947876761576,-1.52573640036313,0,0.00224947643838711,0,6.79508244538111e-05,0,-2.03453570820169e-05,0,1.65688238503839e-05
"hpt_v2_topology2_paper","topology2","fault","shallow_lvrt","sag_0p90",0.068,"fault",1,"",NaN,0.9,0.9,193.876356092894,928.120528715851,0.912793840561839,1.1026981617451,0.0322004095796584,1.16015066089481,-0.160150660894814,0.0872061594381612,0.252569275824156,0.591116411846731,0.00228653949752479,5.43419331113475e-05,-2.14045575093116e-05,2.6615634590741e-05,0,1,0,1,1,0,0.0755200000000008,0,1.088123033915,1.13588992480335,-1.34076488633328,-2.76252329024063,0,0.00222275587724379,0,5.33179455880161e-05,0,-2.04632684069177e-05,0,2.65072198348168e-05
"hpt_v2_topology2_paper","topology2","fault","shallow_lvrt","sag_0p90",0.07,"fault",1,"",NaN,0.9,0.9,188.266507479428,931.09646659447,0.913824388185801,1.11506474490055,0.0182682208286764,1.16387058324309,-0.163870583243088,0.0861756118141986,0.234097078188808,0.57086322070167,0.00230962254312999,0.000102539784426131,-4.15340526502174e-05,2.1229218319097e-05,0,1,0,1,1,0,0.079520000000002,0,1.08987888650322,1.11506474490055,2.29530751093154,2.50737475745866,0,0.00226037703544688,0,0.000100438935281692,0,-4.04384453026555e-05,0,2.11125961077146e-05
"hpt_v2_topology2_paper","topology2","fault","shallow_lvrt","sag_0p90",0.072,"fault",0,"gbt_lvrt_envelope_inst",NaN,0.9,0.9,181.375362723693,917.686185641831,0.904471628062689,1.10096572237154,0.0424282628207516,1.14710773205229,-0.147107732052288,0.0955283719373106,0.237164572259016,0.560330390180523,0.00294448662217368,7.3049702752435e-05,-2.74185401310481e-05,1.50261793026059e-05,0,1,0,1,1,0,0.0835200000000032,0,1.07852955760337,1.1207911824151,-0.232025218038112,-0.418848161747309,0,0.00288195443787592,0,7.15970942919517e-05,0,-2.64531321223919e-05,0,1.49401383771259e-05
"hpt_v2_topology2_paper","topology2","fault","shallow_lvrt","sag_0p90",0.074,"fault",1,"",NaN,0.9,0.9,188.755890502958,912.796319745432,0.899088017034422,1.06669394565405,0.0421564654872289,1.14099539968179,-0.140995399681791,0.100911982965578,0.21911940062814,0.556416855965993,0.00330030794071899,6.09420688582963e-05,-2.33515641601797e-05,2.46252384462938e-05,0,0,0,1,0,1,0,0,1.08352000605492,1.13237529974563,-5,-2.4758540688079,0.6,0.00327039658924211,0,5.74456586878119e-05,0,-2.34168770767334e-05,0,2.65446361481038e-05
"hpt_v2_topology2_paper","topology2","fault","shallow_lvrt","sag_0p90",0.076,"fault",1,"",NaN,0.9,0.9,194.84075340029,900.191710423218,0.907369705570898,1.11462146306535,0.0417379970725666,1.12523963802902,-0.125239638029023,0.0926302944291022,0.217974115319882,0.571713395672796,0.00346524497118365,6.68523718986102e-05,-2.53413684835578e-05,8.34431142103399e-06,0,1,0,1,1,0,0.0915200000000057,0,1.09785682372839,1.11462146306535,2.11469001829778,3.02614686167146,0,0.00339615589718648,0,6.53961106011895e-05,0,-2.46001063631701e-05,0,8.45057969078709e-06
"hpt_v2_topology2_paper","topology2","fault","shallow_lvrt","sag_0p90",0.078,"fault",1,"",NaN,0.9,0.9,190.971850574605,891.704873073265,0.916190030898633,1.10751721836407,0.0200582567450082,1.11463109134158,-0.114631091341582,0.0838099691013673,0.254602305531926,0.567585437002395,0.00786485202265052,9.65927649239192e-05,-4.74502420739194e-05,1.88090838628108e-05,0,1,0,1,1,0,0.0955200000000069,0,1.08522758126728,1.11799435607358,0.237304686311779,0.726611529815457,0,0.00770660135412071,0,9.45835963163616e-05,0,-4.61591989029838e-05,0,1.8706000974933e-05
"hpt_v2_topology2_paper","topology2","fault","shallow_lvrt","sag_0p90",0.08,"fault",1,"",NaN,0.9,0.9,187.731487076447,910.718098035629,0.913665490066954,1.08569205456678,0.0353088503386072,1.13839762254454,-0.138397622544536,0.0863345099330458,0.253755840837577,0.516162504857731,0.0034181700953413,8.71410589998686e-05,-3.16535101902677e-05,8.41804946942787e-06,0,1,0,1,1,0,0.0995200000000081,0,1.08569205456678,1.12893849218134,-2.15158306629748,-2.62158682205338,0,0.0033261133529654,0,8.54293679040017e-05,0,-3.05291925187314e-05,0,8.73290475513715e-06
"hpt_v2_topology2_paper","topology2","fault","shallow_lvrt","sag_0p90",0.082,"fault",1,"",NaN,0.9,0.9,186.527577426857,900.42998762962,0.908544299763207,1.12642102611132,0.0358985452439442,1.12553748453702,-0.125537484537025,0.0914557002367933,0.200987765359849,0.511390159851967,0.00311491493865394,6.77166050352175e-05,-2.70179743719747e-05,7.79581986049682e-06,0,1,0,1,1,0,0.103520000000009,0,1.08953057978961,1.12724551304996,5,2.91466954282282,0,0.00375414966357503,0,8.87879661104824e-05,0,-3.70927407731486e-05,0,6.65867940516382e-06
"hpt_v2_topology2_paper","topology2","fault","shallow_lvrt","sag_0p90",0.084,"fault",1,"",NaN,0.9,0.9,188.718193711038,865.764975918337,0.906236407336824,1.11561414560342,0.0445734596723398,1.08220621989792,-0.0822062198979208,0.0937635926631762,0.188744760425232,0.544415740585185,0.0082779996287325,6.70776730684911e-05,-4.23276032027727e-05,6.83145208423783e-06,0,1,0,1,1,0,0.107520000000011,0,1.09097636190453,1.11561414560342,1.52430112614921,1.01317098415699,0,0.00811243900531517,0,6.57049343078272e-05,0,-4.12108340152647e-05,0,6.93650181646653e-06
"hpt_v2_topology2_paper","topology2","fault","shallow_lvrt","sag_0p90",0.086,"fault",1,"",NaN,0.9,0.9,192.038758327688,863.639035669506,0.909230732505031,1.09602902870041,0.0471614092159458,1.07954879458688,-0.0795487945868831,0.0907692674949694,0.244381103478385,0.545243770991626,0.00919419645382284,0.000175081518038939,-0.000102310724820525,-9.83829934332372e-06,0,1,0,1,1,0,0.111520000000012,0,1.09602902870041,1.13131841852124,-5,-1.79455936119255,0,0.00899618387012576,0,0.000171327923978469,0,-0.000100659102220361,0,-6.37302523772944e-06
"hpt_v2_topology2_paper","topology2","fault","shallow_lvrt","sag_0p90",0.088,"fault",1,"",NaN,0.9,0.9,194.570043544278,878.574315768661,0.917766564025424,1.09955445438737,0.0260872478131438,1.09821789471083,-0.0982178947108259,0.0822334359745758,0.252851570809855,0.514128951672988,0.00596932812273837,7.32901268259626e-05,-3.5567526657256e-05,6.52266790621286e-06,0,1,0,1,1,0,0.115520000000013,0,1.0960482142827,1.12849225912117,-0.393106591110692,-1.30468080744439,0,0.00589064580793383,0,7.1685676343175e-05,0,-3.46675265206678e-05,0,6.01361141873238e-06
"hpt_v2_topology2_paper","topology2","fault","shallow_lvrt","sag_0p90",0.09,"fault",1,"",NaN,0.9,0.9,189.242480445231,881.746604463877,0.919810826218913,1.11806830831449,0.0230498239148517,1.10218325557985,-0.102183255579847,0.0801891737810871,0.227228175881027,0.485901258568654,0.00538479526715232,8.17422252248465e-05,-3.78838783032411e-05,-7.48525161859058e-06,0,1,0,1,1,0,0.119520000000014,0,1.07551560673924,1.11806830831449,1.44712731648355,1.84419988385942,0,0.00527822567550254,0,8.00189662857671e-05,0,-3.68636100957163e-05,0,-7.082104047412e-06
"hpt_v2_topology2_paper","topology2","fault","shallow_lvrt","sag_0p90",0.092,"fault",0,"gbt_lvrt_envelope_inst",NaN,0.9,0.9,183.166168699823,861.886898405412,0.910879268301132,1.09365783710002,0.00851118696848122,1.07735862300676,-0.0773586230067647,0.0891207316988682,0.222362879071871,0.483009232322924,0.00801864615151736,0.000119632330801533,-6.17351252356049e-05,-3.15356250449904e-05,0,1,0,1,1,0,0.123520000000015,0,1.08329230983848,1.12486029232539,-5,-0.861659194862918,0,0.00783296014726422,0,0.000117870589337606,0,-6.07564737548585e-05,0,-3.00320782899842e-05
"hpt_v2_topology2_paper","topology2","fault","shallow_lvrt","sag_0p90",0.094,"fault",1,"",NaN,0.9,0.9,189.750455863121,854.659727518766,0.907042235596183,1.0731537149413,0.0367742291243872,1.06832465939846,-0.0683246593984579,0.0929577644038168,0.199228804985393,0.494097465035987,0.00836541432776031,9.56029843309686e-05,-7.04348161178258e-05,-1.55351581386837e-05,0,0,0,1,0,1,0,0,1.10280836335197,1.13913488312675,-5,-2.40724027540207,0.6,0.00832553636935597,0,9.09285778815302e-05,0,-6.91261971418437e-05,0,-1.29425053638948e-05
"hpt_v2_topology2_paper","topology2","fault","shallow_lvrt","sag_0p90",0.096,"recovery",1,"",NaN,0.9,0.9,197.43490044863,859.977931340421,0.915386775971922,1.14025866104478,0.0574594202743281,1.07497241417553,-0.0749724141755259,0.0846132240280777,0.216356036461102,0.5072903275601,0.00921659200846765,0.000133618567551279,-9.06703019283923e-05,-3.09643602335591e-05,0,1,0,1,1,0,0.131520000000018,0,1.0984737813647,1.14025866104478,1.93939484111949,2.42518488424293,0,0.00903362644288539,0,0.00013087407495228,0,-8.86484644383816e-05,0,-3.02152249100262e-05
"hpt_v2_topology2_paper","topology2","fault","shallow_lvrt","sag_0p90",0.098,"recovery",1,"",NaN,0.9,0.9,199.374131617747,858.530158425203,0.92963108348872,1.14212111189861,0.0460017685821305,1.0731626980315,-0.0731626980315034,0.0703689165112803,0.258994856560802,0.509416977142247,0.0134876673219769,0.000124000277786288,-8.509540293805e-05,-3.26922193012652e-05,0,1,0,1,1,0,0.135520000000019,0,1.11579751366942,1.15095842351692,0.442691479651813,0.257374147721645,0,0.0132252955337276,0,0.000121422200697319,0,-8.31139752525243e-05,0,-3.20118898901668e-05
"hpt_v2_topology2_paper","topology2","fault","shallow_lvrt","sag_0p90",0.1,"recovery",1,"",NaN,0.9,0.9,202.887236700565,880.439584537786,0.941896854057625,1.17004623563715,0.0350329711737149,1.10054948067223,-0.100549480672233,0.0581031459423753,0.270755928124747,0.467220601181544,0.00523213264639441,7.05492513573435e-05,-3.75602775522997e-05,-7.43806077441253e-06,0,1,0,1,1,0,0.13952000000002,0,1.09497928219659,1.18828247380435,5,-2.78067363618439,0,0.0051723133419055,0,6.8728757448361e-05,0,-3.52240529818282e-05,0,-7.48801955936591e-06
"hpt_v2_topology2_paper","topology2","fault","shallow_lvrt","sag_0p90",0.102,"recovery",1,"",NaN,0.9,0.9,203.072865766415,882.952267122544,0.954489156826487,1.16571731457949,0.0245312913869285,1.10369033390318,-0.10369033390318,0.0455108431735133,0.255169829128138,0.451009719475176,0.00561408471253885,8.57391713092145e-05,-4.46272990356092e-05,-1.14086103084044e-05,0,1,0,1,1,0,0.143520000000022,0,1.09497928219659,1.20226189223714,-5,-0.740638844155539,0,0.00547022446480566,0,8.41600433475917e-05,0,-4.35236193272315e-05,0,-1.06826240344328e-05
"hpt_v2_topology2_paper","topology2","fault","shallow_lvrt","sag_0p90",0.104,"recovery",1,"",NaN,0.9,0.9,201.718717098824,872.974141391201,0.961873862118183,1.18973544449647,0.0124635611604113,1.091217676739,-0.0912176767390012,0.0381261378818171,0.248097122555378,0.448005648317386,0.00744000933353688,7.50410108357238e-05,-3.66621965981711e-05,-8.11256609757944e-06,0,1,0,1,1,0,0.147520000000023,0,1.09497928219659,1.2028422192676,1.12019298031307,0.880700381827859,0,0.00729082364093581,0,7.35221299211143e-05,0,-3.55938433301717e-05,0,-7.69278233551235e-06
"hpt_v2_topology2_paper","topology2","fault","shallow_lvrt","sag_0p90",0.106,"recovery",1,"",NaN,0.9,0.9,202.179314913851,871.274335556231,0.964997621931096,1.16756550833013,0.0212212411351516,1.08909291944529,-0.089092919445289,0.0350023780689045,0.245927914609303,0.423504737800398,0.00738548221896256,0.000118278892481605,-5.85740106304421e-05,-2.42806981539633e-05,0,1,0,1,1,0,0.151520000000024,0,1.09497928219659,1.21449989206073,-5,-1.87808581518811,0,0.00725108911591389,0,0.000115754108926625,0,-5.81102064236199e-05,0,-2.03707294072807e-05
"hpt_v2_topology2_paper","topology2","fault","shallow_lvrt","sag_0p90",0.108,"recovery",1,"",NaN,0.9,0.9,202.133377225731,854.113917280663,0.969168670307822,1.17142372922284,0.0311588420185828,1.06764239660083,-0.0676423966008284,0.0308313296921784,0.230731720428969,0.432348261856847,0.0088937743485735,7.35389088373535e-05,-4.24405775322344e-05,-3.59340707006659e-05,0,1,0,1,1,0,0.155520000000025,0,1.09497928219659,1.21723555260842,-0.890951475613244,-0.70950794414526,0,0.00879226986120859,0,7.19406759421582e-05,0,-4.26407584100571e-05,0,-3.7503213613669e-05
"hpt_v2_topology2_paper","topology2","fault","shallow_lvrt","sag_0p90",0.11,"recovery",1,"",NaN,0.9,0.9,202.827769633242,858.090197160137,0.971095008909369,1.19082456734146,0.00423194981724451,1.07261274645017,-0.0726127464501709,0.0289049910906313,0.223971784924625,0.431459725366006,0.0132034587128467,0.000100889771701702,-8.58437789548061e-05,-4.94649635008402e-05,0,1,0,1,1,0,0.159520000000026,0,1.09497928219659,1.21723555260842,1.40738628909487,1.2995138494265,0,0.0129376545434146,0,9.88352735926934e-05,0,-8.38501722034104e-05,0,-4.82477672977674e-05
"hpt_v2_topology2_paper","topology2","fault","shallow_lvrt","sag_0p90",0.112,"recovery",1,"",NaN,0.9,0.9,201.378396705767,854.079388449514,0.971200584333317,1.16936937926905,0.0242695568439368,1.06759923556189,-0.0675992355618924,0.0287994156666825,0.240862456011476,0.415270653365407,0.0154299057274161,0.00014467194019092,-0.000105830988650825,-7.52045697032265e-05,0,1,0,1,1,0,0.163520000000028,0,1.09497928219659,1.21723555260842,-5,-1.0557183202855,0,0.0151620951236226,0,0.000143059300174184,0,-0.000105387190062095,0,-7.13333334267483e-05
"hpt_v2_topology2_paper","topology2","fault","shallow_lvrt","sag_0p90",0.114,"recovery",1,"",NaN,0.9,0.9,203.820312175321,854.976510344617,0.974044608427201,1.17986416912827,0.0214065280487601,1.06872063793077,-0.0687206379307717,0.0259553915727989,0.218656433582345,0.402284149157916,0.0118644271319998,8.39891865046366e-05,-6.98047325902874e-05,-3.29172404160367e-05,0,1,0,1,1,0,0.167520000000029,0,1.09497928219659,1.21723555260842,-1.51222991712685,-2.33359495871488,0,0.0117063808103332,0,8.10191720611572e-05,0,-6.80187221250825e-05,0,-3.35011932237513e-05
"hpt_v2_topology2_paper","topology2","fault","shallow_lvrt","sag_0p90",0.116,"recovery",1,"",NaN,0.9,0.9,204.69179898526,857.186660714081,0.976821033127294,1.20224390455394,0.0123371048319612,1.0714833258926,-0.0714833258926015,0.0231789668727059,0.199535234527203,0.40918919133523,0.0153174830312837,0.000100866136778379,-9.36091018590206e-05,-6.46385105740485e-05,0,1,0,1,1,0,0.17152000000003,0,1.09497928219659,1.21723555260842,1.16499001744552,1.53705601960397,0,0.0150086505907078,0,9.8776236379692e-05,0,-9.1483403002676e-05,0,-6.31498723018058e-05
"hpt_v2_topology2_paper","topology2","fault","shallow_lvrt","sag_0p90",0.118,"recovery",1,"",NaN,0.9,0.9,201.578974042025,850.245012897417,0.977222449328584,1.19282887004931,0.020393183806097,1.06280626612177,-0.0628062661217719,0.0227775506714161,0.219516587807336,0.401231636558258,0.0180052528092151,0.000112551484370269,-0.000104246330491608,-7.10515603178441e-05,0,1,0,1,1,0,0.175520000000031,0,1.09497928219659,1.21723555260842,-0.710242348050505,-0.449362025864985,0,0.0177932849262769,0,0.000110336194341414,0,-0.000104114859845118,0,-7.3170091316893e-05
"hpt_v2_topology2_paper","topology2","fault","shallow_lvrt","sag_0p90",0.12,"recovery",1,"",NaN,0.9,0.9,204.273165686772,853.761334831635,0.977514920356867,1.15875827284496,0.00909957230444285,1.06720166853954,-0.0672016685395436,0.0224850796431326,0.207107851588146,0.390163605021663,0.0163560474121338,0.000108240722027004,-0.000117800550978617,-5.69096010966754e-05,0,1,0,1,1,0,0.179520000000033,0,1.09497928219659,1.21816133172978,-5,-2.14953755417513,0,0.01644550422134,0,0.000105187238156869,0,-0.000118217874841702,0,-5.36213157634846e-05
"hpt_v2_topology2_paper","topology2","fault","shallow_lvrt","sag_0p90",0.122,"recovery",1,"",NaN,0.9,0.9,204.857643987497,855.235959158853,0.980787754341745,1.17845548445984,0.0211347080321652,1.06904494894857,-0.0690449489485658,0.0192122456582545,0.189504914374043,0.391813212832916,0.0203086456237408,0.00012535746136841,-0.000122366609179681,-8.57049478515419e-05,0,1,0,1,1,0,0.183520000000034,0,1.09497928219659,1.22169967744234,-5,-0.93010780565006,0,0.0200262787657349,0,0.000123462303903251,0,-0.000121361873686088,0,-8.12469623960558e-05
"hpt_v2_topology2_paper","topology2","fault","shallow_lvrt","sag_0p90",0.124,"recovery",1,"",NaN,0.9,0.9,202.716247164416,852.245068534217,0.982318727841134,1.20489095338337,0.0106435630970651,1.06530633566777,-0.065306335667771,0.0176812721588658,0.198454790796812,0.407042754463481,0.025032703610918,0.000136775183978646,-0.000139638632791124,-6.51888467869986e-05,0,1,0,1,1,0,0.187520000000035,0,1.09497928219659,1.22169967744234,0.25864885935345,0.0573000410284408,0,0.0246771902801566,0,0.000135585239884876,0,-0.000138430738451298,0,-6.6444570633987e-05
"hpt_v2_topology2_paper","topology2","fault","shallow_lvrt","sag_0p90",0.126,"recovery",1,"",NaN,0.9,0.9,204.840976217181,857.225402885644,0.980519189693706,1.18475990307967,0.0274057442539515,1.07153175360705,-0.071531753607055,0.0194808103062942,0.205392255083288,0.386462488437353,0.0188829960900778,0.000106707788970621,-0.000128694476598265,-6.46151216635965e-05,0,1,0,1,1,0,0.191520000000035,0,1.09497928219659,1.22529069515393,-5,-2.39111491652211,0,0.0192283233374427,0,0.000104399551027636,0,-0.000128159406412693,0,-6.04621770793476e-05
"hpt_v2_topology2_paper","topology2","fault","shallow_lvrt","sag_0p90",0.128,"recovery",1,"",NaN,0.9,0.9,205.376966379588,852.473802912848,0.984445121548829,1.19020861604046,0.031085905657614,1.06559225364106,-0.0655922536410605,0.015554878451171,0.190504610200155,0.387705871091897,0.021944305173744,9.43018778341477e-05,-0.000112035122658135,-7.41227832063253e-05,0,1,0,1,1,0,0.195520000000033,0,1.09497928219659,1.23262123590697,-1.73382880419504,-0.86828338844569,0,0.0218275249867535,0,9.23375579859179e-05,0,-0.000111195425866549,0,-7.52642787855423e-05
"hpt_v2_topology2_paper","topology2","fault","shallow_lvrt","sag_0p90",0.13,"recovery",1,"",NaN,0.9,0.9,204.651542129014,854.573933536402,0.985349853665548,1.2091603369235,0.015196918199065,1.0682174169205,-0.0682174169205028,0.0146501463344524,0.191945051922097,0.396660921520092,0.0262847075068997,0.000121054574484872,-0.00015035959897689,-5.86352111968083e-05,0,1,0,1,1,0,0.199520000000032,0,1.09497928219659,1.23262123590697,1.43402963498152,0.637314726728677,0,0.0258996383269733,0,0.000121050056020389,0,-0.000148827756539811,0,-5.74863881564495e-05
"hpt_v2_topology2_paper","topology2","fault","shallow_lvrt","sag_0p90",0.132,"recovery",1,"",NaN,0.9,0.9,204.237932760245,852.860508241511,0.983467477714876,1.19307210893035,0.0218392491686708,1.06607563530189,-0.066075635301889,0.0165325222851236,0.208869185950187,0.381790744794373,0.0238579714553322,0.000112457408818679,-0.000133147116205981,-7.01073747596915e-05,0,1,0,1,1,0,0.20352000000003,0,1.09497928219659,1.23262123590697,-5,-1.58190981636341,0,0.0236173955331073,0,0.000109122174830207,0,-0.000131459196822858,0,-6.56402832200668e-05
"hpt_v2_topology2_paper","topology2","fault","shallow_lvrt","sag_0p90",0.134,"recovery",1,"",NaN,0.9,0.9,207.066717202184,849.223983108725,0.987016399090804,1.20048975602254,0.0220330165241456,1.06152997888591,-0.0615299788859061,0.0129836009091963,0.180186511074174,0.360367170678499,0.0241852118507564,0.000117537841357256,-0.000122585906818899,-5.45192775645036e-05,0,1,0,1,1,0,0.207520000000029,0,1.09497928219659,1.23262123590697,-5,-2.35351169145859,0,0.0246328447240335,0,0.00011634243760263,0,-0.000122436788764361,0,-5.05378768448332e-05
"hpt_v2_topology2_paper","topology2","fault","shallow_lvrt","sag_0p90",0.136,"recovery",1,"",NaN,0.9,0.9,206.769040551175,854.629654436352,0.989260511589884,1.21330398015959,0.0171244927940908,1.06828706804544,-0.0682870680454395,0.010739488410116,0.16689777577745,0.369843631853305,0.0297355513919829,9.72870095456982e-05,-0.00014620595086809,-7.08047400987369e-05,0,1,0,1,1,0,0.211520000000027,0,1.09497928219659,1.23262123590697,2.23247971245333,0.89845183957582,0,0.0296146352213573,0,9.88174475808471e-05,0,-0.000147042840500949,0,-7.05110636423381e-05
"hpt_v2_topology2_paper","topology2","fault","shallow_lvrt","sag_0p90",0.138,"recovery",1,"",NaN,0.9,0.9,204.592818159833,849.83674343583,0.988638350586466,1.1931091442051,0.0243873726325376,1.06229592929479,-0.0622959292947876,0.0113616494135345,0.18215690522061,0.369705753544328,0.0311558006632461,9.39692860456753e-05,-0.000148862888149623,-5.76703584762688e-05,0,1,0,1,1,0,0.215520000000026,0,1.09497928219659,1.23262123590697,-5,0.320175231748543,0,0.0307991900049512,0,9.06760909203704e-05,0,-0.000146181034843124,0,-5.86320075848126e-05
"hpt_v2_topology2_paper","topology2","fault","shallow_lvrt","sag_0p90",0.14,"recovery",1,"",NaN,0.9,0.9,206.144480259395,848.590352779644,0.989423657914673,1.16844868167123,0.00873976562304607,1.06073794097455,-0.0607379409745548,0.0105763420853268,0.171503174450954,0.365988895220299,0.0319921768134406,0.000121879988081105,-0.000149445884086028,-5.15586969224735e-05,0,1,0,1,1,0,0.219520000000024,0,1.09497928219659,1.23298281553261,-5,-2.22037593662527,0,0.0324247823463476,0,0.000119590472233745,0,-0.00014805524585007,0,-4.73562019741657e-05
"hpt_v2_topology2_paper","topology2","fault","shallow_lvrt","sag_0p90",0.142,"recovery",1,"",NaN,0.9,0.9,207.36284300812,855.515004754894,0.991100047532724,1.22172083910932,0.0165484832316619,1.06939375594362,-0.069393755943618,0.00889995246727582,0.157824679061878,0.365636338943477,0.030433890464069,7.3842199103517e-05,-0.000124327122952108,-7.14554292231461e-05,0,1,0,1,1,0,0.223520000000022,0,1.09497928219659,1.23616637743634,1.84937501258209,1.25312628612884,0,0.0300259582284311,0,7.43918216244379e-05,0,-0.000125305667571726,0,-7.04649234450751e-05
"hpt_v2_topology2_paper","topology2","fault","shallow_lvrt","sag_0p90",0.144,"recovery",1,"",NaN,0.9,0.9,205.955190722628,849.660747496666,0.99288498125139,1.21251451974384,0.0118209221677667,1.06207593437083,-0.0620759343708328,0.00711501874861031,0.162393226494642,0.365413693177889,0.0335951912795224,7.79086430844818e-05,-0.000138255651058048,-4.66660986336403e-05,0,1,0,1,1,0,0.227520000000021,0,1.09497928219659,1.23616637743634,0.741902555009499,-0.521588327488498,0,0.0336006578397214,0,7.65836892860714e-05,0,-0.000139600585074389,0,-4.48961791216921e-05
"hpt_v2_topology2_paper","topology2","fault","shallow_lvrt","sag_0p90",0.146,"recovery",1,"",NaN,0.9,0.9,206.469934390622,851.527954501668,0.992163275718247,1.16911150686349,0.0152087723091272,1.06440994312709,-0.0644099431270855,0.00783672428175297,0.16371887875189,0.348348346334418,0.0329820540932328,8.50845230379155e-05,-0.000128118414098018,-5.46521333144007e-05,0,1,0,1,1,0,0.231520000000019,0,1.09497928219659,1.23616637743634,-5,-2.04813657900416,0,0.0333402564410518,0,8.17289991322715e-05,0,-0.000126641095898294,0,-5.05253402882861e-05
"hpt_v2_topology2_paper","topology2","fault","shallow_lvrt","sag_0p90",0.148,"recovery",1,"",NaN,0.9,0.9,207.612204260149,852.436998393611,0.994607963398166,1.20267281320973,0.0244512186239809,1.06554624799201,-0.0655462479920137,0.00539203660183385,0.146500479148453,0.354568035590197,0.0333506112508063,7.73950713555881e-05,-0.000132386997287801,-6.65591643998375e-05,0,1,0,1,1,0,0.235520000000018,0,1.09497928219659,1.23881902464682,-5,-1.00705832635262,0,0.0331154133018315,0,7.1740998906032e-05,0,-0.000129374326742524,0,-6.3094215012728e-05
"hpt_v2_topology2_paper","topology2","fault","shallow_lvrt","sag_0p90",0.15,"recovery",1,"",NaN,0.9,0.9,207.700765258878,851.500761408256,0.996582167940727,1.21186470802303,0.0183803094887142,1.06437595176032,-0.0643759517603195,0.00341783205927326,0.137510353102284,0.351344686477129,0.03604387012699,6.75885818334938e-05,-0.000110582221338801,-3.73016705318234e-05,0,1,0,1,1,0,0.239520000000016,0,1.09497928219659,1.23881902464682,1.24789216324972,-0.13036379821596,0,0.0360582922267399,0,6.70244836089387e-05,0,-0.000112935984595402,0,-3.58742359868677e-05
"hpt_v2_topology2_paper","topology2","fault","shallow_lvrt","sag_0p90",0.152,"recovery",1,"",NaN,0.9,0.9,207.854196395182,848.801639293035,0.995167902535189,1.18640436689734,0.0139310699173767,1.06100204911629,-0.0610020491162933,0.00483209746481095,0.15061558347893,0.336575351964891,0.039257048841073,5.3246673890504e-05,-0.0001154550774391,-6.53471999595007e-05,0,1,0,1,1,0,0.243520000000015,0,1.09497928219659,1.23881902464682,-1.81119866772761,-0.754312278548053,0,0.0390637723837534,0,5.25641397666115e-05,0,-0.000116119039275763,0,-6.31598984453389e-05
"hpt_v2_topology2_paper","topology2","fault","shallow_lvrt","sag_0p90",0.154,"recovery",1,"",NaN,0.9,0.9,209.799964961716,850.076790705409,1.00164792438952,1.21009246620966,0.0168715130361413,1.06259598838176,-0.0625959883817613,-0.00164792438951644,0.124866703185781,0.328410068679808,0.041753166530071,4.72403895105587e-05,-0.000122605404244179,-6.44366365736351e-05,0,1,0,1,1,0,0.247520000000013,0,1.09497928219659,1.24680803314121,-1.64944784573051,-0.581278455949352,-0.0329584877903288,0.0415295048266623,0,4.6530887707345e-05,0,-0.000122879528212492,0,-6.23973472596774e-05
"hpt_v2_topology2_paper","topology2","fault","shallow_lvrt","sag_0p90",0.156,"recovery",1,"",NaN,0.9,0.9,215.986009954894,850.458661874778,1.01040136582818,1.22578860501344,0.0211011957089336,1.06307332734347,-0.0630733273434723,-0.0104013658281763,0.0955104615148061,0.335194082659043,0.0514209463173425,6.04865926607625e-05,-0.000114797952115169,-5.88539595205103e-05,0,1,0,1,1,0,0.251520000000012,0,1.09497928219659,1.24680803314121,2.21198683158308,1.81834098678224,-0.208027316563526,0.051009072718066,0,5.98765367504345e-05,0,-0.000113064749306981,0,-5.82661391292308e-05
"hpt_v2_topology2_paper","topology2","fault","shallow_lvrt","sag_0p90",0.158,"recovery",1,"",NaN,0.9,0.9,218.220726063755,847.417960154312,1.02097421796687,1.20480998029374,0.0158645171618324,1.05927245019289,-0.0592724501928901,-0.0209742179668688,0.106604719190264,0.325375459459383,0.0578000248937999,5.14679215146386e-05,-0.00010911342239051,-7.28041126532935e-05,0,1,0,1,1,0,0.25552000000001,0,1.09497928219659,1.24680803314121,5,0.00223626915385466,-0.419484359337376,0.0586171129355653,0,5.68086470837044e-05,0,-0.00011109987829606,0,-7.76943618272883e-05
"hpt_v2_topology2_paper","topology2","fault","shallow_lvrt","sag_0p90",0.16,"recovery",1,"",NaN,0.9,0.9,219.290083742528,847.553877581002,1.03008043087868,1.18377966957976,0.0358606552020917,1.05944234697625,-0.0594423469762526,-0.0300804308786771,0.0841189257220853,0.303286468587733,0.0669624154736267,1.61845456334286e-05,-8.78898285053248e-05,-9.25382823361468e-05,0,1,0,1,1,0,0.259520000000009,0,1.09497928219659,1.26282256277917,-5,-0.469493647290653,-0.6,0.0668030681132158,0,8.02179239419331e-06,0,-8.30686173554558e-05,0,-8.86764917970406e-05
"hpt_v2_topology2_paper","topology2","fault","shallow_lvrt","sag_0p90",0.162,"recovery",1,"",NaN,0.9,0.9,221.982859377245,850.673214460856,1.04174202085543,1.23181116158106,0.0319999321886359,1.06334151807607,-0.0633415180760701,-0.0417420208554256,0.0623904788944359,0.318414389800749,0.0759214084297082,2.83922496219012e-05,-7.67632383308141e-05,-7.52890952273208e-05,0,1,0,1,1,0,0.263520000000007,0,1.09497928219659,1.26282256277917,4.32477466122361,1.94770689386847,-0.6,0.0763820963172551,0,3.8929159322009e-05,0,-8.45134886553242e-05,0,-8.19930989544909e-05
"hpt_v2_topology2_paper","topology2","fault","shallow_lvrt","sag_0p90",0.164,"recovery",1,"",NaN,0.9,0.9,220.307653244294,847.410754770244,1.04668334078346,1.18338319803993,0.0316144693914417,1.05926344346281,-0.0592634434628057,-0.0466833407834615,0.0706490387719626,0.302209895669498,0.0838917692870292,-1.6069318973894e-06,-3.90224125192424e-05,-8.71517450471451e-05,0,1,0,1,1,0,0.267520000000005,0,1.09497928219659,1.26833391597778,-5,0.295612373634402,-0.6,0.0832234088825455,0,-7.25031509297854e-06,0,-3.77726027753794e-05,0,-8.5209408926801e-05
"hpt_v2_topology2_paper","topology2","fault","shallow_lvrt","sag_0p90",0.166,"recovery",1,"",NaN,0.9,0.9,222.35158636395,846.230591305024,1.05375736485627,1.19077494474658,0.0118410836655022,1.05778823913128,-0.0577882391312805,-0.0537573648562661,0.0467169529004013,0.282461262271429,0.0897836536741835,-1.14716108135392e-05,-1.86584855997578e-05,-8.34749910083601e-05,0,1,0,1,1,0,0.271520000000004,0,1.09497928219659,1.26833391597778,-4.71075177171842,-0.38065736482551,-0.6,0.0900006523827715,0,-1.67078431315338e-05,0,-1.44891760964526e-05,0,-8.0369938290278e-05
"hpt_v2_topology2_paper","topology2","fault","shallow_lvrt","sag_0p90",0.168,"recovery",1,"",NaN,0.9,0.9,223.826783245936,845.274612530474,1.06016540037775,1.20627802828272,0.0318766081437048,1.05659326566309,-0.056593265663093,-0.060165400377747,0.0206202412737494,0.285379732899758,0.0910458647973213,-2.1012123022428e-05,-2.017760213094e-05,-5.70155970185836e-05,0,1,0,1,1,0,0.275520000000002,0,1.09497928219659,1.26833391597778,-5,0.454309802488728,-0.6,0.0903593495243331,0,-2.6003699012009e-05,0,-1.91802770712732e-05,0,-5.50145743508346e-05
"hpt_v2_topology2_paper","topology2","fault","shallow_lvrt","sag_0p90",0.17,"recovery",1,"",NaN,0.9,0.9,221.178679925818,848.927542454418,1.0636438655499,1.20415922759505,0.0153532265456436,1.06115942806802,-0.0611594280680225,-0.0636438655498959,0.0176206294017107,0.266005816407691,0.097793567782277,-8.68021329043672e-06,8.04537748351722e-06,-5.878030456723e-05,0,1,0,1,1,0,0.279520000000001,0,1.09497928219659,1.26860928256306,1.42697515647505,0.318135974741951,-0.6,0.0977396104182909,0,-8.40164592111027e-06,0,5.86509203173528e-06,0,-6.00944887016246e-05
"hpt_v2_topology2_paper","topology2","fault","shallow_lvrt","sag_0p90",0.172,"recovery",1,"",NaN,0.9,0.9,222.597770958859,843.832408608917,1.06593146702993,1.17891045848801,0.011797565252037,1.05479051076115,-0.0547905107611464,-0.0659314670299296,0.00228755662205634,0.256402599886247,0.102152161655209,-4.36957708631523e-05,2.44552790992854e-05,-4.01946476775017e-05,0,1,0,1,1,0,0.283519999999999,0,1.09497928219659,1.26860928256306,-5,-0.324870858769311,-0.6,0.102281479400512,0,-4.80047045435783e-05,0,2.78479150684058e-05,0,-3.81169169046472e-05
"hpt_v2_topology2_paper","topology2","fault","shallow_lvrt","sag_0p90",0.174,"recovery",1,"",NaN,0.9,0.9,222.650006131046,838.360802690479,1.07008528084351,1.20425151877032,0.015302835239744,1.0479510033631,-0.0479510033630983,-0.0700852808435086,-0.0241073883058757,0.231996581358155,0.105474549151114,-4.88383297116617e-06,1.37950631231302e-05,-4.64824609035026e-05,0,1,0,1,1,0,0.287519999999998,0,1.09497928219659,1.27352657543419,-5,0.374819293287088,-0.6,0.104926266968942,0,-1.12194665421455e-05,0,1.6222056949041e-05,0,-4.21113101122855e-05
"hpt_v2_topology2_paper","topology2","fault","shallow_lvrt","sag_0p90",0.176,"recovery",1,"",NaN,0.9,0.9,222.729553752046,817.716381644384,1.07291622755667,1.22847335952603,0.0178627301119752,1.02214547705548,-0.0221454770554801,-0.0729162275566659,-0.0400419490431054,0.218728769050138,0.11521573610391,2.67739301713484e-05,2.37565481189281e-05,-4.48460070479392e-05,0,1,0,1,1,0,0.291519999999996,0,1.09497928219659,1.27352657543419,-0.500812827781249,0.139211333114675,-0.6,0.115160792786701,0,2.7994789462451e-05,0,2.14374934191749e-05,0,-4.41075011902559e-05
"hpt_v2_topology2_paper","topology2","fault","shallow_lvrt","sag_0p90",0.178,"recovery",1,"",NaN,0.9,0.9,221.26880649952,796.599282116641,1.0715483801228,1.19719951315893,0.0419040531046697,0.995749102645801,0.00425089735419892,-0.0715483801227974,-0.0482820765795368,0.199064628998377,0.117974279307873,4.82156225691964e-05,9.48703566849188e-06,-3.80412949685561e-05,0,1,0,1,1,0,0.295519999999995,0,1.09497928219659,1.27638744930841,-5,-0.286080422946422,-0.6,0.118016751615398,0,4.70194014308007e-05,0,1.01902408616875e-05,0,-3.71537614381998e-05
"hpt_v2_topology2_paper","topology2","fault","shallow_lvrt","sag_0p90",0.18,"recovery",1,"",NaN,0.9,0.9,221.161269403248,763.893397096313,1.07183499117615,1.22711789940568,0.0378630173739098,0.954866746370392,0.0451332536296084,-0.0718349911761453,-0.0684143712885203,0.177507656779696,0.119535471496189,4.51848959617994e-05,1.35028223623394e-05,3.19291456666157e-05,0,1,0,1,1,0,0.299519999999993,0,1.09497928219659,1.27638744930841,-3.13835511386351,0.276321583795092,-0.6,0.119546101210984,0,4.39655581296389e-05,0,1.42775760101826e-05,0,3.14582162501287e-05
"hpt_v2_topology2_paper","topology2","fault","shallow_lvrt","sag_0p90",0.182,"recovery",1,"",NaN,0.9,0.9,222.290564298108,716.479489037955,1.06944801701254,1.21101109690852,0.0319235396040961,0.895599361297444,0.104400638702556,-0.0694480170125411,-0.0760574451435616,0.178082272251779,0.120498344364034,7.79284311923907e-05,1.05820229964372e-05,6.90598782518654e-05,0,1,0,1,1,0,0.303519999999991,0,1.09497928219659,1.27638744930841,1.0587403055895,0.0481293239642522,-0.469438467113866,0.120484165932648,0,7.71269791869113e-05,0,1.07500534267067e-05,0,6.89974290351327e-05
"hpt_v2_topology2_paper","topology2","fault","shallow_lvrt","sag_0p90",0.184,"recovery",1,"",NaN,0.9,0.9,215.862552134225,686.644551479077,1.06307980863063,1.20896662497389,0.0160344129577984,0.858305689348846,0.141694310651154,-0.0630798086306263,-0.0467111582665665,0.162468770515949,0.121051338021316,0.000138106571776031,-5.9905715362622e-06,0.000105624625103524,0,1,0,1,1,0,0.30751999999999,0,1.09497928219659,1.27638744930841,-3.36292088799839,-0.731729576549545,-0.379933654437231,0.121033870577065,0,0.000137918509962043,0,-6.00418444752067e-06,0,0.000104916999791925
"hpt_v2_topology2_paper","topology2","fault","shallow_lvrt","sag_0p90",0.186,"recovery",1,"",NaN,0.9,0.9,216.021949578052,648.283748431669,1.05984252481509,1.21227897066708,0.0547807702837874,0.810354685539587,0.189645314460413,-0.0598425248150931,-0.0517757458445576,0.146094266728485,0.120892503243084,0.000178676983211452,-4.01780285248341e-05,0.000175858472415489,0,1,0,1,1,0,0.311519999999988,0,1.09497928219659,1.27638744930841,-3.5159153760147,-0.0646057171932446,-0.264851245295008,0.1208719316766,0,0.000177266363274765,0,-3.93167275655028e-05,0,0.000173957789927098
"hpt_v2_topology2_paper","topology2","fault","shallow_lvrt","sag_0p90",0.188,"recovery",1,"",NaN,0.9,0.9,213.091653417725,614.309560091838,1.05304290813705,1.20353717043874,0.0170268548790863,0.767886950114798,0.232113049885202,-0.0530429081370496,-0.0422644153465942,0.14541731758781,0.120637837990808,0.000169607550904674,-4.90256312275733e-05,0.000232380099590573,0,1,0,1,1,0,0.315519999999987,0,1.09497928219659,1.27638744930841,-1.78195716152074,0.458145676569321,-0.162928680275514,0.120630228574693,0,0.000167076228373784,0,-4.74897495242789e-05,0,0.000229323129072326
"hpt_v2_topology2_paper","topology2","fault","shallow_lvrt","sag_0p90",0.19,"recovery",0,"gbt_vdc_survive_inst",NaN,0.9,0.9,212.149777713928,586.919918113573,1.045073759846,1.18535499348062,0.0487573990731005,0.733649897641967,0.266350102358033,-0.0450737598460034,-0.0179881282421235,0.130278668216025,0.121439385029373,0.000306468346400544,-0.000148216601172089,0.00026821902894796,0,1,0,1,1,0,0.319519999999985,0,1.09497928219659,1.27638744930841,-0.56561135835409,-0.19344675819144,-0.08075975434072,0.121430636378671,0,0.000310021459200827,0,-0.000156671754196979,0,0.000273270587609226
"hpt_v2_topology2_paper","topology2","fault","shallow_lvrt","sag_0p90",0.192,"recovery",0,"gbt_vdc_survive_inst",NaN,0.9,0.9,212.99757455553,569.59925050529,1.03578948825081,1.20196536069502,0.0164894428215572,0.711999063131612,0.288000936868388,-0.0357894882508074,0.000759752360952933,0.0980620544787957,0.12107350944004,0.000285298662383958,-0.000123080265692849,0.000296314975695059,0,1,0,1,1,0,0.323519999999984,0,1.09497928219659,1.27638744930841,-2.12503985384394,-0.54212505842588,-0.0287977515158697,0.121076691106941,0,0.000292554923348765,0,-0.000130786610669883,0,0.000298747312167667
"hpt_v2_topology2_paper","topology2","fault","shallow_lvrt","sag_0p90",0.194,"recovery",0,"gbt_vdc_survive_inst",NaN,0.9,0.9,209.812427627384,558.372696360921,1.02956462682904,1.21275321421977,0.0402734404882669,0.697965870451151,0.302034129548849,-0.0295646268290415,-0.000343815853186583,0.0792635905319484,0.121511922409007,0.000336947931990477,-0.000163900224357969,0.000319923179756359,0,1,0,1,1,0,0.327519999999982,0,1.09497928219659,1.27638744930841,1.76593785929602,0.533412676882672,-0,0.12146552287387,0,0.000331119122873736,0,-0.000159120797868552,0,0.000317418312924751
"hpt_v2_topology2_paper","topology2","fault","shallow_lvrt","sag_0p90",0.196,"recovery",0,"gbt_vdc_survive_inst",NaN,0.9,0.9,208.768268352527,541.520232972038,1.02239545357432,1.1916260054041,0.0218611916451808,0.676900291215047,0.323099708784953,-0.022395453574316,0.0088620892271772,0.0702078435216188,0.121548177818354,0.000361809716278003,-0.000211507949434922,0.000354418386633483,0,1,0,1,1,0,0.331519999999981,0,1.09497928219659,1.27638744930841,0.967108766206648,0.192650826385421,-0,0.121481177010838,0,0.000357709229789944,0,-0.000209395454525483,0,0.000353695503095968
"hpt_v2_topology2_paper","topology2","fault","shallow_lvrt","sag_0p90",0.198,"recovery",0,"gbt_vdc_survive_inst",NaN,0.9,0.9,205.582575988526,531.923936523716,1.01446306723927,1.15335617597448,0.0372813641158441,0.664904920654645,0.335095079345355,-0.014463067239266,0.0153223268984637,0.055077597680387,0.121032496160662,0.000344768336436967,-0.000231639643949148,0.000393200994277952,0,1,0,1,1,0,0.335519999999979,0,1.09497928219659,1.27638744930841,-5,-0.0958969589123226,-0,0.121008182823285,0,0.000349728369931201,0,-0.000233076549567618,0,0.000397515659698872
"hpt_v2_topology2_paper","topology2","fault","shallow_lvrt","sag_0p90",0.2,"recovery",0,"gbt_vdc_survive_inst",NaN,0.9,0.9,206.930376123418,518.590361437159,1.00975286496422,1.1566316712818,0.0343468223111886,0.648237951796448,0.351762048203552,-0.00975286496421557,-0.001152367124748,0.0341895637011089,0.120891824523207,0.000404705386152239,-0.00029959423768225,0.000437861025608613,0,1,0,1,1,0,0.339519999999978,0,1.09497928219659,1.27638744930841,-0.566930189916492,0.186011320418844,-0,0.1209076507207,0,0.000408425780397094,0,-0.000306218074498707,0,0.000441592834662435
"hpt_v2_topology2_paper","topology2","fault","shallow_lvrt","sag_0p90",0.202,"recovery",0,"gbt_vdc_survive_inst",NaN,0.9,0.9,205.899961764038,495.636493057602,1.00397427534576,1.17672228057115,0.0307843267909111,0.619545616322002,0.380454383677998,-0.00397427534576433,0.0104961844053722,0.0353847109908717,0.121008743585468,0.000326634345457847,-0.00022619684271772,0.000478740932684169,0,1,0,1,1,0,0.343519999999976,0,1.09497928219659,1.27638744930841,0.818549818444092,0.210330234319711,-0,0.120948757409682,0,0.000322583620102629,0,-0.000224619348885162,0,0.000479012400493954
"hpt_v2_topology2_paper","topology2","fault","shallow_lvrt","sag_0p90",0.204,"recovery",0,"gbt_vdc_survive_inst",NaN,0.9,0.9,203.658977126324,487.230084972393,0.99722220861536,1.16302298624174,0.021291379223682,0.609037606215492,0.390962393784508,0.00277779138464007,0.01325428688102,0.033017727792467,0.120902146661829,0.000395843831415929,-0.000305078273443608,0.000510940410108378,0,1,0,1,1,0,0.347519999999974,0,1.09497928219659,1.27638744930841,0.0343286701829371,0.0411148694858809,0,0.120880164013028,0,0.000394060845400691,0,-0.000307835065946086,0,0.000513894386222583
"hpt_v2_topology2_paper","topology2","fault","shallow_lvrt","sag_0p90",0.206,"recovery",0,"gbt_vdc_survive_inst",NaN,0.9,0.9,202.412594182607,480.293889672227,0.990354938801279,1.16777765582251,0.0259560215117383,0.600367362090284,0.399632637909716,0.00964506119872088,0.0249945236016994,0.00385810209537876,0.120816607048795,0.000395118974110468,-0.000305104865527052,0.000505095637830522,0,1,0,1,1,0,0.351519999999973,0,1.09497928219659,1.27638744930841,-1.02878058712164,0.237172322288259,0,0.120822519627552,0,0.000405426677504523,0,-0.000316766173425128,0,0.000505410656285446
"hpt_v2_topology2_paper","topology2","fault","shallow_lvrt","sag_0p90",0.208,"recovery",0,"gbt_vdc_survive_inst",NaN,0.9,0.9,200.181034444129,471.786202523215,0.985678893353678,1.15224135469833,0.0323248428902458,0.589732753154019,0.410267246845981,0.0143211066463219,0.0255554159484984,0.0146285355775099,0.12077248629991,0.000410949828445292,-0.000342485520361605,0.00054542478251274,0,1,0,1,1,0,0.355519999999971,0,1.09497928219659,1.27638744930841,-0.710495581272674,0.277606905758621,0,0.120786623335044,0,0.000417962526987198,0,-0.000351013194490539,0,0.000546548996284035
"hpt_v2_topology2_paper","topology2","fault","shallow_lvrt","sag_0p90",0.21,"recovery",0,"gbt_vdc_survive_inst",NaN,0.9,0.9,201.720870624007,468.241063621689,0.981158283729563,1.14074414527929,0.0374418301092168,0.585301329527111,0.414698670472889,0.0188417162704372,0.0195509930864045,0.00125672813314185,0.120871468169414,0.000426081114849022,-0.000332919321066749,0.000530931225560172,0,1,0,1,1,0,0.35951999999997,0,1.09497928219659,1.27638744930841,-0.234486348563045,0.181980375977608,0,0.120858780457691,0,0.000424368681847539,0,-0.000335101222541911,0,0.000534556215705306
"hpt_v2_topology2_paper","topology2","fault","shallow_lvrt","sag_0p90",0.212,"recovery",0,"gbt_vdc_survive_inst",NaN,0.9,0.9,201.523330683152,459.532982448173,0.976923633147521,1.15432522121618,0.0130833383363145,0.574416228060216,0.425583771939784,0.0230763668524793,0.0328553444905482,-0.0120205391060492,0.120572951875563,0.000337516710615718,-0.000258866832082324,0.000539546094501583,0,1,0,1,1,0,0.363519999999968,0,1.09497928219659,1.27638744930841,-0.517226401640203,0.286924491678886,0,0.120586597546336,0,0.000342815453941591,0,-0.000266236035202866,0,0.000542106748542823
"hpt_v2_topology2_paper","topology2","fault","shallow_lvrt","sag_0p90",0.214,"recovery",0,"gbt_vdc_survive_inst",NaN,0.9,0.9,201.285286889151,457.453032508702,0.974192085540282,1.16541393603767,0.0305913306709428,0.571816290635878,0.428183709364122,0.0258079144597181,0.0168253469667949,-0.0047749151808356,0.120697878314032,0.000354932648015806,-0.000285076452789501,0.000559087524316585,0,1,0,1,1,0,0.367519999999967,0,1.09497928219659,1.27638744930841,0.198678128344731,0.0870738790343939,0,0.120670297889423,0,0.000351626052304787,0,-0.000287339309830177,0,0.000562882389358575
"hpt_v2_topology2_paper","topology2","fault","shallow_lvrt","sag_0p90",0.216,"tail",0,"gbt_vdc_survive_inst",NaN,0.9,0.9,198.702138499529,452.136556707914,0.970236930135946,1.15409280556972,0.0130374216112455,0.565170695884893,0.434829304115107,0.0297630698640535,0.0324588308449659,-0.0149873563861128,0.120819847642129,0.000404029955586178,-0.000331107019974606,0.000567726861099057,0,1,0,1,1,0,0.371519999999965,0,1.09497928219659,1.27638744930841,-0.82470836155335,0.281155778175557,0,0.120821416147178,0,0.000412242438566542,0,-0.000340610760140039,0,0.000568287116328238
"hpt_v2_topology2_paper","topology2","fault","shallow_lvrt","sag_0p90",0.218,"tail",0,"gbt_vdc_survive_inst",NaN,0.9,0.9,197.911030060523,449.597397959344,0.967258482646554,1.14392564604242,0.0446123288918838,0.56199674744918,0.43800325255082,0.0327415173534455,0.036512750469481,-0.00948959541022741,0.120547247162218,0.000396263559882239,-0.000376099612070988,0.000612287118730098,0,1,0,1,1,0,0.375519999999964,0,1.09497928219659,1.27638744930841,-0.212868761262808,0.344606376203926,0,0.120540491256599,0,0.000394790241069735,0,-0.000375952468941651,0,0.000614341674212737
"hpt_v2_topology2_paper","topology2","fault","shallow_lvrt","sag_0p90",0.22,"tail",0,"gbt_vdc_survive_inst",NaN,0.9,0.9,200.139202194942,450.353837499771,0.965488376547134,1.13211807021639,0.0206619605379625,0.562942296874714,0.437057703125286,0.0345116234528661,0.0254087562168927,-0.0282441467095314,0.120664680423526,0.000394853621603878,-0.000352166249903569,0.000565203143102303,0,1,0,1,1,0,0.379519999999962,0,1.09497928219659,1.27638744930841,-4.22970925306676,-7.90773954095769e-05,0,0.120647476276993,0,0.000400532468098259,0,-0.000352385152566547,0,0.000568404081761909
