"relative_path","size_bytes","sha256","category"
"hpt_boundary_full_action/hpt_boundary_full_action_20260719_163350/dataset.csv","353306","d032ba5c86141fe7815307ce3494c11bd25b7ef621a2d90549238c38e65eec35","hpt_boundary_full_action"
"hpt_boundary_full_action/hpt_boundary_full_action_20260719_163350/dataset.npz","40576","d15ce2b8e50771751f1bc335712b78fbf4b562050f2327eeafe322c0d3b52b81","hpt_boundary_full_action"
"hpt_boundary_full_action/hpt_boundary_full_action_20260719_163350/manifest.json","3381","b69d200342a1f96780cd2246ed3c4525258578daecff9dc7e1f984652ce3dad0","hpt_boundary_full_action"
"hpt_boundary_full_action/hpt_boundary_full_action_20260719_163350/metadata.json","8494","bba48c2d8bb10216feb22d5ed0bec6b3c04d3680741cded7aff5a36540e63907","hpt_boundary_full_action"
"hpt_boundary_full_action/hpt_boundary_full_action_20260719_163350/REPORT.md","1167","79fb80c8df0c72aaaf28c8a75a156d7aa0d9984d2a165c1233d6880930a31c59","hpt_boundary_full_action"
"hpt_boundary_full_action/hpt_boundary_full_action_qdc_clean_20260719/dataset.csv","540869","09300efb9f367a6f13be7f86eed7206f66968e12d89f2dd0ba6ff5fd42d8d058","hpt_boundary_full_action"
"hpt_boundary_full_action/hpt_boundary_full_action_qdc_clean_20260719/dataset.npz","59623","1825bac19d7c718e2207ce7ae8fc32aab0cda7ffbdd57508639b00b906c6a592","hpt_boundary_full_action"
"hpt_boundary_full_action/hpt_boundary_full_action_qdc_clean_20260719/manifest.json","4687","9534fa2396640373d2fcf7c5e69411a2d878eb77b0799fdfed3678d750c2393d","hpt_boundary_full_action"
"hpt_boundary_full_action/hpt_boundary_full_action_qdc_clean_20260719/metadata.json","11963","eb6d2ed5219c8b14e77f51d26a5432a5c20679ef8c5d006381c904f3491915dd","hpt_boundary_full_action"
"hpt_boundary_full_action/hpt_boundary_full_action_qdc_clean_20260719/REPORT.md","2901","fcac8b8eaa338bbb141dacd20a7a3990825ad74234388fd0cede76a35ee634a3","hpt_boundary_full_action"
"hpt_boundary_full_action/hpt_boundary_full_action_qdc_clean2_20260719/dataset.csv","539114","42ef21b534f41f6fecc3c84de5b9300e3f01aade5d2eab3085e7d5438716e85b","hpt_boundary_full_action"
"hpt_boundary_full_action/hpt_boundary_full_action_qdc_clean2_20260719/dataset.npz","59323","2e5a7a89687e691b7fe303529b986fa74f1fded9a0e98495ad543626b2bfcd47","hpt_boundary_full_action"
"hpt_boundary_full_action/hpt_boundary_full_action_qdc_clean2_20260719/manifest.json","4483","c26dd873ee20a319264e9c23fa646f7f8cd294523ec494c184988b1aab634687","hpt_boundary_full_action"
"hpt_boundary_full_action/hpt_boundary_full_action_qdc_clean2_20260719/metadata.json","11486","b639a0cd97cf07954e2e0371340cc984676dc7d9e4158bf52318b72968dfea34","hpt_boundary_full_action"
"hpt_boundary_full_action/hpt_boundary_full_action_qdc_clean2_20260719/REPORT.md","2774","7055a3ead41b8baecbac216a77389ba796e12e7b0cee56b009d402e4ae4294fa","hpt_boundary_full_action"
"hpt_boundary_full_action/hpt_boundary_full_action_qdc_fine_20260719/dataset.csv","545827","87d810c4bba1690c53cfe1965d7440ac74a4b8b1dddb2c0d1a931f185ac4cfe1","hpt_boundary_full_action"
"hpt_boundary_full_action/hpt_boundary_full_action_qdc_fine_20260719/dataset.npz","60159","383773c3c7b88ea4564efe3346b7230e0ca02c5306c4d471279d03a4faba7a06","hpt_boundary_full_action"
"hpt_boundary_full_action/hpt_boundary_full_action_qdc_fine_20260719/manifest.json","5083","3aa77ae36252c22cc277c39320a3752f0c90bce98399e46eedea4ea246b41e70","hpt_boundary_full_action"
"hpt_boundary_full_action/hpt_boundary_full_action_qdc_fine_20260719/metadata.json","12874","a12be37848edc935e8c34d59fc1e998f59a477cb36cb584362ba60ae076d3494","hpt_boundary_full_action"
"hpt_boundary_full_action/hpt_boundary_full_action_qdc_fine_20260719/REPORT.md","3142","f73909eca82f49e2f23c16fd70f90b381707bb63361943ac8e0725408366d95a","hpt_boundary_full_action"
"hpt_boundary_full_action/hpt_boundary_full_action_qdc_micro_20260719/dataset.csv","524354","1e2180108d41ea1c197e376a3b07dbe9b9517cec57ea191f95b319a0e6445480","hpt_boundary_full_action"
"hpt_boundary_full_action/hpt_boundary_full_action_qdc_micro_20260719/dataset.npz","58104","f841697b866a954846bd937c9dbaa86e8b71beedab0d3d38f4b3f290de5335b5","hpt_boundary_full_action"
"hpt_boundary_full_action/hpt_boundary_full_action_qdc_micro_20260719/manifest.json","4705","9e47aff258215867441bd54d13d8eeaa3c4b15bdd2ae0ce996a2e1b7746f9f06","hpt_boundary_full_action"
"hpt_boundary_full_action/hpt_boundary_full_action_qdc_micro_20260719/metadata.json","12019","a1a73c75c5aa6607e1a898958a9420e36d941dfd02be6ebb4846095294d064ce","hpt_boundary_full_action"
"hpt_boundary_full_action/hpt_boundary_full_action_qdc_micro_20260719/REPORT.md","2919","d3aebee3571323a67d28224b7c2d70cf046a42c2355d3f16d7f98703dbadf6cf","hpt_boundary_full_action"
"hpt_boundary_full_action/hpt_full_action_counterexamples_20260718_0150/dataset.csv","509121","fcaaa4c5c86291cc81b1237e4644035f0a77d362eec846b2b4efc6f83a3c4397","hpt_boundary_full_action"
"hpt_boundary_full_action/hpt_full_action_counterexamples_20260718_0150/dataset.npz","56406","a4983c543b743101dec981460185a8855b477e7e10f2bf99f5a4826e077b0451","hpt_boundary_full_action"
"hpt_boundary_full_action/hpt_full_action_counterexamples_20260718_0150/manifest.json","3681","0ee6c3784c25aeaad0bd131540f8470f4407c14d3d05039110cae519ba09e943","hpt_boundary_full_action"
"hpt_boundary_full_action/hpt_full_action_counterexamples_20260718_0150/metadata.json","9724","c38d9a0850a3f12f0ba47462a0eb556621f0633b01443f961dca265803bb9254","hpt_boundary_full_action"
"hpt_boundary_full_action/hpt_full_action_counterexamples_20260718_0150/REPORT.md","2307","9dc74040dadc53dfadba7f89e8c93129639969d037bb9c2248b49b837119e12b","hpt_boundary_full_action"
"hpt_boundary_full_action/hpt_full_action_counterexamples2_20260718_0200/dataset.csv","510876","2a7098108181d1dd8b780894bf33913fbd320f7d3b9fd4621ab2cd0212b926d6","hpt_boundary_full_action"
"hpt_boundary_full_action/hpt_full_action_counterexamples2_20260718_0200/dataset.npz","56718","b3e2cd536edfc847ea2ce6dcd8de3c805e620bba975c528b7170ed755ee6e21f","hpt_boundary_full_action"
"hpt_boundary_full_action/hpt_full_action_counterexamples2_20260718_0200/manifest.json","3893","e96d6d2787f4e7fa5c0f31c592383c61664edd33e7afaa078dd02cada90c29bf","hpt_boundary_full_action"
"hpt_boundary_full_action/hpt_full_action_counterexamples2_20260718_0200/metadata.json","10215","092d77ea26ee1c57f22c1640f37dd5866fec936d8978d815336d4d55445cc3a3","hpt_boundary_full_action"
"hpt_boundary_full_action/hpt_full_action_counterexamples2_20260718_0200/REPORT.md","2440","16db1e7978af862c6c0ae28acc8c11512747c653862fc7a7170dffbe8af31167","hpt_boundary_full_action"
"hpt_boundary_full_action/hpt_full_action_counterexamples3_20260718_0205/dataset.csv","511465","3814aeae2866021ce47014e60e78155584b86a85e4df8790edd828657a3c0ef7","hpt_boundary_full_action"
"hpt_boundary_full_action/hpt_full_action_counterexamples3_20260718_0205/dataset.npz","56825","9abe2b08f523a186c63389816e01118783b551343f895228a576ba947d2c0476","hpt_boundary_full_action"
"hpt_boundary_full_action/hpt_full_action_counterexamples3_20260718_0205/manifest.json","4102","9370740c04765bd1262a61865b1afb36bfd64b8757fad6e34532e27d2af8a7e3","hpt_boundary_full_action"
"hpt_boundary_full_action/hpt_full_action_counterexamples3_20260718_0205/metadata.json","10702","38425c738f81b62195b5b0bf0fbd29b8d5d7d9f6c77c8290f931c9ff78b70ddd","hpt_boundary_full_action"
"hpt_boundary_full_action/hpt_full_action_counterexamples3_20260718_0205/REPORT.md","2571","0d46c0a5c9c4fe92a2e74b88c8c76c25c634d4671e5c1849c809c0386be31905","hpt_boundary_full_action"
"hpt_boundary_full_action/hpt_full_action_edgecalib_20260718_0118/dataset.csv","505595","80ce7b28ad27b54c7a6b49600f86ec3e482a721a80b425e8c7464d490c851762","hpt_boundary_full_action"
"hpt_boundary_full_action/hpt_full_action_edgecalib_20260718_0118/dataset.npz","55754","73c42b360b3d91b3c5b8cfb19262c1bde01a34b45295d4c08ed6cd0e01267858","hpt_boundary_full_action"
"hpt_boundary_full_action/hpt_full_action_edgecalib_20260718_0118/manifest.json","3251","e8bc6cad7855402c52b12e6dce87783a1920191251bf3f6500c1eff2527e9608","hpt_boundary_full_action"
"hpt_boundary_full_action/hpt_full_action_edgecalib_20260718_0118/metadata.json","8744","c0e0faa44d31d4c2d173b7cb48adbdb3f1da3c042408ab1b13454776ce6a062c","hpt_boundary_full_action"
"hpt_boundary_full_action/hpt_full_action_edgecalib_20260718_0118/REPORT.md","2039","2d00187231939644b2de88050418b5719fe181b41302ef199e32713e368b00a1","hpt_boundary_full_action"
"hpt_boundary_full_action/hpt_full_action_edgecalib_switchfail_20260718_0128/dataset.csv","507933","950454f6bbc3b1ed448ab2627d4f7e75e0446743c9f942d312b4ccd64a34b74b","hpt_boundary_full_action"
"hpt_boundary_full_action/hpt_full_action_edgecalib_switchfail_20260718_0128/dataset.npz","56201","a585b911ed02913b423bd698c1bc066caefc3bedefdfe703571c59275b0db83d","hpt_boundary_full_action"
"hpt_boundary_full_action/hpt_full_action_edgecalib_switchfail_20260718_0128/manifest.json","3496","c6564cacb8dd5ef847a9e85aaf4a149b3e79d3f60ae2cdacf2bbf26ee2e02485","hpt_boundary_full_action"
"hpt_boundary_full_action/hpt_full_action_edgecalib_switchfail_20260718_0128/metadata.json","9284","71b5d2400cb9881864ca9e53ba174cfeafa94522c45c3e329d16965a38d5b88d","hpt_boundary_full_action"
"hpt_boundary_full_action/hpt_full_action_edgecalib_switchfail_20260718_0128/REPORT.md","2195","2c158cb38ddf3ce675408f7a82963fd8100f481a1b306fea0d4e37005687cddd","hpt_boundary_full_action"
"hpt_boundary_full_action/hpt_full_action_local_sweep_20260718_0210/dataset.csv","515836","8459f1cfb824e762edff935855f3141e5fac38d2be6fa1bbf8946ed66aabdf4e","hpt_boundary_full_action"
"hpt_boundary_full_action/hpt_full_action_local_sweep_20260718_0210/dataset.npz","57296","c18dc2538263b9b6534d26de825b8774772ba4a6db0eeb5395402aa979cba08f","hpt_boundary_full_action"
"hpt_boundary_full_action/hpt_full_action_local_sweep_20260718_0210/manifest.json","4282","79fbdd1aadd2ec694024ec42450ceefc746252954c467e240a774b9679bf4778","hpt_boundary_full_action"
"hpt_boundary_full_action/hpt_full_action_local_sweep_20260718_0210/metadata.json","11112","eb110fafaff95737dc6dca0c9edf199c72bc7bec0645504792d57de5b4fbbe71","hpt_boundary_full_action"
"hpt_boundary_full_action/hpt_full_action_local_sweep_20260718_0210/REPORT.md","2679","0a938279b39e2b47e062776598a6b993cb5ba3c0bdf81719362463201d04619c","hpt_boundary_full_action"
"hpt_boundary_full_action/hpt_full_action_recalibration_20260717_cmdmeas_full/dataset.csv","291316","eaf50d78afe16a826bafba380137f28c4eda9bcadc2f33787c1f6ec88cae7bfd","hpt_boundary_full_action"
"hpt_boundary_full_action/hpt_full_action_recalibration_20260717_cmdmeas_full/dataset.npz","27043","5cb9a11b0988e7e8d3008e133577f2e96dec601349a5dee73df063c7bcbfb89e","hpt_boundary_full_action"
"hpt_boundary_full_action/hpt_full_action_recalibration_20260717_cmdmeas_full/manifest.json","2970","eab25a0d7b6f15ba57b178384b104fbac09ae17deeea61e47b31d11600cdc319","hpt_boundary_full_action"
"hpt_boundary_full_action/hpt_full_action_recalibration_20260717_cmdmeas_full/metadata.json","8124","3339463f9e6a5d98b697a2969ccc9595582686d5ebb6f7de03edad40dc1f6b22","hpt_boundary_full_action"
"hpt_boundary_full_action/hpt_full_action_recalibration_20260717_cmdmeas_full/REPORT.md","1900","8adab584b94c02bd0509c59a327ccf4753b5ea90914a62e0daed7a88f613e5d1","hpt_boundary_full_action"
"hpt_boundary_full_action/smoke_boundary_full_action/dataset.csv","255454","7c4727a1c4c58fa47d041ad274810b4b99ac2719136743b3d660d7f40432bd71","hpt_boundary_full_action"
"hpt_boundary_full_action/smoke_boundary_full_action/dataset.npz","26687","191406333faacfd45cbdee0cb332f47e6cb1042cdf2d8b2489c1fbbe420e73ab","hpt_boundary_full_action"
"hpt_boundary_full_action/smoke_boundary_full_action/manifest.json","2607","89134a8784532fc57e4b96c5da500b866f16537f4c39c70f55abc955903fe11c","hpt_boundary_full_action"
"hpt_boundary_full_action/smoke_boundary_full_action/metadata.json","7350","25b68fedbf260ed72b5dc46746485bf783365d28862eda47142651394791d739","hpt_boundary_full_action"
"hpt_boundary_full_action/smoke_boundary_full_action/REPORT.md","1831","e7c77f9a28cd2b7e16d0a967323b2973e5725829c563a2b7d13008b66a616295","hpt_boundary_full_action"
"hpt_learned_proxy/hpt_learned_proxy_fault_v0_20260715/ensemble.pt","1040618","20bdb17a78f30607f32e61ac44739e40475ac60338669368a5024d3e04c875f4","hpt_learned_proxy"
"hpt_learned_proxy/hpt_learned_proxy_fault_v0_20260715/metadata.json","5017","388826405592d7ed9a1ea51704709042810a07d18cc58d50a98e2653e37a2168","hpt_learned_proxy"
"hpt_learned_proxy/hpt_learned_proxy_fault_v0_20260715/summary.json","6291","56c9576fc27bf29c213824483330b7c62dff396be3341abc27107c8941ee0245","hpt_learned_proxy"
"hpt_learned_proxy/hpt_learned_proxy_fault_v0_20260715/test_predictions.csv","5640","deb132df950c8dd3b0373c93ff829bde4d073261e51d3400685650e4282d49f1","hpt_learned_proxy"
"hpt_learned_proxy/hpt_learned_proxy_fault_v1_20260715/ensemble.pt","1044202","db7863ed831dd2d55816f69bd3b9c5060347a1cc813be2a371c81f3b81fc2cb7","hpt_learned_proxy"
"hpt_learned_proxy/hpt_learned_proxy_fault_v1_20260715/metadata.json","5017","dd233e3480dd9c3f93c638603760fb280aa5843a87060790caf2e5b357360466","hpt_learned_proxy"
"hpt_learned_proxy/hpt_learned_proxy_fault_v1_20260715/summary.json","6320","b6aff1f564cee072cf60e38f3802f75eac4ed08c3bee16e56e1bac67f42e15b4","hpt_learned_proxy"
"hpt_learned_proxy/hpt_learned_proxy_fault_v1_20260715/test_predictions.csv","5633","417b458abeb23fc85316be1bac8b95b7b8cd8283e9764a9d7bd10633314f600c","hpt_learned_proxy"
"hpt_learned_proxy/hpt_learned_proxy_v0_20260715/ensemble.pt","610474","fcbad3d6bd9e4e084cbfa0da022a0297c6e53634600ea4e2515ed2b1d0374126","hpt_learned_proxy"
"hpt_learned_proxy/hpt_learned_proxy_v0_20260715/metadata.json","4922","53ae239ca4fac98e965ebd5050d41a422dd6d0bf887b576f2749d7c360d489a1","hpt_learned_proxy"
"hpt_learned_proxy/hpt_learned_proxy_v0_20260715/summary.json","6291","56534ac85e6bac00447fcc45dca3759223e9aa8dd11c82907b7d018df87b8f03","hpt_learned_proxy"
"hpt_learned_proxy/hpt_learned_proxy_v0_20260715/test_predictions.csv","4265","4f32320199a3d349b072ffee43ff8e6e62eed886ee4cee707db3b53a3a681d45","hpt_learned_proxy"
"hpt_safety_classifier/hpt_safety_classifier_v0_20260715/classifier.joblib","477026","62305e1c01201727b860c3c373c515d48a633a00c35ea803f9ac00be601740d1","hpt_safety_classifier"
"hpt_safety_classifier/hpt_safety_classifier_v0_20260715/metadata.json","5073","77658ee3b3448cb990a783f38fdc25baa3d47e9bf8b3eb59bd07a71c8160d994","hpt_safety_classifier"
"hpt_safety_classifier/hpt_safety_classifier_v0_20260715/summary.json","3309","63079776619ade533d69761dd473c361a2502ccda2582a07cf45a20e47406f1f","hpt_safety_classifier"
"hpt_safety_classifier/hpt_safety_classifier_v0_20260715/test_predictions.csv","458","37e1874c524b44658ff6e278b5b63759b69caa0c560d9a25afcbecbeb7ec3cdb","hpt_safety_classifier"
"hpt_safety_classifier/hpt_safety_classifier_v0_20260715/train_predictions.csv","2067","5c7d744d740f46d7f1cfc2673d62a9c4ef9c95c8d55934b91e9692b7ab1ff1e4","hpt_safety_classifier"
"hpt_safety_classifier/hpt_safety_classifier_v0_20260715/val_predictions.csv","487","68f97589b50d9e1c8b79062a9e9df06b4cb25a8ed6546f01123934a6a9258cb9","hpt_safety_classifier"
"hpt_safety_classifier/hpt_safety_classifier_v1_20260715/classifier.joblib","477071","914fd67b0aaa27eb6779fc0e072544282e80ddaa470b04081c182178ed4ad764","hpt_safety_classifier"
"hpt_safety_classifier/hpt_safety_classifier_v1_20260715/metadata.json","5232","b7b6a498161b2458824debf059e537fd5b2906d1dc5b3b2cf80c33dc8d8c5784","hpt_safety_classifier"
"hpt_safety_classifier/hpt_safety_classifier_v1_20260715/summary.json","3453","87c8613767218820840fe0fbd70506c4c69cc1d188e16ce4abbe1d9336b8cb32","hpt_safety_classifier"
"hpt_safety_classifier/hpt_safety_classifier_v1_20260715/test_predictions.csv","458","37e1874c524b44658ff6e278b5b63759b69caa0c560d9a25afcbecbeb7ec3cdb","hpt_safety_classifier"
"hpt_safety_classifier/hpt_safety_classifier_v1_20260715/train_predictions.csv","2067","2b386557365bf4a85cb6f030e532a6b8b20833b69182a8da842b873482cf3486","hpt_safety_classifier"
"hpt_safety_classifier/hpt_safety_classifier_v1_20260715/val_predictions.csv","487","68f97589b50d9e1c8b79062a9e9df06b4cb25a8ed6546f01123934a6a9258cb9","hpt_safety_classifier"
"hpt_safety_classifier/hpt_safety_classifier_v2_20260715/classifier.joblib","477071","e60231175610b8b01976db370b95f4ffc8e1f992581607f4db46058ea42041a6","hpt_safety_classifier"
"hpt_safety_classifier/hpt_safety_classifier_v2_20260715/metadata.json","5231","dcc60a45401f01c1690453544bdd92832e3e21823f61e86dbf9b5da24cebc3cc","hpt_safety_classifier"
"hpt_safety_classifier/hpt_safety_classifier_v2_20260715/summary.json","3514","8cfc1e57099111f8c6319efaeb80de8f43ff8df74c7ee450f1552990a13c710e","hpt_safety_classifier"
"hpt_safety_classifier/hpt_safety_classifier_v2_20260715/test_predictions.csv","458","00a0549339bd536c3f166d83e0509d72e4d44a78675ccc60bcd66301ec3852ce","hpt_safety_classifier"
"hpt_safety_classifier/hpt_safety_classifier_v2_20260715/train_predictions.csv","2067","ef8b93ea51461970ca6d66ca221ad3916e6d2ab54457fef0d951a0ecb917a9e0","hpt_safety_classifier"
"hpt_safety_classifier/hpt_safety_classifier_v2_20260715/val_predictions.csv","487","68f97589b50d9e1c8b79062a9e9df06b4cb25a8ed6546f01123934a6a9258cb9","hpt_safety_classifier"
"hpt_safety_classifier/hpt_safety_classifier_v3_20260715/classifier.joblib","477071","93908d2f9c8c65da41bf404824ac79b87b3a94bcdeb8ffcc29e5200bdf8c133f","hpt_safety_classifier"
"hpt_safety_classifier/hpt_safety_classifier_v3_20260715/metadata.json","5264","80fcc1a3fcedfd709d5bbc551cd43546bb4e4b4746161946ab6ba777c36a0f67","hpt_safety_classifier"
"hpt_safety_classifier/hpt_safety_classifier_v3_20260715/summary.json","4002","d0e338cf64feb686e7c56f0f7ed6eb46e1ec06fe68dff4be3f18b14a986f847e","hpt_safety_classifier"
"hpt_safety_classifier/hpt_safety_classifier_v3_20260715/test_predictions.csv","458","a597251bd80b3b1534335a41a01fcb818d0f7ce0f7327807cdfe844cbf5981a1","hpt_safety_classifier"
"hpt_safety_classifier/hpt_safety_classifier_v3_20260715/train_predictions.csv","2067","ef8b93ea51461970ca6d66ca221ad3916e6d2ab54457fef0d951a0ecb917a9e0","hpt_safety_classifier"
"hpt_safety_classifier/hpt_safety_classifier_v3_20260715/val_predictions.csv","487","68f97589b50d9e1c8b79062a9e9df06b4cb25a8ed6546f01123934a6a9258cb9","hpt_safety_classifier"
"hpt_switch_rollouts/hpt_switch_dataset_20260715_183009/dataset.npz","3948","4b49fb66e38e79b99eef1315fb117a346b77cca3d1577a2589b9a76f8d21401b","hpt_switch_rollouts"
"hpt_switch_rollouts/hpt_switch_dataset_20260715_183009/manifest.json","1598","1b96604b0880e5553341a9fe5d23cd9a27896e7c7ca39ee1826af945c6b61571","hpt_switch_rollouts"
"hpt_switch_rollouts/hpt_switch_dataset_20260715_183009/metadata.json","6382","16d53f856985b214c29a4e0b0c5661f308087e1ee0b462d47a3ddf1c7312aad1","hpt_switch_rollouts"
"hpt_switch_rollouts/hpt_switch_dataset_with_fault_20260715/dataset.npz","4835","9c6e1eace97bb22f57563352fe38dc17ae67c4a2da598c4785edf2954c5f7381","hpt_switch_rollouts"
"hpt_switch_rollouts/hpt_switch_dataset_with_fault_20260715/manifest.json","2189","4d337379e2e429314df53408e13a24d2a504f2e48fe2fcd6df19ef7d598c286a","hpt_switch_rollouts"
"hpt_switch_rollouts/hpt_switch_dataset_with_fault_20260715/metadata.json","7307","907e41bc050f71549a68d69c0c74e9e31750aed02f8fd6253f66cae41037f2af","hpt_switch_rollouts"
"hpt_switch_rollouts/hpt_switch_dataset_with_fault_20260715/row_meta.json","20835","9978a086a17c9b48a2fe1893643939e609732e71a09563cb00028b19526a3647","hpt_switch_rollouts"
"models/hpt_voltage_sac_bc_step4_corrected.json","1580","dc6d4ed0db8eec8e2e6208a874ee28dc266aec7c1728e90efe0767b8701b7dd1","models"
"models/hpt_voltage_sac_bc_step4_corrected.zip","6190359","369ba0519dee03295716dd6a226b90d7233634b0b1b8717dff1f9f2f25055160","models"
"models/hpt_voltage_sac_bc_step4_feedback.json","1431","9a4ad8dad102004b3158ad0149e8976a4cd787a612134056de771dbbf07459c8","models"
"models/hpt_voltage_sac_bc_step4_feedback.zip","6190359","a7ece2857cb854b21bb79ea4125633a3fde003d01b0cdac231af2a3bfef6b891","models"
"models/hpt_voltage_sac_bc_step4_local_top1_11000.zip","6188839","6643d5457b90438224cafce464026dcf521f4ca7529fe0576c6f7b38e3622eea","models"
"models/hpt_voltage_sac_bc_step4_teacher.json","1378","7f6085898b46cbd9f37179b7205eb9d02f17dc5366f045587c79c8812b171570","models"
"models/hpt_voltage_sac_bc_step4_teacher.zip","6190359","0335717aff1081039366e0c2c53e21b0f6d1bf3fa5ec84724391244224f871de","models"
"models/hpt_voltage_sac_bc_step4_teacher_scaled.json","1408","bba7fb9cffd895b81d684d32a5dd75d029b286c060770be3f8eb2dd76595ff47","models"
"models/hpt_voltage_sac_bc_step4_teacher_scaled.zip","6190359","7c8098c20594d6758209e53842db7817f40fb82d7a3cfa2df5950ec2a5da9ad6","models"
"models/hpt_voltage_sac_bc_step4_topology_split.json","1613","a5a53edf5b79af0a98124f7203140004ca29283a9f2e649c060a1ac1b58b040c","models"
"models/hpt_voltage_sac_bc_step4_topology_split.zip","6190359","ca0cb8f7f6ddc43bef9e306eff16240abd85f350f0b0b4cf88c126e092fd1f89","models"
"models/hpt_voltage_sac_bc_step4_topology_split_corrected.json","1738","8c30172cacaa56a1db880b07e208b5abd2920665537560fccde1a89036f789a3","models"
"models/hpt_voltage_sac_bc_step4_topology_split_corrected.zip","6190359","24679d044395eb950ee7e2991154a2605478a43830885efacde7f4020bb66257","models"
"models/hpt_voltage_sac_bc_step4_topology_split_corrected2.json","1759","39789d2841fa660243aaaca749f4021d2560857daa1d4d3621a8565773286acf","models"
"models/hpt_voltage_sac_bc_step4_topology_split_corrected2.zip","6190359","889274d71c3b799389887b139f0433b837647a10fce8aaf80ba37e3368843316","models"
"models/hpt_voltage_sac_guard_teacher_expanded_bc_v0.json","1846","ebb68ddc9c54f88e69ab6a6fee312eecff6c6451aec9055101e217cc9e338517","models"
"models/hpt_voltage_sac_guard_teacher_expanded_bc_v0.zip","6190359","f672e7a78191c368bffb57a8d4f20841d8a74ef05485eed655efa01970739267","models"
"models/hpt_voltage_sac_steady_step4_30k.json","1740","a912890d61b1ad685b28a848c4d8d81284404483fba600cdeff4fb8e5f913264","models"
"models/hpt_voltage_sac_steady_step4_30k.zip","6190532","59c4a727462281d9245a1a3569db5c83dc13ba9d1d579afdd215380110340b7f","models"
"models/hpt_voltage_sac_support_all_20k.json","1898","e4eeee066908a7548f6b5526af244178e82e2c377a7dbe21992a50e33a298ac9","models"
"models/hpt_voltage_sac_support_all_20k.zip","6190532","4e6eca7c18c3613ad22258e08fd944e4a5e50ba6f4985c4f5258aba1ff7f74b1","models"
"models/hpt_voltage_sac_support_energy_limited_20k.json","1930","250621e9e01d72d60d6d3f2945c8307cd724d528613e9c60ab0c01b327d255d1","models"
"models/hpt_voltage_sac_support_energy_limited_20k.zip","6190536","fb771200367d61cc162467d4f229f73c7d2cb9b446f42f9ba2141cadf172e7d1","models"
"models/hpt_voltage_sac_support_smoke.json","1762","2fb414ff12b2c5b398282251ae5b21fcc2cbc15d69983a2018d06a46a3f05e9f","models"
"models/hpt_voltage_sac_support_smoke.zip","6189757","60c7298dd7bfb580b13fdb8c921d7bac110ee54b1b59325449fc952d8ce6445f","models"
"models/hpt_voltage_sac_support_terminal_20k.json","1914","09c452af5334489c3935febc4f1f63b08c80a3c99273de84021503265513036a","models"
"models/hpt_voltage_sac_support_terminal_20k.zip","6190534","1e0df64db9bdfdc0dc16ff82d23014f2a0338e4b015c69d02d9431a1af090cba","models"
"models/hpt_voltage_sac_switch_trace_bc_v0.json","2036","bd61a4c2ac119f5d3ed982819c968933bc68dc4f8764c8293d82327f1ffe8f5d","models"
"models/hpt_voltage_sac_switch_trace_bc_v0.zip","6190359","5613d1c07a9026b11f0fc366db6953dd4aac15d708ea61870e5c3a4add356bcd","models"
"models/hpt_voltage_sac_switch_trace_energy_full_v0.json","2290","edeacbe3066f9b3794fffb67c4954436006cb6e1e7fabe2fc62cf43a83b4849e","models"
"models/hpt_voltage_sac_switch_trace_energy_full_v0.zip","2819570","73cc590f0215312d5b35858cbc0d5d9de479f0a8e00eeff138d3e59ce3480aef","models"
"models/hpt_voltage_sac_switch_trace_phase_bc_v0.json","2139","27409b52ff607338f4284e7b88804a0b9a58bf8f5a3b939c094a785f5234b112","models"
"models/hpt_voltage_sac_switch_trace_phase_bc_v0.zip","6190359","3b01933cb9b5d1c193e3ec7d5a8f68c1305c21007ce6f6e7181b8b8def0a6393","models"
"models/hpt_voltage_sac_topology_context_step4_60k.json","1768","81763ed7a634f3aebee791ef744dd8c6748cf6c14ea6cb6a0870daf6c722a9d7","models"
"models/hpt_voltage_sac_topology_context_step4_60k.zip","6191048","d171490bf9ae7b80f4772ada8debd09d190f1556d2109e16a7a1932084a1cbd9","models"
"models/hpt_voltage_sac_topology_context_step4_finetune_30k.json","1866","56d5a15a76fef935797b19fe2b9f6a631511bd2be1e00a236d0db9c6c9669387","models"
"models/hpt_voltage_sac_topology_context_step4_finetune_30k.zip","6191374","d08decb48ca5342714ee2ec9af5c25f0051444082ed3fe5f21152da9cd136705","models"
